Date,AALI.JK,BISI.JK,CPIN.JK,JPFA.JK,ICBP.JK,INDF.JK,^JKSE
2023-01-02,6741.8466796875,1368.67041015625,5175.3720703125,1113.41796875,9194.427734375,5791.74462890625,6850.98388671875
2023-01-03,6888.40869140625,1372.9609375,5266.56787109375,1130.0361328125,9217.0751953125,5770.373046875,6888.7578125
2023-01-04,6804.6591796875,1360.0894775390625,5175.3720703125,1138.3453369140625,9149.1357421875,5855.8603515625,6813.23876953125
2023-01-05,6637.15966796875,1334.346435546875,5334.96435546875,1125.881591796875,9262.3662109375,5855.8603515625,6653.8408203125
2023-01-06,6699.97216796875,1330.0557861328125,5471.75927734375,1146.654296875,9217.0751953125,5941.34716796875,6684.55810546875
2023-01-09,6720.9091796875,1317.184326171875,5699.7490234375,1142.4998779296875,9239.720703125,5941.34716796875,6688.26513671875
2023-01-10,6699.97216796875,1317.184326171875,5699.7490234375,1130.0361328125,9239.720703125,5706.25830078125,6622.4990234375
2023-01-11,6637.15966796875,1317.184326171875,5676.9501953125,1130.0361328125,9534.1240234375,5706.25830078125,6584.453125
2023-01-12,6679.0341796875,1317.184326171875,5676.9501953125,1092.6453857421875,9466.1845703125,5663.51416015625,6629.93408203125
2023-01-13,6637.15966796875,1304.3128662109375,5654.15087890625,1105.10888671875,9466.1845703125,5727.6298828125,6641.830078125
2023-01-16,6699.97216796875,1312.8939208984375,5631.35205078125,1092.6453857421875,9420.8916015625,5727.6298828125,6688.05712890625
2023-01-17,6720.9091796875,1351.50830078125,5585.75390625,1092.6453857421875,9375.599609375,5834.48828125,6767.33984375
2023-01-18,6783.72216796875,1355.799072265625,5585.75390625,1071.87255859375,9488.8310546875,5941.34716796875,6765.7861328125
2023-01-19,6804.6591796875,1355.799072265625,5517.35693359375,1076.027099609375,9511.4775390625,5877.2314453125,6819.9072265625
2023-01-20,6762.78369140625,1360.0894775390625,5426.16162109375,1088.49072265625,9511.4775390625,5877.2314453125,6874.93115234375
2023-01-24,6762.78369140625,1364.3800048828125,5448.96044921875,1092.6453857421875,9420.8916015625,5919.9755859375,6860.85400390625
2023-01-25,6783.72216796875,1364.3800048828125,5357.763671875,1092.6453857421875,9443.5390625,5813.11669921875,6829.93017578125
2023-01-26,6846.5341796875,1364.3800048828125,5426.16162109375,1117.572509765625,9126.4892578125,5727.6298828125,6864.81787109375
2023-01-27,6846.5341796875,1360.0894775390625,5334.96435546875,1113.41796875,9058.5498046875,5727.6298828125,6898.98095703125
2023-01-30,6804.6591796875,1351.50830078125,5357.763671875,1117.572509765625,9149.1357421875,5813.11669921875,6872.48095703125
2023-01-31,6888.40869140625,1351.50830078125,5312.166015625,1121.7271728515625,9149.1357421875,5749.001953125,6839.341796875
2023-02-01,6867.470703125,1364.3800048828125,5357.763671875,1113.41796875,9398.24609375,5684.8857421875,6862.2578125
2023-02-02,6909.345703125,1424.447021484375,5289.3671875,1125.881591796875,9285.0146484375,5642.142578125,6890.57177734375
2023-02-03,6825.5966796875,1480.2235107421875,5312.166015625,1134.1907958984375,9488.8310546875,5727.6298828125,6911.73193359375
2023-02-06,6846.5341796875,1441.60888671875,5289.3671875,1138.3453369140625,9307.66015625,5706.25830078125,6873.791015625
2023-02-07,6804.6591796875,1454.4805908203125,5334.96435546875,1134.1907958984375,9307.66015625,5706.25830078125,6935.30078125
2023-02-08,6867.470703125,1454.4805908203125,5243.76904296875,1142.4998779296875,9352.9521484375,5813.11669921875,6940.1240234375
2023-02-09,6825.5966796875,1454.4805908203125,5289.3671875,1117.572509765625,9330.306640625,5791.74462890625,6897.365234375
2023-02-10,6867.470703125,1454.4805908203125,5334.96435546875,1130.0361328125,9330.306640625,5898.603515625,6880.3291015625
2023-02-13,6846.5341796875,1445.8994140625,5243.76904296875,1117.572509765625,9307.66015625,5749.001953125,6900.14013671875
2023-02-14,6804.6591796875,1458.77099609375,5312.166015625,1117.572509765625,9330.306640625,5770.373046875,6941.85498046875
2023-02-15,6846.5341796875,1540.29052734375,5312.166015625,1096.7999267578125,9330.306640625,5706.25830078125,6914.5380859375
2023-02-16,7014.03271484375,1536.0,5289.3671875,1092.6453857421875,9239.720703125,5642.142578125,6895.6640625
2023-02-17,7014.03271484375,1505.966552734375,5289.3671875,1096.7999267578125,9375.599609375,5642.142578125,6895.7138671875
2023-02-20,7014.03271484375,1497.385498046875,5380.5625,1105.10888671875,9375.599609375,5663.51416015625,6894.716796875
2023-02-21,6930.28369140625,1505.966552734375,5334.96435546875,1096.7999267578125,9330.306640625,5578.02734375,6873.40478515625
2023-02-22,6972.15771484375,1510.2569580078125,5220.97021484375,1100.9544677734375,9262.3662109375,5642.142578125,6809.9677734375
2023-02-23,6930.28369140625,1501.676025390625,5198.1708984375,1109.263427734375,9262.3662109375,5620.7705078125,6839.4541015625
2023-02-24,7014.03271484375,1480.2235107421875,5129.7744140625,1088.49072265625,9217.0751953125,5620.7705078125,6856.576171875
2023-02-27,7014.03271484375,1467.3519287109375,5129.7744140625,1088.49072265625,9103.8427734375,5642.142578125,6854.77685546875
2023-02-28,6951.2216796875,1454.4805908203125,4901.7841796875,1117.572509765625,9171.78125,5535.2841796875,6843.23876953125
2023-03-01,7014.03271484375,1471.642578125,5106.97509765625,1100.9544677734375,8967.96484375,5364.31005859375,6844.93603515625
2023-03-02,7014.03271484375,1445.8994140625,4947.3818359375,1071.87255859375,8922.671875,5342.93798828125,6857.4150390625
2023-03-03,6993.09619140625,1437.3184814453125,4810.587890625,1063.5633544921875,8809.4404296875,5364.31005859375,6813.63623046875
2023-03-06,6951.2216796875,1441.60888671875,4787.7890625,1038.63623046875,8832.0859375,5342.93798828125,6807.0009765625
2023-03-07,6825.5966796875,1450.1900634765625,4673.79443359375,1042.790771484375,9035.904296875,5342.93798828125,6766.7578125
2023-03-08,6720.9091796875,1501.676025390625,4742.19091796875,1013.7089233398438,8877.37890625,5257.45166015625,6776.3701171875
2023-03-09,6741.8466796875,1493.0950927734375,4582.59765625,1013.7089233398438,8877.37890625,5257.45166015625,6799.794921875
2023-03-10,6783.72216796875,1493.0950927734375,4541.56005859375,1022.0179443359375,8832.0859375,5236.0791015625,6765.3017578125
2023-03-13,6804.6591796875,1480.2235107421875,4550.68017578125,984.6270751953125,8741.5009765625,5236.0791015625,6786.955078125
2023-03-14,6699.97216796875,1484.5140380859375,4514.201171875,984.6270751953125,8741.5009765625,5278.8232421875,6641.81396484375
2023-03-15,6658.09716796875,1497.385498046875,4559.798828125,959.699951171875,8447.09765625,5214.70751953125,6628.13720703125
2023-03-16,6595.28466796875,1441.60888671875,4377.40771484375,897.3816528320312,8515.037109375,5257.45166015625,6565.72802734375
2023-03-17,6595.28466796875,1454.4805908203125,4532.4404296875,934.7725219726562,8650.9150390625,5236.0791015625,6678.23681640625
2023-03-20,6595.28466796875,1467.3519287109375,4486.8427734375,922.3088989257812,8718.8544921875,5300.1943359375,6612.490234375
2023-03-21,6616.22216796875,1467.3519287109375,4532.4404296875,909.8453979492188,8786.79296875,5236.0791015625,6691.61083984375
2023-03-24,6658.09716796875,1458.77099609375,4673.79443359375,943.0816650390625,9035.904296875,5407.05322265625,6762.25390625
2023-03-27,6762.78369140625,1445.8994140625,4559.798828125,963.8543701171875,9035.904296875,5449.79638671875,6708.93310546875
2023-03-28,6699.97216796875,1463.0615234375,4628.19677734375,972.1634521484375,9149.1357421875,5449.79638671875,6760.328125
2023-03-29,6783.72216796875,1467.3519287109375,4650.99560546875,959.699951171875,9035.904296875,5428.42529296875,6839.43603515625
2023-03-30,6783.72216796875,1467.3519287109375,4628.19677734375,955.5452880859375,8945.3173828125,5471.16845703125,6808.951171875
2023-03-31,6783.72216796875,1463.0615234375,4550.68017578125,934.7725219726562,9035.904296875,5300.1943359375,6805.27685546875
2023-04-03,6951.2216796875,1471.642578125,4395.64599609375,934.7725219726562,9035.904296875,5278.8232421875,6827.1748046875
2023-04-04,6930.28369140625,1471.642578125,4295.33056640625,930.6180419921875,9239.720703125,5428.42529296875,6833.17822265625
2023-04-05,6867.470703125,1458.77099609375,4158.537109375,918.154296875,9171.78125,5364.31005859375,6819.6748046875
2023-04-06,6888.40869140625,1450.1900634765625,4030.86279296875,918.154296875,9126.4892578125,5342.93798828125,6792.76513671875
2023-04-10,6972.15771484375,1458.77099609375,4131.17822265625,934.7725219726562,9126.4892578125,5407.05322265625,6771.23486328125
2023-04-11,6930.28369140625,1454.4805908203125,4085.580078125,922.3088989257812,9239.720703125,5428.42529296875,6811.31396484375
2023-04-12,6867.470703125,1428.737548828125,4094.699951171875,913.9999389648438,9103.8427734375,5364.31005859375,6798.9638671875
2023-04-13,6818.6728515625,1415.865966796875,4131.17822265625,905.6907958984375,9285.0146484375,5364.31005859375,6785.59814453125
2023-04-14,6840.4580078125,1415.865966796875,4094.699951171875,909.8453979492188,9285.0146484375,5385.681640625,6818.57421875
2023-04-17,6840.4580078125,1441.60888671875,4140.2978515625,931.6119384765625,9262.3662109375,5407.05322265625,6787.58203125
2023-04-18,6862.2431640625,1441.60888671875,4049.101806640625,927.2586059570312,9239.720703125,5428.42529296875,6821.80712890625
2023-04-26,6687.9638671875,1441.60888671875,4149.4169921875,935.9652709960938,9239.720703125,5556.65576171875,6910.14697265625
2023-04-27,6666.17822265625,1441.60888671875,4222.37353515625,922.9053344726562,9285.0146484375,5492.54052734375,6945.47705078125
2023-04-28,6731.53369140625,1441.60888671875,4185.8955078125,905.491943359375,9579.4169921875,5513.912109375,6915.7158203125
2023-05-02,6709.74853515625,1342.927490234375,4222.37353515625,909.8453369140625,9420.8916015625,5556.65576171875,6863.3017578125
2023-05-03,6687.9638671875,1287.15087890625,4331.80908203125,935.9652709960938,9737.94140625,5684.8857421875,6812.72216796875
2023-05-04,6579.03955078125,1317.184326171875,4386.52734375,966.4385375976562,9783.234375,5663.51416015625,6844.02685546875
2023-05-05,6535.46923828125,1355.799072265625,4368.28759765625,944.6719360351562,9851.1728515625,5727.6298828125,6787.630859375
2023-05-08,6622.609375,1308.603515625,4267.97216796875,922.9053344726562,9987.05078125,5877.2314453125,6769.630859375
2023-05-09,6644.39404296875,1312.8939208984375,4267.97216796875,922.9053344726562,9964.4052734375,5834.48828125,6779.97998046875
2023-05-10,6687.9638671875,1312.8939208984375,4267.97216796875,927.2586059570312,9873.8203125,5898.603515625,6811.90478515625
2023-05-11,6644.39404296875,1300.0223388671875,4277.091796875,949.0252685546875,9941.7587890625,5813.11669921875,6755.93798828125
2023-05-12,6622.609375,1334.346435546875,4322.689453125,966.4385375976562,9851.1728515625,5749.001953125,6707.76318359375
2023-05-15,6622.609375,1330.0557861328125,4582.59765625,1023.0317993164062,9964.4052734375,5749.001953125,6711.740234375
2023-05-16,6513.6845703125,1312.8939208984375,4541.56005859375,1014.3250732421875,9964.4052734375,5834.48828125,6676.56396484375
2023-05-17,6426.54443359375,1330.0557861328125,4559.798828125,1023.0317993164062,9964.4052734375,5813.11669921875,6663.11376953125
2023-05-19,6448.32958984375,1321.4749755859375,4532.4404296875,1018.6784057617188,9919.111328125,5941.34716796875,6700.56103515625
2023-05-22,6448.32958984375,1338.636962890625,4628.19677734375,1057.8583984375,9964.4052734375,5898.603515625,6729.64697265625
2023-05-23,6535.46923828125,1351.50830078125,4523.3212890625,1036.091796875,10122.9296875,5941.34716796875,6736.68408203125
2023-05-24,6535.46923828125,1372.9609375,4650.99560546875,1053.505126953125,10145.5751953125,5941.34716796875,6745.80419921875
2023-05-25,6491.900390625,1372.9609375,4650.99560546875,1075.271728515625,10145.5751953125,6069.57763671875,6704.23095703125
2023-05-26,6404.7607421875,1372.9609375,4719.39208984375,1110.0982666015625,10145.5751953125,6155.06494140625,6687.0009765625
2023-05-29,6404.7607421875,1372.9609375,4787.7890625,1101.391845703125,10122.9296875,6155.06494140625,6681.10205078125
2023-05-30,6426.54443359375,1368.67041015625,4523.3212890625,1031.7384033203125,10145.5751953125,6112.32080078125,6636.4228515625
2023-05-31,6143.34130859375,1394.4134521484375,4514.201171875,1040.4451904296875,10598.50390625,6069.57763671875,6633.26123046875
2023-06-05,6143.34130859375,1441.879150390625,4468.60302734375,1027.3851318359375,10462.6259765625,6197.80810546875,6633.43701171875
2023-06-06,6165.12646484375,1441.879150390625,4468.60302734375,1023.0317993164062,10236.1611328125,6304.66650390625,6618.9228515625
2023-06-07,6143.34130859375,1441.879150390625,4541.56005859375,1053.505126953125,10236.1611328125,6368.7822265625,6619.7548828125
2023-06-08,6317.62109375,1450.834716796875,4559.798828125,1049.15185546875,10236.1611328125,6347.41015625,6666.330078125
2023-06-09,6382.974609375,1509.04736328125,4582.59765625,1062.2117919921875,10304.1005859375,6347.41015625,6694.02392578125
2023-06-12,6491.900390625,1482.1800537109375,4650.99560546875,1092.68505859375,10236.1611328125,6368.7822265625,6722.373046875
2023-06-13,6404.7607421875,1486.6578369140625,4582.59765625,1066.5650634765625,10190.869140625,6283.294921875,6719.01416015625
2023-06-14,6426.54443359375,1482.1800537109375,4628.19677734375,1066.5650634765625,10236.1611328125,6347.41015625,6699.716796875
2023-06-15,6513.6845703125,1464.2684326171875,4650.99560546875,1079.6251220703125,10258.80859375,6368.7822265625,6713.794921875
2023-06-16,6600.82421875,1464.2684326171875,4742.19091796875,1079.6251220703125,10145.5751953125,6219.18017578125,6698.546875
2023-06-19,6622.609375,1473.2242431640625,4742.19091796875,1075.271728515625,10190.869140625,6326.03857421875,6686.05908203125
2023-06-20,6579.03955078125,1473.2242431640625,4764.990234375,1066.5650634765625,10145.5751953125,6112.32080078125,6660.455078125
2023-06-21,6622.609375,1415.01171875,4764.990234375,1097.038330078125,10258.80859375,6304.66650390625,6702.625
2023-06-22,6622.609375,1473.2242431640625,4696.59375,1114.45166015625,10122.9296875,6176.4365234375,6652.26123046875
2023-06-23,6579.03955078125,1482.1800537109375,4742.19091796875,1153.6314697265625,10122.9296875,6240.5517578125,6639.73291015625
2023-06-26,6513.6845703125,1482.1800537109375,4764.990234375,1131.864990234375,10258.80859375,6261.92333984375,6664.66796875
2023-06-27,6513.6845703125,1477.7021484375,4810.587890625,1166.6915283203125,10258.80859375,6283.294921875,6661.87890625
2023-07-03,6622.609375,1437.401123046875,4947.3818359375,1205.8714599609375,10485.2705078125,6197.80810546875,6696.7158203125
2023-07-04,6622.609375,1437.401123046875,5015.77978515625,1227.63818359375,10394.6865234375,6304.66650390625,6681.75390625
2023-07-05,6644.39404296875,1423.967529296875,5015.77978515625,1197.1649169921875,10372.0400390625,6347.41015625,6718.97705078125
2023-07-06,6687.9638671875,1423.967529296875,4901.7841796875,1197.1649169921875,10326.7470703125,6368.7822265625,6757.3310546875
2023-07-07,6753.318359375,1437.401123046875,4901.7841796875,1201.5181884765625,10384.7724609375,6441.38623046875,6716.458984375
2023-07-10,6840.4580078125,1437.401123046875,4901.7841796875,1179.7515869140625,10430.8251953125,6419.2509765625,6731.0380859375
2023-07-11,6905.81201171875,1437.401123046875,4992.97998046875,1179.7515869140625,10615.033203125,6463.52197265625,6796.923828125
2023-07-12,6927.59765625,1432.92333984375,4970.18115234375,1171.044921875,10730.1640625,6552.06298828125,6808.208984375
2023-07-13,6884.0283203125,1419.4896240234375,4924.5830078125,1188.458251953125,10776.216796875,6596.33349609375,6810.212890625
2023-07-14,6927.59765625,1437.401123046875,4992.97998046875,1197.1649169921875,10845.294921875,6596.33349609375,6869.57177734375
2023-07-17,6840.4580078125,1419.4896240234375,4947.3818359375,1201.5181884765625,10730.1640625,6463.52197265625,6867.14404296875
2023-07-18,6818.6728515625,1419.4896240234375,4856.18603515625,1192.8115234375,10822.2685546875,6507.7919921875,6830.203125
2023-07-20,6818.6728515625,1419.4896240234375,4742.19091796875,1184.10498046875,10568.982421875,6485.6572265625,6864.18896484375
2023-07-21,6971.16796875,1397.1002197265625,4719.39208984375,1144.925048828125,10592.0078125,6485.6572265625,6880.8017578125
2023-07-24,7080.091796875,1392.622314453125,4628.19677734375,1131.864990234375,10615.033203125,6441.38623046875,6899.39599609375
2023-07-25,7101.876953125,1392.622314453125,4559.798828125,1127.5115966796875,10338.7216796875,6352.84521484375,6917.7109375
2023-07-26,7101.876953125,1392.622314453125,4559.798828125,1110.0982666015625,10292.66796875,6352.84521484375,6948.27880859375
2023-07-27,6971.16796875,1410.5338134765625,4541.56005859375,1097.038330078125,10292.66796875,6419.2509765625,6896.6630859375
2023-07-28,6709.74853515625,1379.188720703125,4523.3212890625,1114.45166015625,10315.6943359375,6485.6572265625,6900.22998046875
2023-07-31,6600.82421875,1352.3212890625,4719.39208984375,1162.3382568359375,10315.6943359375,6485.6572265625,6931.35888671875
2023-08-01,6579.03955078125,1316.498291015625,4742.19091796875,1105.7449951171875,10200.564453125,6197.8974609375,6886.49609375
2023-08-02,6709.74853515625,1343.3656005859375,4650.99560546875,1079.6251220703125,10292.66796875,6242.16796875,6854.509765625
2023-08-03,6709.74853515625,1235.896240234375,4628.19677734375,1088.331787109375,10315.6943359375,6242.16796875,6898.0771484375
2023-08-04,6709.74853515625,1271.719482421875,4582.59765625,1083.9783935546875,10361.74609375,6242.16796875,6852.841796875
2023-08-07,6753.318359375,1249.3299560546875,4650.99560546875,1083.9783935546875,10246.6162109375,6264.3037109375,6886.3662109375
2023-08-08,6666.17822265625,1235.896240234375,4673.79443359375,1127.5115966796875,10269.642578125,6197.8974609375,6868.81298828125
2023-08-09,6622.609375,1253.807861328125,4833.38720703125,1192.8115234375,10223.58984375,6175.76220703125,6875.11181640625
2023-08-10,6775.10302734375,1267.2415771484375,4787.7890625,1166.6915283203125,10545.9560546875,6264.3037109375,6893.27587890625
2023-08-11,6731.53369140625,1262.7635498046875,4787.7890625,1192.8115234375,10568.982421875,6242.16796875,6879.97900390625
2023-08-14,6731.53369140625,1267.2415771484375,4856.18603515625,1201.5181884765625,10499.9033203125,6242.16796875,6910.171875
2023-08-15,6709.74853515625,1253.807861328125,4856.18603515625,1184.10498046875,10568.982421875,6197.8974609375,6915.10107421875
2023-08-16,6709.74853515625,1253.807861328125,4810.587890625,1192.8115234375,10753.1904296875,6286.4384765625,6900.5380859375
2023-08-18,6731.53369140625,1379.188720703125,4764.990234375,1166.6915283203125,10776.216796875,6242.16796875,6859.912109375
2023-08-21,6644.39404296875,1356.7991943359375,4764.990234375,1153.6314697265625,10753.1904296875,6197.8974609375,6866.033203125
2023-08-22,6644.39404296875,1365.755126953125,4742.19091796875,1136.2183837890625,10615.033203125,6197.8974609375,6916.4501953125
2023-08-23,6687.9638671875,1383.6666259765625,4673.79443359375,1136.2183837890625,10592.0078125,6264.3037109375,6921.41015625
2023-08-24,6666.17822265625,1397.1002197265625,4673.79443359375,1140.5716552734375,10453.8515625,6220.03271484375,6899.39208984375
2023-08-25,6644.39404296875,1379.188720703125,4696.59375,1153.6314697265625,10522.9287109375,6308.57373046875,6895.44287109375
2023-08-28,6687.9638671875,1392.622314453125,4764.990234375,1171.044921875,10407.798828125,6286.4384765625,6921.72705078125
2023-08-29,6687.9638671875,1388.144287109375,4856.18603515625,1144.925048828125,10476.876953125,6330.70947265625,6957.8349609375
2023-08-30,6622.609375,1388.144287109375,4742.19091796875,1131.864990234375,10361.74609375,6242.16796875,6966.65576171875
2023-08-31,6622.609375,1388.144287109375,4719.39208984375,1123.1583251953125,10315.6943359375,6286.4384765625,6953.259765625
2023-09-01,6666.17822265625,1379.188720703125,4673.79443359375,1131.864990234375,10315.6943359375,6197.8974609375,6977.65380859375
2023-09-04,6666.17822265625,1370.23291015625,4559.798828125,1097.038330078125,10315.6943359375,6109.35595703125,6996.75
2023-09-05,6687.9638671875,1383.6666259765625,4582.59765625,1075.271728515625,10292.66796875,6065.08544921875,6991.7080078125
2023-09-06,6666.17822265625,1365.755126953125,4559.798828125,1083.9783935546875,10177.5380859375,6087.22021484375,6995.953125
2023-09-07,6579.03955078125,1388.144287109375,4582.59765625,1062.2117919921875,10315.6943359375,6153.626953125,6954.80810546875
2023-09-08,6491.900390625,1365.755126953125,4477.72314453125,1075.271728515625,10246.6162109375,6131.49169921875,6924.77978515625
2023-09-11,6513.6845703125,1356.7991943359375,4559.798828125,1097.038330078125,10292.66796875,6153.626953125,6963.39306640625
2023-09-12,6470.11474609375,1374.710693359375,4550.68017578125,1088.331787109375,10315.6943359375,6065.08544921875,6933.96923828125
2023-09-13,6491.900390625,1374.710693359375,4559.798828125,1079.6251220703125,10315.6943359375,6109.35595703125,6935.47607421875
2023-09-14,6513.6845703125,1388.144287109375,4582.59765625,1057.8583984375,10131.4853515625,5932.2734375,6959.3330078125
2023-09-15,6600.82421875,1397.1002197265625,4628.19677734375,1049.15185546875,10108.4599609375,5976.5439453125,6982.791015625
2023-09-18,6557.25439453125,1401.578125,4514.201171875,1027.3851318359375,9993.3291015625,5843.73193359375,6936.0830078125
2023-09-19,6470.11474609375,1401.578125,4468.60302734375,1023.0317993164062,9970.3037109375,5910.13818359375,6980.32080078125
2023-09-20,6448.32958984375,1419.4896240234375,4477.72314453125,1018.6784057617188,9993.3291015625,6020.814453125,7011.68115234375
2023-09-21,6448.32958984375,1423.967529296875,4514.201171875,1027.3851318359375,10315.6943359375,5932.2734375,6991.4658203125
2023-09-22,6579.03955078125,1423.967529296875,4532.4404296875,1062.2117919921875,10453.8515625,5998.67919921875,7016.84423828125
2023-09-25,6753.318359375,1432.92333984375,4532.4404296875,1088.331787109375,10361.74609375,5998.67919921875,6998.380859375
2023-09-26,6600.82421875,1446.35693359375,4901.7841796875,1162.3382568359375,10292.66796875,5932.2734375,6923.7998046875
2023-09-27,6600.82421875,1459.7906494140625,4901.7841796875,1127.5115966796875,10131.4853515625,5976.5439453125,6937.828125
2023-09-29,6535.46923828125,1468.746337890625,4947.3818359375,1118.8050537109375,10200.564453125,5865.8671875,6939.89208984375
2023-10-02,6535.46923828125,1450.834716796875,4947.3818359375,1131.864990234375,10223.58984375,5976.5439453125,6961.458984375
2023-10-03,6491.900390625,1432.92333984375,5038.578125,1149.2783203125,10085.43359375,5954.40869140625,6940.88720703125
2023-10-04,6426.54443359375,1423.967529296875,4970.18115234375,1144.925048828125,10315.6943359375,5976.5439453125,6886.576171875
2023-10-05,6404.7607421875,1428.4454345703125,5129.7744140625,1179.7515869140625,10707.138671875,6087.22021484375,6874.826171875
2023-10-06,6404.7607421875,1419.4896240234375,5175.3720703125,1179.7515869140625,10592.0078125,6087.22021484375,6888.51806640625
2023-10-09,6410.9287109375,1423.967529296875,5084.17626953125,1140.5716552734375,10223.58984375,6065.08544921875,6891.455078125
2023-10-10,6499.05078125,1415.01171875,5061.376953125,1153.6314697265625,9993.3291015625,6020.814453125,6922.18798828125
2023-10-11,6477.02099609375,1415.01171875,4970.18115234375,1136.2183837890625,9855.1728515625,5976.5439453125,6931.7529296875
2023-10-12,6388.89794921875,1415.01171875,4650.99560546875,1105.7449951171875,10108.4599609375,5954.40869140625,6935.15087890625
2023-10-13,6388.89794921875,1415.01171875,4742.19091796875,1118.8050537109375,10016.3544921875,5932.2734375,6926.77978515625
2023-10-16,6344.83642578125,1423.967529296875,4742.19091796875,1105.7449951171875,10039.3818359375,5954.40869140625,6896.2919921875
2023-10-17,6344.83642578125,1406.0560302734375,4764.990234375,1088.331787109375,10039.3818359375,6065.08544921875,6939.615234375
2023-10-18,6168.59130859375,1419.4896240234375,4878.98486328125,1114.45166015625,9786.09375,6020.814453125,6927.90576171875
2023-10-19,6256.71337890625,1423.967529296875,4742.19091796875,1062.2117919921875,9601.8857421875,5976.5439453125,6846.4267578125
2023-10-20,6234.68310546875,1423.967529296875,4742.19091796875,1062.2117919921875,9763.0673828125,5910.13818359375,6849.16796875
2023-10-23,6212.65234375,1423.967529296875,4514.201171875,1040.4451904296875,9670.9638671875,5843.73193359375,6741.9638671875
2023-10-24,6256.71337890625,1419.4896240234375,4605.39697265625,1066.5650634765625,9947.27734375,5954.40869140625,6806.76220703125
2023-10-25,6190.6220703125,1423.967529296875,4787.7890625,1079.6251220703125,9624.9111328125,5976.5439453125,6834.38818359375
2023-10-26,6212.65234375,1419.4896240234375,4605.39697265625,1057.8583984375,9463.728515625,5976.5439453125,6714.51904296875
2023-10-27,6234.68310546875,1419.4896240234375,4970.18115234375,1066.5650634765625,9693.9892578125,5976.5439453125,6758.79296875
2023-10-30,6168.59130859375,1415.01171875,4947.3818359375,1057.8583984375,9693.9892578125,5954.40869140625,6735.89208984375
2023-10-31,6212.65234375,1397.1002197265625,5289.3671875,1066.5650634765625,9532.806640625,5888.00244140625,6752.2109375
2023-11-01,6168.59130859375,1392.622314453125,4901.7841796875,1027.3851318359375,9555.8330078125,5888.00244140625,6642.41796875
2023-11-02,6212.65234375,1406.0560302734375,4901.7841796875,1044.7984619140625,9532.806640625,5733.05517578125,6751.38623046875
2023-11-03,6234.68310546875,1406.0560302734375,5015.77978515625,1057.8583984375,9624.9111328125,5644.513671875,6788.85009765625
2023-11-06,6234.68310546875,1410.5338134765625,4992.97998046875,1083.9783935546875,9647.9375,5622.37841796875,6878.8359375
2023-11-07,6190.6220703125,1406.0560302734375,5061.376953125,1062.2117919921875,9647.9375,5644.513671875,6843.7900390625
2023-11-08,6168.59130859375,1397.1002197265625,5175.3720703125,1049.15185546875,9647.9375,5622.37841796875,6804.10595703125
2023-11-09,6190.6220703125,1388.144287109375,5152.57373046875,1053.505126953125,9624.9111328125,5600.24267578125,6838.23291015625
2023-11-10,6168.59130859375,1397.1002197265625,5106.97509765625,1049.15185546875,9740.04296875,5600.24267578125,6809.26318359375
2023-11-13,6168.59130859375,1392.622314453125,5106.97509765625,1040.4451904296875,9555.8330078125,5710.919921875,6838.31201171875
2023-11-14,6190.6220703125,1401.578125,4992.97998046875,1057.8583984375,9624.9111328125,5644.513671875,6862.05517578125
2023-11-15,6190.6220703125,1406.0560302734375,4970.18115234375,1053.505126953125,9740.04296875,5688.78466796875,6958.205078125
2023-11-16,6190.6220703125,1401.578125,4924.5830078125,1049.15185546875,9740.04296875,5710.919921875,6958.0078125
2023-11-17,6190.6220703125,1401.578125,5110.41650390625,1053.505126953125,9647.9375,5688.78466796875,6977.66796875
2023-11-20,6190.6220703125,1370.23291015625,5017.49951171875,1040.4451904296875,9693.9892578125,5666.64892578125,6994.88818359375
2023-11-21,6190.6220703125,1388.144287109375,5017.49951171875,1031.7384033203125,9670.9638671875,5688.78466796875,6961.7900390625
2023-11-22,6168.59130859375,1374.710693359375,5063.9580078125,1057.8583984375,9670.9638671875,5622.37841796875,6906.953125
2023-11-23,6190.6220703125,1374.710693359375,5040.72900390625,1079.6251220703125,9717.015625,5622.37841796875,7004.34423828125
2023-11-24,6190.6220703125,1388.144287109375,4901.35400390625,1049.15185546875,9601.8857421875,5688.78466796875,7009.630859375
2023-11-27,6278.74462890625,1374.710693359375,4901.35400390625,1053.505126953125,9809.1201171875,5666.64892578125,7013.40576171875
2023-11-28,6366.86669921875,1343.3656005859375,4901.35400390625,1031.7384033203125,9809.1201171875,5644.513671875,7041.0732421875
2023-11-29,6322.806640625,1343.3656005859375,4692.29150390625,1023.0317993164062,9670.9638671875,5688.78466796875,7036.0869140625
2023-11-30,6697.32763671875,1338.8876953125,4831.6669921875,1023.0317993164062,10638.060546875,5688.78466796875,7080.7412109375
2023-12-01,6587.173828125,1343.3656005859375,4645.8330078125,1031.7384033203125,9693.9892578125,5600.24267578125,7059.90576171875
2023-12-04,6278.74462890625,1370.23291015625,4669.06201171875,1040.4451904296875,9670.9638671875,5622.37841796875,7093.60009765625
2023-12-05,6234.68310546875,1352.3212890625,4738.74951171875,1053.505126953125,9832.146484375,5733.05517578125,7100.85498046875
2023-12-06,6234.68310546875,1352.3212890625,4692.29150390625,1066.5650634765625,9809.1201171875,5755.19091796875,7087.39501953125
2023-12-07,6212.65234375,1352.3212890625,4627.25,1062.2117919921875,9809.1201171875,5710.919921875,7134.623046875
2023-12-08,6234.68310546875,1343.3656005859375,4669.06201171875,1053.505126953125,10108.4599609375,5666.64892578125,7159.59814453125
2023-12-11,6212.65234375,1356.7991943359375,4715.5205078125,1031.7384033203125,9693.9892578125,5644.513671875,7088.78515625
2023-12-12,6212.65234375,1356.7991943359375,4645.8330078125,1040.4451904296875,9786.09375,5688.78466796875,7125.30712890625
2023-12-13,6234.68310546875,1356.7991943359375,4692.29150390625,1044.7984619140625,9717.015625,5666.64892578125,7075.3408203125
2023-12-14,6212.65234375,1356.7991943359375,4761.97900390625,1049.15185546875,9740.04296875,5666.64892578125,7176.01611328125
2023-12-15,6212.65234375,1356.7991943359375,4645.8330078125,1036.091796875,9601.8857421875,5600.24267578125,7190.98779296875
2023-12-18,6190.6220703125,1356.7991943359375,4617.9580078125,1036.091796875,9763.0673828125,5555.97265625,7119.52490234375
2023-12-19,6234.68310546875,1347.843505859375,4715.5205078125,1040.4451904296875,9740.04296875,5600.24267578125,7187.84619140625
2023-12-20,6234.68310546875,1379.188720703125,4669.06201171875,1036.091796875,9740.04296875,5555.97265625,7219.6669921875
2023-12-21,6190.6220703125,1401.578125,4669.06201171875,1036.091796875,9717.015625,5555.97265625,7209.619140625
2023-12-22,6190.6220703125,1415.01171875,4645.8330078125,1040.4451904296875,9693.9892578125,5555.97265625,7237.51904296875
2023-12-27,6190.6220703125,1423.967529296875,4627.25,1036.091796875,9740.04296875,5622.37841796875,7245.916015625
2023-12-28,6212.65234375,1432.92333984375,4669.06201171875,1027.3851318359375,9809.1201171875,5710.919921875,7303.88818359375
2023-12-29,6190.6220703125,1432.92333984375,4669.06201171875,1027.3851318359375,9740.04296875,5710.919921875,7272.796875
2024-01-02,6256.71337890625,1473.2242431640625,4669.06201171875,1018.6784057617188,9809.1201171875,5710.919921875,7323.587890625
2024-01-03,6278.74462890625,1379.188720703125,4617.9580078125,1009.9718017578125,9786.09375,5666.64892578125,7279.0908203125
2024-01-04,6300.775390625,1383.6666259765625,4608.66650390625,983.8519287109375,10177.5380859375,5710.919921875,7359.76318359375
2024-01-05,6256.71337890625,1388.144287109375,4599.37451171875,988.2052001953125,9878.1982421875,5710.919921875,7350.619140625
2024-01-08,6278.74462890625,1379.188720703125,4571.49951171875,992.5585327148438,9901.224609375,5666.64892578125,7283.5751953125
2024-01-09,6278.74462890625,1365.755126953125,4478.58349609375,979.4984741210938,10154.51171875,5644.513671875,7200.203125
2024-01-10,6300.775390625,1370.23291015625,4432.125,975.1451416015625,10453.8515625,5622.37841796875,7227.296875
2024-01-11,6300.775390625,1379.188720703125,4329.916015625,966.4385375976562,10246.6162109375,5622.37841796875,7219.9638671875
2024-01-12,6278.74462890625,1379.188720703125,4348.49951171875,957.7319946289062,10292.66796875,5644.513671875,7241.13818359375
2024-01-15,6322.806640625,1388.144287109375,4394.9580078125,970.7918701171875,10246.6162109375,5710.919921875,7224.0009765625
2024-01-16,6300.775390625,1388.144287109375,4394.9580078125,983.8519287109375,10200.564453125,5710.919921875,7242.787109375
2024-01-17,6300.775390625,1370.23291015625,4394.9580078125,975.1451416015625,10246.6162109375,5666.64892578125,7200.634765625
2024-01-18,6212.65234375,1365.755126953125,4348.49951171875,966.4385375976562,10384.7724609375,5644.513671875,7252.966796875
2024-01-19,6212.65234375,1370.23291015625,4302.04150390625,979.4984741210938,10638.060546875,5710.919921875,7227.40185546875
2024-01-22,6190.6220703125,1370.23291015625,4237.0,953.3786010742188,10499.9033203125,5688.78466796875,7247.92822265625
2024-01-23,6168.59130859375,1347.843505859375,4227.7080078125,940.318603515625,10476.876953125,5666.64892578125,7256.22900390625
2024-01-24,6146.560546875,1365.755126953125,4274.16650390625,927.2586059570312,10499.9033203125,5710.919921875,7227.8232421875
2024-01-25,6146.560546875,1365.755126953125,4264.87451171875,940.318603515625,10499.9033203125,5666.64892578125,7178.0419921875
2024-01-26,6168.59130859375,1338.8876953125,4181.24951171875,935.9652709960938,10545.9560546875,5688.78466796875,7137.087890625
2024-01-29,6146.560546875,1356.7991943359375,4227.7080078125,927.2586059570312,10499.9033203125,5688.78466796875,7157.1748046875
2024-01-30,6080.46826171875,1361.277099609375,4209.125,922.9053344726562,10338.7216796875,5666.64892578125,7192.2158203125
2024-01-31,6080.46826171875,1370.23291015625,4162.66650390625,922.9053344726562,10845.294921875,5644.513671875,7207.94091796875
2024-02-01,6058.43798828125,1410.5338134765625,4125.5,927.2586059570312,10661.0859375,5622.37841796875,7201.69580078125
2024-02-02,6058.43798828125,1406.0560302734375,4311.3330078125,957.7319946289062,10661.0859375,5666.64892578125,7238.78515625
2024-02-05,6058.43798828125,1361.277099609375,4385.6669921875,975.1451416015625,10568.982421875,5578.107421875,7198.615234375
2024-02-06,6058.43798828125,1379.188720703125,4497.16650390625,983.8519287109375,10615.033203125,5622.37841796875,7247.408203125
2024-02-07,6058.43798828125,1379.188720703125,4376.375,949.0252685546875,10522.9287109375,5622.37841796875,7235.15185546875
2024-02-12,6102.4990234375,1410.5338134765625,4413.5419921875,944.6719360351562,10730.1640625,5666.64892578125,7297.6689453125
2024-02-13,6036.40673828125,1410.5338134765625,4422.8330078125,935.9652709960938,10476.876953125,5622.37841796875,7209.7412109375
2024-02-15,6036.40673828125,1423.967529296875,4552.91650390625,953.3786010742188,10730.1640625,5666.64892578125,7303.28076171875
2024-02-16,6014.37646484375,1437.401123046875,4459.99951171875,940.318603515625,10545.9560546875,5688.78466796875,7335.544921875
2024-02-19,6014.37646484375,1432.92333984375,4413.5419921875,940.318603515625,10661.0859375,5733.05517578125,7296.7021484375
2024-02-20,6014.37646484375,1464.2684326171875,4459.99951171875,949.0252685546875,10638.060546875,5799.4609375,7352.60107421875
2024-02-21,6102.4990234375,1459.7906494140625,4385.6669921875,944.6719360351562,10568.982421875,5843.73193359375,7349.02099609375
2024-02-22,6124.52978515625,1491.1357421875,4459.99951171875,957.7319946289062,10684.1123046875,5954.40869140625,7339.63623046875
2024-02-23,6036.40673828125,1509.04736328125,4404.25,962.085205078125,10638.060546875,5954.40869140625,7295.09521484375
2024-02-26,5992.345703125,1504.5694580078125,4562.20849609375,1001.2652587890625,10638.060546875,5865.8671875,7283.8232421875
2024-02-27,5948.2841796875,1518.003173828125,4543.625,1009.9718017578125,10684.1123046875,5821.5966796875,7285.31689453125
2024-02-28,5948.2841796875,1526.9588623046875,4543.625,1009.9718017578125,10684.1123046875,5865.8671875,7328.63623046875
2024-02-29,5926.25390625,1509.04736328125,4497.16650390625,1001.2652587890625,10638.060546875,5865.8671875,7316.11083984375
2024-03-01,5992.345703125,1553.826171875,4580.79150390625,1018.6784057617188,10707.138671875,5910.13818359375,7311.9072265625
2024-03-04,5904.22265625,1531.436767578125,4552.91650390625,1036.091796875,10545.9560546875,5799.4609375,7276.7490234375
2024-03-05,5838.13134765625,1518.003173828125,4487.875,1014.3250732421875,10476.876953125,5755.19091796875,7247.4599609375
2024-03-06,5794.0693359375,1544.870361328125,4543.625,1005.6185913085938,10269.642578125,5755.19091796875,7329.80078125
2024-03-07,5860.16162109375,1540.3924560546875,4738.74951171875,1044.7984619140625,9855.1728515625,5622.37841796875,7373.9638671875
2024-03-08,5860.16162109375,1549.3482666015625,4808.43701171875,1057.8583984375,9924.25,5622.37841796875,7381.9072265625
2024-03-13,5860.16162109375,1553.826171875,4785.2080078125,1044.7984619140625,9878.1982421875,5578.107421875,7421.20703125
2024-03-14,5904.22265625,1553.826171875,4878.12451171875,1044.7984619140625,10039.3818359375,5688.78466796875,7433.31494140625
2024-03-15,5904.22265625,1562.7818603515625,4854.8955078125,1044.7984619140625,9878.1982421875,5688.78466796875,7328.05419921875
2024-03-18,6036.40673828125,1549.3482666015625,4785.2080078125,1044.7984619140625,9993.3291015625,5710.919921875,7302.44921875
2024-03-19,6102.4990234375,1620.9945068359375,4947.81201171875,1092.68505859375,10131.4853515625,5688.78466796875,7336.74609375
2024-03-20,6058.43798828125,1612.0386962890625,4924.5830078125,1062.2117919921875,10338.7216796875,5733.05517578125,7331.1279296875
2024-03-21,6036.40673828125,1616.5164794921875,4901.35400390625,1070.9183349609375,10085.43359375,5710.919921875,7338.35302734375
2024-03-22,6036.40673828125,1629.9503173828125,4924.5830078125,1049.15185546875,10246.6162109375,5688.78466796875,7350.15185546875
2024-03-25,5992.345703125,1701.5963134765625,4924.5830078125,1036.091796875,10315.6943359375,5710.919921875,7377.759765625
2024-03-26,6058.43798828125,1750.85302734375,4854.8955078125,1014.3250732421875,9993.3291015625,5644.513671875,7365.6640625
2024-03-27,6080.46826171875,1862.80029296875,4808.43701171875,1009.9718017578125,10131.4853515625,5600.24267578125,7310.091796875
2024-03-28,6080.46826171875,1826.9771728515625,4878.12451171875,1036.091796875,10684.1123046875,5644.513671875,7288.81298828125
2024-04-01,6102.4990234375,1732.9415283203125,4831.6669921875,1031.7384033203125,10338.7216796875,5688.78466796875,7205.06103515625
2024-04-02,6080.46826171875,1697.1185302734375,4971.04150390625,1053.505126953125,10315.6943359375,5843.73193359375,7236.98388671875
2024-04-03,6168.59130859375,1764.2867431640625,4854.8955078125,1044.7984619140625,10131.4853515625,5799.4609375,7166.84423828125
2024-04-04,6124.52978515625,1773.2425537109375,4947.81201171875,1083.9783935546875,10154.51171875,5755.19091796875,7254.39892578125
2024-04-05,6146.560546875,1741.8973388671875,4901.35400390625,1070.9183349609375,9993.3291015625,5755.19091796875,7286.8818359375
2024-04-16,5992.345703125,1755.3309326171875,4669.06201171875,1049.15185546875,9302.5458984375,5445.2958984375,7164.80712890625
2024-04-17,5992.345703125,1755.3309326171875,4715.5205078125,1014.3250732421875,9348.5986328125,5356.75390625,7130.8408203125
2024-04-18,5882.1923828125,1809.065673828125,4515.75,1001.2652587890625,9302.5458984375,5423.16015625,7166.81396484375
2024-04-19,5838.13134765625,1746.3753662109375,4599.37451171875,988.2052001953125,8957.154296875,5401.02490234375,7087.31689453125
2024-04-22,5816.10009765625,1782.1983642578125,4636.541015625,957.7319946289062,9026.232421875,5445.2958984375,7073.81982421875
2024-04-23,5838.13134765625,1777.720458984375,4645.8330078125,957.7319946289062,9141.3642578125,5334.619140625,7110.81298828125
2024-04-24,5816.10009765625,1786.67626953125,4599.37451171875,966.4385375976562,9371.625,5356.75390625,7174.533203125
2024-04-25,5794.0693359375,1800.10986328125,4669.06201171875,996.911865234375,9855.1728515625,5489.56640625,7155.2939453125
2024-04-26,5705.94677734375,1782.1983642578125,4478.58349609375,949.0252685546875,9763.0673828125,5356.75390625,7036.0751953125
2024-04-29,5617.82373046875,1688.1627197265625,4645.8330078125,979.4984741210938,9832.146484375,5467.43115234375,7155.7841796875
2024-04-30,5727.9775390625,1688.1627197265625,4599.37451171875,996.911865234375,10016.3544921875,5533.83740234375,7234.19677734375
2024-05-02,5661.88525390625,1567.2598876953125,4515.75,1009.9718017578125,9647.9375,5511.70166015625,7117.4248046875
2024-05-03,5698.06396484375,1571.73779296875,4645.8330078125,1057.8583984375,9993.3291015625,5511.70166015625,7134.72412109375
2024-05-06,5698.06396484375,1531.436767578125,4924.5830078125,1110.0982666015625,9993.3291015625,5511.70166015625,7135.89013671875
2024-05-07,5698.06396484375,1612.0386962890625,4924.5830078125,1127.5115966796875,9924.25,5445.2958984375,7123.61181640625
2024-05-08,5607.61865234375,1585.17138671875,4924.5830078125,1118.8050537109375,9924.25,5489.56640625,7088.794921875
2024-05-13,5494.5615234375,1585.17138671875,4808.43701171875,1153.6314697265625,9486.7548828125,5401.02490234375,7099.26123046875
2024-05-14,5517.17236328125,1567.2598876953125,4901.35400390625,1192.8115234375,9486.7548828125,5467.43115234375,7083.76318359375
2024-05-15,5517.17236328125,1531.436767578125,4994.2705078125,1192.8115234375,9763.0673828125,5401.02490234375,7179.8310546875
2024-05-16,5471.94970703125,1522.48095703125,4994.2705078125,1253.7581787109375,9740.04296875,5445.2958984375,7246.69580078125
2024-05-17,5517.17236328125,1553.826171875,4901.35400390625,1271.17138671875,9717.015625,5445.2958984375,7317.23779296875
2024-05-20,5607.61865234375,1544.870361328125,4854.8955078125,1271.17138671875,9670.9638671875,5511.70166015625,7266.69091796875
2024-05-21,5517.17236328125,1540.3924560546875,4808.43701171875,1236.344970703125,9578.859375,5445.2958984375,7186.037109375
2024-05-22,5585.0068359375,1558.30419921875,4854.8955078125,1249.40478515625,9647.9375,5445.2958984375,7222.3818359375
2024-05-27,5585.0068359375,1620.9945068359375,4831.6669921875,1214.5782470703125,9601.8857421875,5423.16015625,7176.419921875
2024-05-28,5494.5615234375,1562.7818603515625,4878.12451171875,1197.1649169921875,9763.0673828125,5423.16015625,7253.6259765625
2024-05-29,5449.3388671875,1562.7818603515625,4831.6669921875,1218.9315185546875,9601.8857421875,5423.16015625,7140.22900390625
2024-05-30,5268.44775390625,1558.30419921875,4831.6669921875,1240.6982421875,9348.5986328125,5356.75390625,7034.14208984375
2024-05-31,5313.67041015625,1558.30419921875,4831.6669921875,1192.8115234375,8980.1806640625,5201.80712890625,6970.73583984375
2024-06-03,5426.72705078125,1598.60498046875,4859.70361328125,1188.458251953125,9394.650390625,5356.75390625,7036.19091796875
2024-06-04,5449.3388671875,1674.72900390625,4859.70361328125,1214.5782470703125,9509.78125,5401.02490234375,7099.31201171875
2024-06-05,5336.28173828125,1749.5772705078125,4883.0673828125,1188.458251953125,9624.9111328125,5423.16015625,6947.669921875
2024-06-06,5336.28173828125,1721.50927734375,4883.0673828125,1162.3382568359375,9763.0673828125,5489.56640625,6974.89697265625
2024-06-07,5313.67041015625,1656.01708984375,4883.0673828125,1184.10498046875,9740.04296875,5489.56640625,6897.9501953125
2024-06-10,5268.44775390625,1637.304931640625,4859.70361328125,1188.458251953125,9670.9638671875,5467.43115234375,6921.5478515625
2024-06-11,5245.83642578125,1632.626953125,4766.2470703125,1162.3382568359375,9717.015625,5423.16015625,6855.69091796875
2024-06-12,5155.39111328125,1553.1007080078125,4836.3388671875,1157.9849853515625,9740.04296875,5489.56640625,6850.09716796875
2024-06-13,5087.556640625,1585.8468017578125,4766.2470703125,1157.9849853515625,9832.146484375,5423.16015625,6831.56396484375
2024-06-14,5019.72216796875,1548.422607421875,4579.3359375,1123.1583251953125,9670.9638671875,5378.88916015625,6734.83203125
2024-06-19,4951.888671875,1548.422607421875,4504.5712890625,1205.8714599609375,9394.650390625,5246.0771484375,6726.9189453125
2024-06-20,5019.72216796875,1637.304931640625,4467.18896484375,1214.5782470703125,9371.625,5246.0771484375,6819.32080078125
2024-06-21,4974.5,1693.441162109375,4467.18896484375,1258.1114501953125,9486.7548828125,5290.34814453125,6879.97802734375
2024-06-24,5064.9453125,1567.134765625,4766.2470703125,1266.818115234375,9486.7548828125,5246.0771484375,6889.1650390625
2024-06-25,4838.83251953125,1539.066650390625,4696.1552734375,1240.6982421875,9325.5712890625,5268.212890625,6882.7041015625
2024-06-26,4816.220703125,1543.7447509765625,4742.88330078125,1262.4647216796875,9555.8330078125,5223.9423828125,6905.64208984375
2024-06-27,4816.220703125,1590.52490234375,4696.1552734375,1262.4647216796875,9670.9638671875,5334.619140625,6967.951171875
2024-06-28,4884.05419921875,1684.0850830078125,4742.88330078125,1240.6982421875,9486.7548828125,5378.88916015625,7063.5771484375
2024-07-01,4884.05419921875,1674.7291259765625,4766.2470703125,1275.5247802734375,9486.7548828125,5401.02490234375,7139.6259765625
2024-07-02,4861.443359375,1613.9149169921875,4742.88330078125,1262.4647216796875,9440.703125,5401.02490234375,7125.14208984375
2024-07-03,4906.666015625,1618.5928955078125,4812.97509765625,1284.2314453125,9463.728515625,5401.02490234375,7196.7548828125
2024-07-04,4974.5,1618.5928955078125,4906.43115234375,1358.238037109375,9417.67578125,5378.88916015625,7220.88916015625
2024-07-05,4906.666015625,1618.5928955078125,4929.79541015625,1340.8245849609375,9463.728515625,5423.16015625,7253.3720703125
2024-07-08,5268.44775390625,1623.27099609375,4929.79541015625,1353.8846435546875,9578.859375,5489.56640625,7250.97705078125
2024-07-09,5155.39111328125,1590.52490234375,4953.1591796875,1371.2979736328125,9696.2470703125,5505.2958984375,7269.80078125
2024-07-10,5132.779296875,1581.1688232421875,5069.97900390625,1353.8846435546875,9672.7705078125,5551.55859375,7287.0419921875
2024-07-11,5110.16796875,1571.812744140625,5163.4345703125,1410.4779052734375,9672.7705078125,5482.16455078125,7300.4072265625
2024-07-12,5291.05908203125,1590.52490234375,5186.79833984375,1406.12451171875,9743.203125,5505.2958984375,7327.580078125
2024-07-15,5291.05908203125,1609.2369384765625,5140.07080078125,1432.2445068359375,9931.0234375,5528.42724609375,7278.86279296875
2024-07-16,5223.2255859375,1609.2369384765625,5069.97900390625,1432.2445068359375,9837.1123046875,5505.2958984375,7224.29296875
2024-07-17,5200.61376953125,1581.1688232421875,5116.70654296875,1462.7177734375,10095.3662109375,5597.82177734375,7224.2177734375
2024-07-18,5245.83642578125,1571.812744140625,5186.79833984375,1480.131103515625,10095.3662109375,5620.953125,7321.07080078125
2024-07-19,5223.2255859375,1562.456787109375,5116.70654296875,1467.0712890625,10142.322265625,5620.953125,7294.4951171875
2024-07-22,5245.83642578125,1571.812744140625,5116.70654296875,1471.424560546875,10236.2314453125,5574.6904296875,7321.97607421875
2024-07-23,5268.44775390625,1571.812744140625,5046.61474609375,1475.77783203125,10071.8896484375,5644.0849609375,7313.85693359375
2024-07-24,5200.61376953125,1539.066650390625,5046.61474609375,1471.424560546875,10142.322265625,5551.55859375,7262.7587890625
2024-07-25,5245.83642578125,1529.710693359375,5069.97900390625,1480.131103515625,10189.27734375,5644.0849609375,7240.27685546875
2024-07-26,5449.3388671875,1534.388671875,4953.1591796875,1458.364501953125,10189.27734375,5667.21630859375,7288.1669921875
2024-07-29,5471.94970703125,1567.134765625,4836.3388671875,1445.304443359375,10165.798828125,5620.953125,7288.89697265625
2024-07-30,5404.11572265625,1543.7447509765625,4859.70361328125,1340.8245849609375,10236.2314453125,5597.82177734375,7241.86376953125
2024-07-31,5449.3388671875,1557.77880859375,4883.0673828125,1427.891357421875,10259.7099609375,5667.21630859375,7255.76220703125
2024-08-01,5494.5615234375,1492.28662109375,4906.43115234375,1397.4178466796875,10330.142578125,5690.34765625,7325.98486328125
2024-08-02,5471.94970703125,1492.28662109375,4906.43115234375,1393.0645751953125,10494.4853515625,5644.0849609375,7308.123046875
2024-08-05,5223.2255859375,1473.574462890625,4812.97509765625,1362.59130859375,10236.2314453125,5597.82177734375,7059.65283203125
2024-08-06,5223.2255859375,1464.218505859375,4766.2470703125,1401.771240234375,10330.142578125,5644.0849609375,7129.21484375
2024-08-07,5178.00244140625,1464.218505859375,4953.1591796875,1436.5977783203125,10377.09765625,5667.21630859375,7212.130859375
2024-08-08,5223.2255859375,1454.8624267578125,4906.43115234375,1440.951171875,10306.6650390625,5759.7421875,7195.12109375
2024-08-09,5268.44775390625,1459.5404052734375,4836.3388671875,1388.7113037109375,10517.962890625,5806.0048828125,7256.99609375
2024-08-12,5336.28173828125,1525.03271484375,4812.97509765625,1410.4779052734375,10330.142578125,5782.87353515625,7297.625
2024-08-13,5381.5048828125,1506.320556640625,4812.97509765625,1380.004638671875,10494.4853515625,5852.2685546875,7356.63818359375
2024-08-14,5358.8935546875,1506.320556640625,4836.3388671875,1380.004638671875,10658.8291015625,6014.1884765625,7436.0390625
2024-08-15,5336.28173828125,1525.03271484375,4859.70361328125,1388.7113037109375,10588.396484375,5991.05712890625,7409.5009765625
2024-08-16,5336.28173828125,1525.03271484375,4812.97509765625,1393.0645751953125,10682.3056640625,6037.3203125,7432.08984375
2024-08-19,5358.8935546875,1496.964599609375,4672.79150390625,1384.35791015625,10705.7841796875,5967.92578125,7466.8310546875
2024-08-20,5562.39501953125,1515.676513671875,4766.2470703125,1384.35791015625,10729.26171875,6037.3203125,7533.98486328125
2024-08-21,5494.5615234375,1506.320556640625,4719.51953125,1366.944580078125,10752.7392578125,6129.84619140625,7554.5927734375
2024-08-22,5449.3388671875,1464.218505859375,4742.88330078125,1384.35791015625,10658.8291015625,6152.9775390625,7488.67578125
2024-08-23,5539.7841796875,1464.218505859375,4696.1552734375,1375.6513671875,10776.216796875,6199.24072265625,7544.2978515625
2024-08-26,5539.7841796875,1492.28662109375,4672.79150390625,1380.004638671875,10705.7841796875,6338.02978515625,7606.19482421875
2024-08-27,5539.7841796875,1431.472412109375,4742.88330078125,1436.5977783203125,10729.26171875,6291.7666015625,7597.880859375
2024-08-28,5539.7841796875,1445.5064697265625,4672.79150390625,1427.891357421875,10705.7841796875,6314.89794921875,7658.875
2024-08-29,5494.5615234375,1445.5064697265625,4626.0634765625,1406.12451171875,10705.7841796875,6291.7666015625,7627.60400390625
2024-08-30,5471.94970703125,1445.5064697265625,4541.95361328125,1388.7113037109375,10776.216796875,6338.02978515625,7670.73291015625
2024-09-02,5562.39501953125,1454.8624267578125,4532.60791015625,1336.471435546875,10799.6943359375,6222.3720703125,7694.52978515625
2024-09-03,5539.7841796875,1431.472412109375,4532.60791015625,1375.6513671875,10682.3056640625,6268.63525390625,7616.52099609375
2024-09-04,5449.3388671875,1450.184326171875,4513.9169921875,1358.238037109375,10705.7841796875,6199.24072265625,7672.89599609375
2024-09-05,5765.89794921875,1445.5064697265625,4532.60791015625,1419.1845703125,10940.560546875,6453.6875,7681.04296875
2024-09-06,5992.01171875,1440.828369140625,4476.53466796875,1397.4178466796875,10752.7392578125,6499.9501953125,7721.84619140625
2024-09-09,5833.73193359375,1403.404296875,4485.8798828125,1384.35791015625,10893.6044921875,6407.423828125,7702.73876953125
2024-09-10,5833.73193359375,1431.472412109375,4513.9169921875,1371.2979736328125,10870.1279296875,6523.08154296875,7761.38818359375
2024-09-11,5743.28662109375,1431.472412109375,4448.49755859375,1340.8245849609375,10870.1279296875,6476.81884765625,7760.955078125
2024-09-12,5833.73193359375,1375.336181640625,4532.60791015625,1345.177978515625,10776.216796875,6615.607421875,7798.15380859375
2024-09-13,5743.28662109375,1309.843994140625,4485.8798828125,1340.8245849609375,10635.3505859375,6569.3447265625,7812.130859375
2024-09-17,5788.5087890625,1309.843994140625,4635.4091796875,1362.59130859375,10705.7841796875,6569.3447265625,7831.77880859375
2024-09-18,5743.28662109375,1356.6241455078125,4616.71826171875,1345.177978515625,10799.6943359375,6546.212890625,7829.134765625
2024-09-19,5856.34326171875,1356.6241455078125,4719.51953125,1345.177978515625,10987.515625,6546.212890625,7905.39013671875
2024-09-20,5992.01171875,1365.980224609375,4672.79150390625,1358.238037109375,11269.2470703125,6615.607421875,7743.00390625
2024-09-23,6082.45751953125,1365.980224609375,4635.4091796875,1340.8245849609375,11457.0673828125,6569.3447265625,7775.73095703125
2024-09-24,6082.45751953125,1351.946044921875,4598.02685546875,1362.59130859375,11668.3662109375,6638.7392578125,7778.4912109375
2024-09-25,6082.45751953125,1356.6241455078125,4598.02685546875,1314.7047119140625,11691.8427734375,6638.7392578125,7740.90185546875
2024-09-26,6127.68017578125,1375.336181640625,4560.64453125,1245.0513916015625,11997.0517578125,6685.001953125,7744.51611328125
2024-09-27,6059.845703125,1370.6580810546875,4485.8798828125,1266.818115234375,11879.6630859375,6638.7392578125,7696.916015625
2024-09-30,5969.39990234375,1389.3702392578125,4392.42431640625,1253.7581787109375,11574.455078125,6523.08154296875,7527.92919921875
2024-10-01,6082.45751953125,1347.2681884765625,4411.11572265625,1253.7581787109375,11691.8427734375,6638.7392578125,7642.1328125
2024-10-02,6059.845703125,1356.6241455078125,4420.4609375,1249.40478515625,11457.0673828125,6546.212890625,7563.26220703125
2024-10-03,6059.845703125,1342.590087890625,4429.806640625,1266.818115234375,11269.2470703125,6569.3447265625,7543.828125
2024-10-04,6045.1904296875,1323.8780517578125,4448.49755859375,1258.1114501953125,11386.634765625,6523.08154296875,7496.0908203125
2024-10-07,6136.7841796875,1347.2681884765625,4523.26220703125,1279.878173828125,11269.2470703125,6407.423828125,7504.134765625
2024-10-08,6090.9873046875,1347.2681884765625,4532.60791015625,1284.2314453125,11550.9775390625,6476.81884765625,7557.14208984375
2024-10-09,6045.1904296875,1347.2681884765625,4532.60791015625,1271.17138671875,11339.6796875,6407.423828125,7501.28515625
2024-10-10,5976.4951171875,1333.234130859375,4569.990234375,1310.3514404296875,11316.201171875,6499.9501953125,7480.080078125
2024-10-11,6022.2919921875,1328.5560302734375,4541.95361328125,1297.2913818359375,11504.0224609375,6476.81884765625,7520.60205078125
2024-10-14,6251.2763671875,1319.199951171875,4626.0634765625,1345.177978515625,11597.9326171875,6523.08154296875,7559.65478515625
2024-10-15,6205.47998046875,1328.5560302734375,4644.7548828125,1401.771240234375,11809.23046875,6661.87060546875,7626.951171875
2024-10-16,6022.2919921875,1328.5560302734375,4719.51953125,1406.12451171875,11738.798828125,6638.7392578125,7648.93994140625
2024-10-17,6159.68310546875,1337.9119873046875,4672.79150390625,1388.7113037109375,11738.798828125,6638.7392578125,7735.0390625
2024-10-18,6205.47998046875,1328.5560302734375,4766.2470703125,1401.771240234375,12020.529296875,6870.05419921875,7760.06005859375
2024-10-21,6159.68310546875,1333.234130859375,4719.51953125,1397.4178466796875,11738.798828125,6846.9228515625,7772.59619140625
2024-10-22,6319.9716796875,1309.843994140625,4663.44580078125,1433.832763671875,11762.275390625,6870.05419921875,7788.98291015625
2024-10-23,6251.2763671875,1305.1658935546875,4742.88330078125,1493.0068359375,11832.7080078125,6939.4482421875,7787.56494140625
2024-10-24,6319.9716796875,1305.1658935546875,4812.97509765625,1543.0772705078125,11762.275390625,6962.580078125,7716.548828125
2024-10-25,6205.47998046875,1309.843994140625,4812.97509765625,1529.421630859375,11879.6630859375,6939.4482421875,7694.66015625
2024-10-28,6136.7841796875,1309.843994140625,4789.611328125,1515.76611328125,11879.6630859375,6962.580078125,7634.630859375
2024-10-29,6205.47998046875,1305.1658935546875,4929.79541015625,1665.9771728515625,11809.23046875,7008.8427734375,7606.60009765625
2024-10-30,6090.9873046875,1272.4197998046875,4789.611328125,1647.7696533203125,11691.8427734375,6916.31689453125,7569.85009765625
2024-10-31,6205.47998046875,1263.0638427734375,4906.43115234375,1665.9771728515625,11574.455078125,7031.974609375,7574.01904296875
2024-11-01,6159.68310546875,1160.1474609375,4569.990234375,1593.1475830078125,11363.15625,6754.396484375,7505.2568359375
2024-11-04,6113.8857421875,1094.6552734375,4654.1005859375,1634.1142578125,11574.455078125,6893.185546875,7479.5029296875
2024-11-05,6136.7841796875,1118.04541015625,4579.3359375,1629.5623779296875,11832.7080078125,7286.4208984375,7491.93115234375
2024-11-06,6113.8857421875,1089.977294921875,4742.88330078125,1579.491943359375,11410.111328125,7217.02685546875,7383.8681640625
2024-11-07,6090.9873046875,1061.9091796875,4569.990234375,1552.1807861328125,11339.6796875,7309.55224609375,7243.85986328125
2024-11-08,6068.08935546875,1057.231201171875,4541.95361328125,1570.3883056640625,11363.15625,7124.50048828125,7287.19091796875
2024-11-11,6136.7841796875,1047.875244140625,4448.49755859375,1574.940185546875,11222.291015625,7217.02685546875,7266.4599609375
2024-11-12,6136.7841796875,1024.485107421875,4485.8798828125,1606.802978515625,11128.380859375,7263.28955078125,7321.98583984375
2024-11-13,6022.2919921875,1010.4510498046875,4551.29931640625,1561.2845458984375,11128.380859375,7147.6318359375,7308.6708984375
2024-11-14,5953.5966796875,954.3148803710938,4560.64453125,1547.62890625,10752.7392578125,7124.50048828125,7214.56103515625
2024-11-15,5930.6982421875,958.992919921875,4476.53466796875,1556.732666015625,10964.037109375,7147.6318359375,7161.2578125
2024-11-18,5770.4091796875,963.6708984375,4448.49755859375,1556.732666015625,11245.7685546875,7147.6318359375,7134.27685546875
2024-11-19,5724.61181640625,1010.4510498046875,4439.15234375,1561.2845458984375,11175.3359375,7217.02685546875,7195.71484375
2024-11-20,5678.8154296875,1052.55322265625,4401.77001953125,1547.62890625,11081.4248046875,7217.02685546875,7180.3349609375
2024-11-21,5655.9169921875,1052.55322265625,4355.04150390625,1547.62890625,11081.4248046875,7055.10595703125,7140.912109375
2024-11-22,5678.8154296875,991.7389526367188,4392.42431640625,1602.251220703125,11269.2470703125,6916.31689453125,7195.56494140625
2024-11-25,5678.8154296875,1038.5191650390625,4373.73291015625,1602.251220703125,11222.291015625,7031.974609375,7314.10791015625
2024-11-26,5747.5107421875,1029.1630859375,4364.38720703125,1547.62890625,11245.7685546875,7078.23779296875,7245.88818359375
2024-11-28,5678.8154296875,1029.1630859375,4439.15234375,1561.2845458984375,11175.3359375,7078.23779296875,7200.1572265625
2024-11-29,5678.8154296875,1029.1630859375,4364.38720703125,1556.732666015625,11175.3359375,6985.71142578125,7114.26611328125
2024-12-02,5610.1201171875,996.4169921875,4411.11572265625,1556.732666015625,11128.380859375,6985.71142578125,7046.98583984375
2024-12-03,5610.1201171875,982.3829956054688,4429.806640625,1602.251220703125,11198.8134765625,7193.89501953125,7196.01708984375
2024-12-04,5724.61181640625,1010.4510498046875,4654.1005859375,1652.321533203125,11081.4248046875,7263.28955078125,7326.76416015625
2024-12-05,5678.8154296875,982.3829956054688,4607.37255859375,1661.42529296875,11175.3359375,7286.4208984375,7313.31298828125
2024-12-06,5701.7138671875,996.4169921875,4588.681640625,1684.1845703125,11104.9033203125,7332.68408203125,7382.78515625
2024-12-09,5678.8154296875,1038.5191650390625,4588.681640625,1779.7734375,11057.9482421875,7587.13037109375,7437.73095703125
2024-12-10,5747.5107421875,1019.80712890625,4607.37255859375,1757.0140380859375,11010.9921875,7540.8671875,7453.287109375
2024-12-11,5724.61181640625,1019.80712890625,4663.44580078125,1752.4622802734375,11010.9921875,7587.13037109375,7464.751953125
2024-12-12,5724.61181640625,1024.485107421875,4626.0634765625,1784.3253173828125,10893.6044921875,7587.13037109375,7394.23779296875
2024-12-13,5678.8154296875,1024.485107421875,4626.0634765625,1775.2215576171875,11128.380859375,7563.99853515625,7324.7890625
2024-12-16,5633.01806640625,1024.485107421875,4560.64453125,1775.2215576171875,11081.4248046875,7517.73583984375,7258.630859375
2024-12-17,5633.01806640625,1001.0950927734375,4523.26220703125,1675.080810546875,10823.171875,7448.341796875,7157.73193359375
2024-12-18,5564.3232421875,1001.0950927734375,4439.15234375,1757.0140380859375,10635.3505859375,7240.158203125,7107.875
2024-12-19,5404.03369140625,996.4169921875,4298.96826171875,1684.1845703125,10517.962890625,7078.23779296875,6977.23779296875
2024-12-20,5335.33837890625,982.3829956054688,4355.04150390625,1720.599365234375,10564.91796875,7055.10595703125,6983.865234375
2024-12-23,5335.33837890625,949.6369018554688,4532.60791015625,1738.8067626953125,10729.26171875,7147.6318359375,7096.44482421875
2024-12-24,5335.33837890625,940.2808837890625,4420.4609375,1720.599365234375,10870.1279296875,7055.10595703125,7065.74609375
2024-12-27,5633.01806640625,968.3489379882812,4448.49755859375,1706.9437255859375,10729.26171875,7124.50048828125,7036.57080078125
2024-12-30,5678.8154296875,1122.723388671875,4448.49755859375,1766.1177978515625,10682.3056640625,7124.50048828125,7079.90478515625
2025-01-02,5633.01806640625,1024.485107421875,4495.2255859375,1716.0474853515625,10541.44140625,6916.31689453125,7163.205078125
2025-01-03,5655.9169921875,1038.5191650390625,4476.53466796875,1706.9437255859375,10682.3056640625,6985.71142578125,7164.42919921875
2025-01-06,5587.22119140625,1015.1290893554688,4504.5712890625,1684.1845703125,10494.4853515625,6823.79150390625,7080.47412109375
2025-01-07,5564.3232421875,1019.80712890625,4504.5712890625,1706.9437255859375,10259.7099609375,6893.185546875,7083.2841796875
2025-01-08,5518.5263671875,1010.4510498046875,4513.9169921875,1670.5289306640625,10424.052734375,6916.31689453125,7080.35205078125
2025-01-09,5472.72900390625,1024.485107421875,4485.8798828125,1652.321533203125,10353.6201171875,6939.4482421875,7064.587890625
2025-01-10,5426.9326171875,1029.1630859375,4411.11572265625,1670.5289306640625,10400.5751953125,7147.6318359375,7088.8662109375
2025-01-13,5518.5263671875,977.7050170898438,4261.5859375,1702.391845703125,10424.052734375,7147.6318359375,7016.87890625
2025-01-14,5426.9326171875,982.3829956054688,4205.51220703125,1697.8399658203125,10095.3662109375,6962.580078125,6956.6650390625
2025-01-15,5495.62744140625,982.3829956054688,4298.96826171875,1706.9437255859375,10118.84375,7124.50048828125,7079.56201171875
2025-01-16,5472.72900390625,982.3829956054688,4233.54931640625,1684.1845703125,10259.7099609375,7008.8427734375,7107.51904296875
2025-01-17,5495.62744140625,982.3829956054688,4355.04150390625,1688.7364501953125,10165.798828125,7031.974609375,7154.658203125
2025-01-20,5449.8310546875,991.7389526367188,4327.0048828125,1779.7734375,9884.0673828125,6823.79150390625,7170.73681640625
2025-01-21,5426.9326171875,982.3829956054688,4308.3134765625,1757.0140380859375,10330.142578125,6893.185546875,7181.81982421875
2025-01-22,5472.72900390625,982.3829956054688,4485.8798828125,1734.2548828125,10682.3056640625,7055.10595703125,7257.1279296875
2025-01-23,5495.62744140625,991.7389526367188,4401.77001953125,1706.9437255859375,10588.396484375,6939.4482421875,7232.64306640625
2025-01-24,5426.9326171875,1019.80712890625,4439.15234375,1838.947509765625,10729.26171875,6985.71142578125,7166.05615234375
2025-01-30,5404.03369140625,1029.1630859375,4317.6591796875,1820.739990234375,10870.1279296875,7055.10595703125,7073.47802734375
2025-01-31,5381.13525390625,1029.1630859375,4364.38720703125,1816.1881103515625,10799.6943359375,7263.28955078125,7109.19580078125
2025-02-03,5358.23681640625,1033.8411865234375,4373.73291015625,1820.739990234375,10541.44140625,7055.10595703125,7030.05810546875
2025-02-04,5335.33837890625,1047.875244140625,4373.73291015625,1848.051025390625,10424.052734375,7124.50048828125,7073.458984375
2025-02-05,5289.5419921875,1043.1971435546875,4373.73291015625,1902.67333984375,10236.2314453125,6962.580078125,7024.22802734375
2025-02-06,5197.94775390625,1005.7731323242188,4298.96826171875,1875.3623046875,10283.1865234375,6962.580078125,6875.5361328125
2025-02-07,5197.94775390625,1043.1971435546875,4298.96826171875,1893.569580078125,10682.3056640625,7078.23779296875,6742.576171875
2025-02-10,5129.25244140625,1024.485107421875,4308.3134765625,1920.8807373046875,10588.396484375,7193.89501953125,6648.14208984375
2025-02-11,5129.25244140625,1029.1630859375,4242.89453125,1875.3623046875,10541.44140625,7124.50048828125,6531.990234375
2025-02-12,5129.25244140625,1047.875244140625,4298.96826171875,1866.258544921875,10471.0087890625,7217.02685546875,6645.77783203125
2025-02-13,5129.25244140625,1029.1630859375,4233.54931640625,1893.569580078125,10541.44140625,7217.02685546875,6613.56787109375
2025-02-14,5289.5419921875,1047.875244140625,4270.931640625,1802.5325927734375,10823.171875,7170.76318359375,6638.458984375
2025-02-17,5312.43994140625,1052.55322265625,4289.62255859375,1797.980712890625,10799.6943359375,7240.158203125,6830.8818359375
2025-02-18,5358.23681640625,1089.977294921875,4345.69580078125,1816.1881103515625,10823.171875,7263.28955078125,6873.55419921875
2025-02-19,5426.9326171875,1085.29931640625,4336.3505859375,1793.4288330078125,10940.560546875,7402.078125,6794.8681640625
2025-02-20,5449.8310546875,1099.3333740234375,4308.3134765625,1811.6363525390625,10846.6494140625,7378.94677734375,6788.0419921875
2025-02-21,5404.03369140625,1094.6552734375,4355.04150390625,1788.8770751953125,10799.6943359375,7124.50048828125,6803.0009765625
2025-02-24,5404.03369140625,1061.9091796875,4345.69580078125,1797.980712890625,11151.8583984375,7309.55224609375,6749.60107421875
2025-02-25,5266.64306640625,1029.1630859375,4196.1669921875,1797.980712890625,10635.3505859375,7240.158203125,6587.0869140625
2025-02-26,5335.33837890625,1019.80712890625,4214.85791015625,1757.0140380859375,9860.5908203125,7147.6318359375,6606.17822265625
2025-02-27,5243.74462890625,1001.0950927734375,4140.09326171875,1725.1512451171875,9766.6796875,7031.974609375,6485.4482421875
2025-02-28,4946.064453125,954.3148803710938,3915.79931640625,1697.8399658203125,9813.634765625,6592.47607421875,6270.59716796875
2025-03-03,5106.35400390625,973.0269775390625,4130.748046875,1838.947509765625,9931.0234375,6800.6591796875,6519.658203125
2025-03-04,5060.5576171875,973.0269775390625,3981.218505859375,1838.947509765625,9931.0234375,6777.52783203125,6380.40087890625
2025-03-05,5220.84619140625,987.06103515625,4476.53466796875,1920.8807373046875,9766.6796875,6870.05419921875,6531.39892578125
2025-03-06,5335.33837890625,973.0269775390625,4102.7109375,1939.0880126953125,9719.724609375,6754.396484375,6617.84716796875
2025-03-07,5312.43994140625,1005.7731323242188,4027.946533203125,1929.9844970703125,9907.5458984375,6708.1337890625,6636.0
2025-03-10,5266.64306640625,991.7389526367188,4224.20361328125,1984.606689453125,9954.5009765625,6985.71142578125,6598.2119140625
2025-03-11,5335.33837890625,991.7389526367188,4027.946533203125,1929.9844970703125,9790.158203125,6731.26513671875,6545.85009765625
2025-03-12,5289.5419921875,996.4169921875,4074.67431640625,1929.9844970703125,10259.7099609375,6916.31689453125,6665.044921875
2025-03-13,5197.94775390625,1029.1630859375,4093.365478515625,1929.9844970703125,10330.142578125,6754.396484375,6647.4169921875
2025-03-14,5289.5419921875,1057.231201171875,3962.52734375,1902.67333984375,10095.3662109375,6638.7392578125,6515.630859375
2025-03-17,5358.23681640625,1057.231201171875,4037.2919921875,1866.258544921875,10283.1865234375,6731.26513671875,6471.94677734375
2025-03-18,5152.15087890625,1029.1630859375,4055.983154296875,1811.6363525390625,10165.798828125,6546.212890625,6223.38818359375
2025-03-19,5152.15087890625,907.5347290039062,4205.51220703125,1807.08447265625,10071.8896484375,6661.87060546875,6311.66015625
2025-03-20,5129.25244140625,874.7886352539062,4205.51220703125,1816.1881103515625,9954.5009765625,6499.9501953125,6381.673828125
2025-03-21,5083.455078125,879.4666748046875,4186.8212890625,1802.5325927734375,9931.0234375,6453.6875,6258.17919921875
2025-03-24,5014.76025390625,888.8226928710938,4112.056640625,1802.5325927734375,9790.158203125,6291.7666015625,6161.2177734375
2025-03-25,4968.96337890625,888.8226928710938,4112.056640625,1779.7734375,9743.203125,6291.7666015625,6235.619140625
2025-03-26,5197.94775390625,935.6028442382812,4186.8212890625,1829.84375,9907.5458984375,6407.423828125,6472.35595703125
2025-03-27,5129.25244140625,1001.0950927734375,4102.7109375,1829.84375,9555.3818359375,6569.3447265625,6510.6201171875
2025-04-08,4785.77587890625,898.1787109375,3719.5419921875,1725.1512451171875,9109.3076171875,6661.87060546875,5996.14208984375
2025-04-09,4831.572265625,902.8567504882812,3784.961181640625,1711.49560546875,8991.919921875,6176.10888671875,5967.98779296875
2025-04-10,4991.861328125,944.9589233398438,3906.453857421875,1793.4288330078125,9391.0390625,6546.212890625,6254.02392578125
2025-04-11,5014.76025390625,935.6028442382812,3850.38037109375,1770.669677734375,9320.60546875,6384.29248046875,6262.22607421875
2025-04-14,5175.04931640625,958.992919921875,4037.2919921875,1866.258544921875,9696.2470703125,6592.47607421875,6368.51708984375
2025-04-15,5152.15087890625,973.0269775390625,3971.872802734375,1820.739990234375,9837.1123046875,6754.396484375,6441.68310546875
2025-04-16,5152.15087890625,944.9589233398438,3981.218505859375,1866.258544921875,9625.814453125,6846.9228515625,6400.05419921875
2025-04-17,5220.84619140625,940.2808837890625,3962.52734375,1829.84375,9954.5009765625,6754.396484375,6438.26904296875
2025-04-21,5152.15087890625,944.9589233398438,3887.7626953125,1734.2548828125,9907.5458984375,6800.6591796875,6445.966796875
2025-04-22,5197.94775390625,949.6369018554688,3784.961181640625,1620.8431396484375,9837.1123046875,6661.87060546875,6538.26611328125
2025-04-23,5266.64306640625,954.3148803710938,3915.79931640625,1625.568603515625,10048.4111328125,6800.6591796875,6634.376953125
2025-04-24,5312.43994140625,954.3148803710938,3999.909423828125,1635.0196533203125,10330.142578125,6708.1337890625,6613.47802734375
2025-04-25,5358.23681640625,958.992919921875,4130.748046875,1682.2745361328125,10330.142578125,6916.31689453125,6678.9150390625
2025-04-28,5449.8310546875,944.9589233398438,4168.1298828125,1781.509765625,10330.142578125,6870.05419921875,6722.9658203125
2025-04-29,5518.5263671875,968.3489379882812,4149.43896484375,1743.7059326171875,10564.91796875,6939.4482421875,6749.0751953125
2025-04-30,5449.8310546875,944.9589233398438,4420.4609375,1720.0784912109375,10658.8291015625,7402.078125,6766.794921875
2025-05-02,5495.62744140625,912.2128295898438,4429.806640625,1653.921630859375,10330.142578125,7124.50048828125,6815.72998046875
2025-05-05,5541.42431640625,921.5687866210938,4345.69580078125,1649.196044921875,10517.962890625,7031.974609375,6831.9521484375
2025-05-06,5472.72900390625,916.8908081054688,4485.8798828125,1668.0980224609375,10588.396484375,6962.580078125,6898.19677734375
2025-05-07,5518.5263671875,888.8226928710938,4532.60791015625,1696.450927734375,10400.5751953125,7170.76318359375,6926.22509765625
2025-05-08,5597.888671875,888.8226928710938,4532.60791015625,1658.6470947265625,10705.7841796875,7193.89501953125,6827.75
2025-05-09,5527.02880859375,879.4666748046875,4485.8798828125,1682.2745361328125,10517.962890625,7378.94677734375,6832.80322265625
2025-05-14,5621.50830078125,898.1787109375,4616.71826171875,1668.0980224609375,10494.4853515625,7286.4208984375,6979.8798828125
2025-05-15,5621.50830078125,902.8567504882812,4588.681640625,1734.2548828125,10377.09765625,7494.6044921875,7040.1611328125
2025-05-16,5621.50830078125,907.5347290039062,4607.37255859375,1696.450927734375,10400.5751953125,7818.4453125,7106.52587890625
2025-05-19,5715.9873046875,912.2128295898438,4541.95361328125,1701.176513671875,10283.1865234375,7610.26220703125,7141.0908203125
2025-05-20,5668.74755859375,916.8908081054688,4504.5712890625,1701.176513671875,10095.3662109375,7286.4208984375,7094.60205078125
2025-05-21,5715.9873046875,921.5687866210938,4569.990234375,1668.0980224609375,10165.798828125,7378.94677734375,7142.4609375
2025-05-22,5692.36767578125,930.9248046875,4560.64453125,1620.8431396484375,10142.322265625,7309.55224609375,7166.98095703125
2025-05-23,5715.9873046875,930.9248046875,4560.64453125,1559.4117431640625,10165.798828125,7263.28955078125,7214.1630859375
2025-05-26,5645.1279296875,930.9248046875,4513.9169921875,1531.058837890625,10353.6201171875,7263.28955078125,7188.35302734375
2025-05-27,5597.888671875,930.9248046875,4523.26220703125,1583.0391845703125,10447.5302734375,7286.4208984375,7198.966796875
2025-05-28,5668.74755859375,902.8567504882812,4523.26220703125,1516.88232421875,10236.2314453125,7286.4208984375,7175.81884765625
2025-06-02,5668.74755859375,898.1787109375,4569.990234375,1488.5294189453125,10142.322265625,7101.369140625,7065.06884765625
2025-06-03,5621.50830078125,888.8226928710938,4577.6357421875,1493.2548828125,9977.978515625,7240.158203125,7044.82177734375
2025-06-04,5645.1279296875,902.8567504882812,4720.9853515625,1464.9019775390625,10165.798828125,7610.26220703125,7069.037109375
2025-06-05,5574.2685546875,902.8567504882812,4644.5322265625,1464.9019775390625,10048.4111328125,7540.8671875,7113.4248046875
2025-06-10,5668.74755859375,916.8908081054688,4615.8623046875,1512.1568603515625,10001.4560546875,7587.13037109375,7230.7451171875
2025-06-11,5715.9873046875,929.411376953125,4701.8720703125,1535.7843017578125,10048.4111328125,7864.70849609375,7222.4560546875
2025-06-12,5692.36767578125,934.2269897460938,4749.6552734375,1507.431396484375,10024.93359375,7610.26220703125,7204.3701171875
2025-06-13,5645.1279296875,924.5957641601562,4682.7587890625,1493.2548828125,9954.5009765625,7702.7880859375,7166.06494140625
2025-06-16,5621.50830078125,924.5957641601562,4587.1923828125,1464.9019775390625,9931.0234375,7610.26220703125,7117.5908203125
2025-06-17,5739.607421875,924.5957641601562,4644.5322265625,1474.3529052734375,9977.978515625,7587.13037109375,7155.85205078125
2025-06-18,5645.1279296875,914.9645385742188,4577.6357421875,1464.9019775390625,10001.4560546875,7517.73583984375,7107.7890625
2025-06-19,5527.02880859375,895.7021484375,4501.1826171875,1441.2745361328125,9813.634765625,7448.341796875,6968.63916015625
2025-06-20,5479.78955078125,890.8865356445312,4443.84228515625,1417.6470947265625,9790.158203125,7448.341796875,6907.13818359375
2025-06-23,5408.93017578125,895.7021484375,4214.48291015625,1365.6666259765625,9344.083984375,7332.68408203125,6787.14013671875
2025-06-24,5503.4091796875,900.5177612304688,4386.50244140625,1375.11767578125,9602.3369140625,7332.68408203125,6869.1708984375
2025-06-25,5550.64892578125,900.5177612304688,4405.61572265625,1346.7647705078125,9602.3369140625,7448.341796875,6832.14306640625
2025-06-26,5550.64892578125,900.5177612304688,4443.84228515625,1412.921630859375,9531.904296875,7448.341796875,6897.39990234375
2025-06-30,5479.78955078125,905.3333740234375,4491.6259765625,1431.823486328125,9860.5908203125,7517.73583984375,6927.67919921875
2025-07-01,5432.5498046875,900.5177612304688,4453.39892578125,1356.2156982421875,9977.978515625,7587.13037109375,6915.35986328125
2025-07-02,5432.5498046875,905.3333740234375,4443.84228515625,1379.8431396484375,10098.1953125,7639.81884765625,6881.2451171875
2025-07-03,5479.78955078125,900.5177612304688,4548.9658203125,1417.6470947265625,10338.6279296875,7759.5654296875,6878.05078125
2025-07-04,5456.169921875,910.14892578125,4376.94580078125,1398.7451171875,10242.455078125,7759.5654296875,6865.19189453125
2025-07-07,5479.78955078125,919.7801513671875,4529.8525390625,1422.37255859375,10098.1953125,7759.5654296875,6900.93212890625
2025-07-08,5432.5498046875,924.5957641601562,4501.1826171875,1474.3529052734375,10098.1953125,7687.7177734375,6904.39208984375
2025-07-09,5503.4091796875,919.7801513671875,4644.5322265625,1526.3333740234375,10122.23828125,7831.4130859375,6943.921875
2025-07-10,5527.02880859375,919.7801513671875,4644.5322265625,1540.509765625,10050.1083984375,7807.4638671875,7005.37109375
2025-07-11,5597.888671875,924.5957641601562,4720.9853515625,1497.9803466796875,9929.8916015625,7903.26123046875,7047.43798828125
2025-07-14,5597.888671875,914.9645385742188,4615.8623046875,1512.1568603515625,10002.021484375,7999.05810546875,7097.15087890625
2025-07-15,5550.64892578125,910.14892578125,4606.3056640625,1488.5294189453125,10002.021484375,7975.10888671875,7140.47412109375
2025-07-16,5621.50830078125,914.9645385742188,4558.5224609375,1531.058837890625,9953.935546875,7927.21044921875,7192.01806640625
2025-07-17,5999.4248046875,900.5177612304688,4802.216796875,1597.2156982421875,9953.935546875,7879.31201171875,7287.02099609375
2025-07-18,5975.80517578125,886.0709228515625,4730.5419921875,1587.7647705078125,10002.021484375,7879.31201171875,7311.9150390625
2025-07-21,6023.04443359375,886.0709228515625,4730.5419921875,1625.568603515625,10098.1953125,7951.15966796875,7398.19189453125
2025-07-22,5928.5654296875,886.0709228515625,4720.9853515625,1611.3922119140625,9953.935546875,7879.31201171875,7344.73583984375
2025-07-23,5975.80517578125,886.0709228515625,4802.216796875,1578.313720703125,10050.1083984375,7999.05810546875,7469.22998046875
2025-07-24,6164.76318359375,895.7021484375,4730.5419921875,1564.13720703125,9953.935546875,7999.05810546875,7530.90185546875
2025-07-25,6093.90380859375,890.8865356445312,4768.7685546875,1521.6077880859375,10146.28125,8046.95654296875,7543.5029296875
2025-07-28,6141.1435546875,890.8865356445312,4749.6552734375,1559.4117431640625,9833.71875,8023.00732421875,7614.76806640625
2025-07-29,6141.1435546875,886.0709228515625,4692.3154296875,1592.490234375,9617.3291015625,7951.15966796875,7617.9072265625
2025-07-30,6542.68017578125,886.0709228515625,4673.2021484375,1545.2353515625,9545.1982421875,8023.00732421875,7549.88818359375
2025-07-31,6424.58056640625,890.8865356445312,4711.4287109375,1512.1568603515625,9424.982421875,8166.703125,7484.3369140625
2025-08-01,6424.58056640625,866.8085327148438,4558.5224609375,1592.490234375,9521.1552734375,8118.8046875,7537.76806640625
2025-08-04,6377.34130859375,842.7305297851562,4587.1923828125,1606.6666259765625,9184.548828125,8023.00732421875,7464.64501953125
2025-08-05,6519.06005859375,842.7305297851562,4491.6259765625,1559.4117431640625,9208.591796875,7975.10888671875,7515.18505859375
2025-08-06,6471.8203125,847.5460815429688,4415.17236328125,1531.058837890625,9184.548828125,7855.3623046875,7503.75
2025-08-07,6448.20068359375,847.5460815429688,4329.16259765625,1512.1568603515625,9136.4619140625,7855.3623046875,7490.18310546875
2025-08-08,6542.68017578125,847.5460815429688,4300.49267578125,1502.7059326171875,8992.2021484375,7807.4638671875,7533.384765625
2025-08-11,6778.8779296875,857.1773071289062,4262.26611328125,1497.9803466796875,9184.548828125,7735.6162109375,7605.9248046875
2025-08-12,6660.77880859375,861.992919921875,4262.26611328125,1488.5294189453125,9184.548828125,7711.6669921875,7791.69677734375
2025-08-13,6755.2578125,857.1773071289062,4281.37939453125,1479.0784912109375,9112.4189453125,7687.7177734375,7892.9111328125
2025-08-14,6731.63818359375,837.9149169921875,4252.70947265625,1450.7254638671875,9352.8525390625,7807.4638671875,7931.2509765625
2025-08-15,6613.5390625,847.5460815429688,4243.15283203125,1464.9019775390625,9521.1552734375,7711.6669921875,7898.375
2025-08-19,6991.45556640625,842.7305297851562,4319.60595703125,1446.0,9400.9384765625,7591.92041015625,7862.94921875
2025-08-20,6991.45556640625,847.5460815429688,4310.04931640625,1483.803955078125,9280.7216796875,7639.81884765625,7943.8251953125
2025-08-21,6944.21630859375,857.1773071289062,4329.16259765625,1554.686279296875,9184.548828125,7591.92041015625,7890.71484375
2025-08-22,7038.6953125,857.1773071289062,4319.60595703125,1554.686279296875,9208.591796875,7520.07275390625,7858.85107421875
2025-08-25,7062.31494140625,866.8085327148438,4281.37939453125,1526.3333740234375,9136.4619140625,7376.376953125,7926.9072265625
2025-08-26,6826.11669921875,861.992919921875,4233.59619140625,1516.88232421875,9016.2451171875,7472.17431640625,7905.7568359375
2025-08-27,6802.49755859375,871.6241455078125,4185.81298828125,1573.5882568359375,8968.1591796875,7280.580078125,7936.17578125
2025-08-28,7015.0751953125,866.8085327148438,4185.81298828125,1559.4117431640625,8944.115234375,7280.580078125,7952.087890625
2025-08-29,6896.9765625,852.3616943359375,4080.689697265625,1549.9608154296875,8631.552734375,7136.88427734375,7830.4931640625
2025-09-01,6755.2578125,847.5460815429688,4109.35986328125,1531.058837890625,8847.9423828125,7088.98583984375,7736.06591796875
2025-09-02,6873.3564453125,852.3616943359375,4138.02978515625,1620.8431396484375,8847.9423828125,7184.78271484375,7801.5849609375
2025-09-03,6896.9765625,847.5460815429688,4233.59619140625,1587.7647705078125,8944.115234375,7376.376953125,7885.86279296875
2025-09-04,6944.21630859375,857.1773071289062,4319.60595703125,1663.37255859375,8896.029296875,7208.73193359375,7867.34814453125
2025-09-08,6896.9765625,857.1773071289062,4329.16259765625,1597.2156982421875,9016.2451171875,7112.93505859375,7766.84912109375
2025-09-09,7015.0751953125,842.7305297851562,4281.37939453125,1687.0,8871.9853515625,7041.0869140625,7628.60498046875
2025-09-10,6873.3564453125,837.9149169921875,4290.93603515625,1672.823486328125,8871.9853515625,7112.93505859375,7699.0068359375
2025-09-11,6896.9765625,847.5460815429688,4472.51220703125,1781.509765625,8944.115234375,7160.83349609375,7747.90478515625
2025-09-12,6944.21630859375,852.3616943359375,4491.6259765625,1828.7647705078125,8896.029296875,7232.68115234375,7854.06005859375
2025-09-15,7085.9345703125,847.5460815429688,4539.4091796875,1790.9608154296875,8871.9853515625,7328.478515625,7937.1181640625
2025-09-16,7322.1328125,857.1773071289062,4596.7490234375,1842.941162109375,8944.115234375,7328.478515625,7957.69580078125
2025-09-17,7463.8515625,861.992919921875,4644.5322265625,1880.7451171875,9136.4619140625,7448.224609375,8025.17919921875
2025-09-18,7558.33056640625,866.8085327148438,4720.9853515625,1984.7059326171875,9064.33203125,7328.478515625,8008.43310546875
2025-09-19,7416.61181640625,857.1773071289062,4850.0,1937.450927734375,9328.80859375,7496.12353515625,8051.1181640625
2025-09-22,7345.751953125,857.1773071289062,4539.4091796875,1857.11767578125,9256.6787109375,7520.07275390625,8040.0390625
2025-09-23,7511.0908203125,847.5460815429688,4577.6357421875,1852.3922119140625,9328.80859375,7448.224609375,8125.201171875
2025-09-24,7487.470703125,842.7305297851562,4472.51220703125,1809.86279296875,9184.548828125,7544.02197265625,8126.55810546875
2025-09-25,7747.28857421875,857.1773071289062,4606.3056640625,1899.6470947265625,9424.982421875,7424.275390625,8040.6650390625
2025-09-26,7794.5283203125,847.5460815429688,4625.4189453125,1937.450927734375,9617.3291015625,7328.478515625,8099.3330078125
2025-09-29,7723.6689453125,852.3616943359375,4587.1923828125,1847.6666259765625,9280.7216796875,7256.63037109375,8123.2451171875
2025-09-30,7723.6689453125,842.7305297851562,4453.39892578125,1852.3922119140625,9112.4189453125,6921.3408203125,8061.06201171875
2025-10-01,7558.33056640625,842.7305297851562,4472.51220703125,1937.450927734375,8968.1591796875,6801.59423828125,8043.82177734375
2025-10-02,7511.0908203125,842.7305297851562,4472.51220703125,1984.7059326171875,9136.4619140625,6729.74658203125,8071.0810546875
2025-10-03,7653.1171875,861.992919921875,4625.4189453125,1984.7059326171875,9184.548828125,6849.49267578125,8118.30078125
2025-10-06,7269.26171875,842.7305297851562,4548.9658203125,1965.803955078125,9136.4619140625,6801.59423828125,8139.89404296875
2025-10-07,7101.3251953125,842.7305297851562,4539.4091796875,1994.1568603515625,8847.9423828125,6921.3408203125,8169.28076171875
2025-10-08,7077.333984375,871.6241455078125,4520.2958984375,2013.058837890625,8847.9423828125,6945.2900390625,8166.02880859375
2025-10-09,7485.1806640625,895.7021484375,4644.5322265625,2041.4117431640625,8751.76953125,6849.49267578125,8250.9384765625
2025-10-10,7485.1806640625,886.0709228515625,4520.2958984375,1984.7059326171875,8511.3359375,6897.3916015625,8257.859375
2025-10-13,7485.1806640625,857.1773071289062,4491.6259765625,2041.4117431640625,8463.2490234375,6897.3916015625,8227.2021484375
2025-10-14,7557.1533203125,842.7305297851562,4453.39892578125,2107.568603515625,8150.68603515625,6753.69580078125,8066.52197265625
2025-10-15,7533.16259765625,837.9149169921875,4434.28564453125,2249.333251953125,8343.0322265625,6610.0,8051.1748046875
2025-10-16,7725.09033203125,852.3616943359375,4644.5322265625,2230.431396484375,8896.029296875,6777.64501953125,8124.7568359375
2025-10-17,7581.14453125,842.7305297851562,4749.6552734375,2239.88232421875,9040.2890625,6825.54345703125,7915.65576171875
2025-10-20,7581.14453125,857.1773071289062,4720.9853515625,2277.686279296875,9016.2451171875,6945.2900390625,8088.97802734375
2025-10-21,7701.09912109375,847.5460815429688,4673.2021484375,2258.784423828125,8920.072265625,6969.2392578125,8238.083984375
2025-10-22,7797.06298828125,847.5460815429688,4945.56640625,2400.549072265625,8559.4228515625,6873.4423828125,8152.55322265625
2025-10-23,7797.06298828125,842.7305297851562,4993.35009765625,2495.058837890625,8487.29296875,7065.03662109375,8274.3515625
2025-10-24,7677.1083984375,842.7305297851562,4921.6748046875,2466.705810546875,8463.2490234375,6993.1884765625,8271.7216796875
2025-10-27,7653.1171875,847.5460815429688,4897.783203125,2504.509765625,8511.3359375,7136.88427734375,8117.15087890625
2025-10-28,7581.14453125,852.3616943359375,4850.0,2532.86279296875,8439.2060546875,7184.78271484375,8092.62890625
2025-10-29,7581.14453125,847.5460815429688,4826.1083984375,2561.215576171875,8367.076171875,7112.93505859375,8166.22412109375
2025-10-30,7509.17138671875,847.5460815429688,4577.6357421875,2296.588134765625,8463.2490234375,7088.98583984375,8184.06396484375
2025-10-31,7485.1806640625,857.1773071289062,4462.95556640625,2372.196044921875,8367.076171875,7088.98583984375,8163.875
2025-11-03,7485.1806640625,886.0709228515625,4558.5224609375,2315.490234375,8174.7294921875,6897.3916015625,8275.083984375
2025-11-04,7413.20751953125,881.2553100585938,4520.2958984375,2296.588134765625,8150.68603515625,6777.64501953125,8241.9111328125
2025-11-05,7389.216796875,871.6241455078125,4596.7490234375,2306.039306640625,8367.076171875,6825.54345703125,8318.5263671875
2025-11-06,7485.1806640625,866.8085327148438,4548.9658203125,2287.13720703125,8246.859375,6729.74658203125,8337.0576171875
2025-11-07,7485.1806640625,861.992919921875,4415.17236328125,2173.7255859375,8270.90234375,6825.54345703125,8394.58984375
2025-11-10,7413.20751953125,861.992919921875,4462.95556640625,2192.62744140625,8318.9892578125,6801.59423828125,8391.240234375
2025-11-11,7485.1806640625,871.6241455078125,4491.6259765625,2230.431396484375,8222.81640625,6753.69580078125,8366.5146484375
2025-11-12,7581.14453125,861.992919921875,4529.8525390625,2372.196044921875,8198.7724609375,6873.4423828125,8388.56640625
2025-11-13,7461.189453125,861.992919921875,4548.9658203125,2306.039306640625,8150.68603515625,6849.49267578125,8371.9990234375
2025-11-14,7389.216796875,866.8085327148438,4596.7490234375,2287.13720703125,8102.599609375,6801.59423828125,8370.435546875
2025-11-17,7437.19873046875,861.992919921875,4405.61572265625,2202.078369140625,8054.5126953125,6801.59423828125,8416.8818359375
2025-11-18,7389.216796875,861.992919921875,4491.6259765625,2220.98046875,8006.42626953125,6705.79736328125,8361.92578125
2025-11-19,7485.1806640625,866.8085327148438,4539.4091796875,2315.490234375,8078.55615234375,6729.74658203125,8406.5771484375
2025-11-20,7557.1533203125,866.8085327148438,4520.2958984375,2296.588134765625,8006.42626953125,6777.64501953125,8419.9169921875
2025-11-21,7485.1806640625,871.6241455078125,4529.8525390625,2324.941162109375,8030.46923828125,6825.54345703125,8414.3515625
2025-11-24,7485.1806640625,866.8085327148438,4520.2958984375,2277.686279296875,8030.46923828125,7136.88427734375,8570.25390625
2025-11-25,7485.1806640625,866.8085327148438,4501.1826171875,2249.333251953125,8246.859375,6945.2900390625,8521.884765625
2025-11-26,7389.216796875,861.992919921875,4548.9658203125,2334.39208984375,8270.90234375,7112.93505859375,8602.1298828125
2025-11-27,7269.26171875,861.992919921875,4462.95556640625,2277.686279296875,8222.81640625,7065.03662109375,8545.865234375
2025-11-28,7269.26171875,857.1773071289062,4424.72900390625,2306.039306640625,8126.642578125,7041.0869140625,8508.7060546875
2025-12-01,7341.23486328125,857.1773071289062,4501.1826171875,2485.60791015625,8078.55615234375,7041.0869140625,8548.7880859375
2025-12-02,7341.23486328125,847.5460815429688,4539.4091796875,2599.01953125,7790.0361328125,6897.3916015625,8617.04296875
2025-12-03,7437.19873046875,847.5460815429688,4568.0791015625,2561.215576171875,7814.07958984375,6753.69580078125,8611.787109375
2025-12-04,7557.1533203125,847.5460815429688,4558.5224609375,2485.60791015625,7886.20947265625,6729.74658203125,8640.1962890625
2025-12-05,7653.1171875,847.5460815429688,4558.5224609375,2495.058837890625,7741.94970703125,6801.59423828125,8632.7607421875
2025-12-08,7629.12646484375,837.9149169921875,4587.1923828125,2457.2548828125,7765.99267578125,6681.84814453125,8710.6953125
2025-12-09,7509.17138671875,833.0993041992188,4462.95556640625,2570.666748046875,7693.86279296875,6562.1015625,8657.1787109375
2025-12-10,7509.17138671875,833.0993041992188,4405.61572265625,2485.60791015625,7717.90625,6610.0,8700.923828125
2025-12-11,7125.31591796875,833.0993041992188,4271.82275390625,2447.803955078125,7717.90625,6298.65966796875,8620.4814453125
2025-12-12,7101.3251953125,837.9149169921875,4300.49267578125,2495.058837890625,7765.99267578125,6490.25390625,8660.4990234375
2025-12-15,7197.2890625,842.7305297851562,4386.50244140625,2504.509765625,7982.3828125,6490.25390625,8649.662109375
2025-12-16,7053.34326171875,837.9149169921875,4357.83251953125,2504.509765625,8030.46923828125,6490.25390625,8686.46875
2025-12-17,7077.333984375,842.7305297851562,4329.16259765625,2617.921630859375,8006.42626953125,6490.25390625,8677.3447265625
2025-12-18,7149.30712890625,833.0993041992188,4376.94580078125,2551.7646484375,7934.2958984375,6586.05078125,8618.1953125
2025-12-19,7077.333984375,828.28369140625,4434.28564453125,2551.7646484375,8102.599609375,6466.3046875,8609.55078125
2025-12-22,7101.3251953125,837.9149169921875,4348.27587890625,2504.509765625,8030.46923828125,6562.1015625,8645.84375
2025-12-23,7173.2978515625,837.9149169921875,4329.16259765625,2542.313720703125,7934.2958984375,6514.203125,8584.7822265625
2025-12-24,7005.361328125,833.0993041992188,4386.50244140625,2504.509765625,7934.2958984375,6514.203125,8537.9111328125
2025-12-29,7029.35205078125,837.9149169921875,4338.71923828125,2485.60791015625,7982.3828125,6490.25390625,8644.255859375
2025-12-30,7077.333984375,842.7305297851562,4310.04931640625,2476.156982421875,7886.20947265625,6490.25390625,8646.9384765625
2026-01-02,7077.333984375,847.5460815429688,4338.71923828125,2740.784423828125,7765.99267578125,6394.45654296875,8748.1318359375
2026-01-05,7173.2978515625,852.3616943359375,4367.38916015625,2693.529541015625,7790.0361328125,6562.1015625,8859.19140625
2026-01-06,7341.23486328125,852.3616943359375,4376.94580078125,2589.568603515625,7790.0361328125,6705.79736328125,8933.609375
2026-01-07,7389.216796875,861.992919921875,4348.27587890625,2410.0,7741.94970703125,6442.35498046875,8944.8134765625
2026-01-08,7605.13525390625,857.1773071289062,4300.49267578125,2400.549072265625,7717.90625,6346.55810546875,8925.470703125
2026-01-09,7581.14453125,857.1773071289062,4290.93603515625,2447.803955078125,7693.86279296875,6322.60888671875,8936.75390625
2026-01-12,7389.216796875,847.5460815429688,4281.37939453125,2457.2548828125,7597.689453125,6322.60888671875,8884.72265625
2026-01-13,7413.20751953125,852.3616943359375,4319.60595703125,2589.568603515625,7669.81982421875,6418.40576171875,8948.302734375
2026-01-14,7461.189453125,866.8085327148438,4348.27587890625,2466.705810546875,7645.7763671875,6442.35498046875,9032.583984375
2026-01-15,7437.19873046875,861.992919921875,4367.38916015625,2551.7646484375,7741.94970703125,6466.3046875,9075.40625
2026-01-19,7389.216796875,861.992919921875,4233.59619140625,2627.37255859375,7790.0361328125,6538.15234375,9133.873046875
2026-01-20,7341.23486328125,857.1773071289062,4224.03955078125,2769.13720703125,7814.07958984375,6418.40576171875,9134.7001953125
2026-01-21,7149.30712890625,861.992919921875,4252.70947265625,2769.13720703125,7790.0361328125,6418.40576171875,9010.330078125
2026-01-22,7293.2529296875,866.8085327148438,4300.49267578125,2721.88232421875,8006.42626953125,6466.3046875,8992.1826171875
2026-01-23,7365.2255859375,866.8085327148438,4166.69970703125,2740.784423828125,7958.33935546875,6538.15234375,8951.009765625
2026-01-26,7293.2529296875,866.8085327148438,4195.36962890625,2684.078369140625,8078.55615234375,6514.203125,8975.333984375
2026-01-27,7413.20751953125,861.992919921875,4166.69970703125,2721.88232421875,7910.2529296875,6418.40576171875,8980.23046875
2026-01-28,7101.3251953125,833.0993041992188,4166.69970703125,2599.01953125,7477.47314453125,6562.1015625,8320.5556640625
2026-01-29,7005.361328125,833.0993041992188,4118.91650390625,2457.2548828125,7381.2998046875,6490.25390625,8232.203125
2026-01-30,7101.3251953125,847.5460815429688,4233.59619140625,2617.921630859375,7645.7763671875,6514.203125,8329.6064453125
2026-02-02,6981.3701171875,833.0993041992188,4243.15283203125,2523.411865234375,8054.5126953125,6729.74658203125,7922.73095703125
2026-02-03,7149.30712890625,837.9149169921875,4329.16259765625,2636.823486328125,8246.859375,6897.3916015625,8122.59716796875
2026-02-04,7197.2890625,852.3616943359375,4252.70947265625,2457.2548828125,7982.3828125,6753.69580078125,8146.716796875
2026-02-05,7221.27978515625,866.8085327148438,4319.60595703125,2447.803955078125,7982.3828125,6705.79736328125,8103.87890625
2026-02-06,7245.27099609375,857.1773071289062,4290.93603515625,2362.7451171875,7765.99267578125,6562.1015625,7935.259765625
2026-02-09,7149.30712890625,857.1773071289062,4329.16259765625,2410.0,7765.99267578125,6538.15234375,8031.8740234375
2026-02-10,7269.26171875,857.1773071289062,4252.70947265625,2438.35302734375,7814.07958984375,6610.0,8131.73779296875
2026-02-11,7245.27099609375,857.1773071289062,4281.37939453125,2438.35302734375,7862.166015625,6418.40576171875,8290.9658203125
2026-02-12,7197.2890625,852.3616943359375,4214.48291015625,2410.0,7886.20947265625,6490.25390625,8265.3515625
2026-02-13,7221.27978515625,852.3616943359375,4109.35986328125,2419.450927734375,7886.20947265625,6394.45654296875,8212.271484375
2026-02-18,7293.2529296875,857.1773071289062,4080.689697265625,2419.450927734375,7886.20947265625,6466.3046875,8310.2265625
2026-02-19,7341.23486328125,857.1773071289062,4080.689697265625,2343.84326171875,7814.07958984375,6442.35498046875,8274.0810546875
2026-02-20,7269.26171875,852.3616943359375,4138.02978515625,2249.333251953125,7717.90625,6370.50732421875,8271.7666015625
2026-02-23,7389.216796875,857.1773071289062,4233.59619140625,2287.13720703125,7838.123046875,6370.50732421875,8396.08203125
2026-02-24,7365.2255859375,847.5460815429688,4166.69970703125,2287.13720703125,7645.7763671875,6322.60888671875,8280.8330078125
2026-02-25,7269.26171875,852.3616943359375,4147.58642578125,2277.686279296875,7717.90625,6298.65966796875,8322.228515625
2026-02-26,7149.30712890625,842.7305297851562,4214.48291015625,2220.98046875,7597.689453125,6442.35498046875,8235.26171875
2026-02-27,7197.2890625,852.3616943359375,4061.576416015625,2249.333251953125,7549.60302734375,6178.9130859375,8235.4853515625
2026-03-02,7101.3251953125,847.5460815429688,3765.3203125,2239.88232421875,7309.169921875,6131.0146484375,8016.8330078125
2026-03-03,7053.34326171875,857.1773071289062,3822.66015625,2296.588134765625,7405.34326171875,6131.0146484375,7939.76708984375
2026-03-04,6837.4248046875,833.0993041992188,3507.290771484375,2154.823486328125,7188.953125,5867.57275390625,7577.06396484375
2026-03-05,7029.35205078125,833.0993041992188,3516.847412109375,2202.078369140625,7188.953125,5963.36962890625,7710.537109375
2026-03-06,7053.34326171875,828.28369140625,3459.507568359375,2220.98046875,7164.90966796875,6011.26806640625,7585.68701171875
2026-03-09,7005.361328125,837.9149169921875,3354.38427734375,2050.86279296875,6852.3466796875,5795.724609375,7337.369140625
2026-03-10,6981.3701171875,833.0993041992188,3344.82763671875,2202.078369140625,6972.5634765625,5747.826171875,7440.9130859375
2026-03-11,6981.3701171875,813.8369140625,3469.064208984375,2154.823486328125,6972.5634765625,5771.775390625,7389.39892578125
2026-03-12,6957.37939453125,818.6524658203125,3516.847412109375,2154.823486328125,7285.12646484375,5795.724609375,7362.1171875
2026-03-13,6957.37939453125,813.8369140625,3440.394287109375,2126.470703125,6972.5634765625,5652.029296875,7137.2119140625
2026-03-16,6933.38818359375,784.9432983398438,3793.990234375,2069.7646484375,6804.26025390625,5723.876953125,7022.2880859375
2026-03-17,6909.3974609375,804.2056884765625,3793.990234375,2117.01953125,6828.30322265625,5723.876953125,7106.8388671875
2026-03-25,7053.34326171875,847.5460815429688,3956.453369140625,2173.7255859375,6972.5634765625,5771.775390625,7302.12109375
2026-03-26,7053.34326171875,837.9149169921875,3851.330078125,2353.294189453125,6996.6064453125,5819.673828125,7164.0908203125
2026-03-27,7101.3251953125,809.0213012695312,3918.226806640625,2334.39208984375,6828.30322265625,5723.876953125,7097.05712890625
2026-03-30,7245.27099609375,809.0213012695312,3832.216796875,2306.039306640625,6948.52001953125,5699.927734375,7091.669921875
2026-03-31,7245.27099609375,799.3900756835938,3918.226806640625,2220.98046875,7068.736328125,6083.1162109375,7048.22216796875
2026-04-01,7365.2255859375,799.3900756835938,3966.010009765625,2324.941162109375,7116.8232421875,6298.65966796875,7184.43798828125
2026-04-02,7461.189453125,804.2056884765625,4061.576416015625,2306.039306640625,7092.77978515625,6346.55810546875,7026.7822265625
2026-04-06,7509.17138671875,794.574462890625,3966.010009765625,2306.039306640625,7140.86669921875,6298.65966796875,6989.42578125
2026-04-07,7413.20751953125,794.574462890625,4042.463134765625,2324.941162109375,7044.693359375,6298.65966796875,6971.02685546875
2026-04-08,7485.1806640625,799.3900756835938,4290.93603515625,2447.803955078125,7237.0400390625,6370.50732421875,7279.208984375
2026-04-09,7485.1806640625,799.3900756835938,4204.92626953125,2400.549072265625,7164.90966796875,6322.60888671875,7307.5888671875
2026-04-10,7509.17138671875,799.3900756835938,4204.92626953125,2447.803955078125,7092.77978515625,6418.40576171875,7458.49609375
2026-04-13,7629.12646484375,794.574462890625,4118.91650390625,2466.705810546875,6948.52001953125,6466.3046875,7500.18701171875
2026-04-14,7749.0810546875,804.2056884765625,4138.02978515625,2523.411865234375,6948.52001953125,6538.15234375,7675.951171875
2026-04-15,7749.0810546875,794.574462890625,4204.92626953125,2561.215576171875,6924.4765625,6538.15234375,7623.5859375
2026-04-16,7821.05419921875,804.2056884765625,4271.82275390625,2523.411865234375,6996.6064453125,6681.84814453125,7621.3818359375
2026-04-17,8012.98193359375,799.3900756835938,4329.16259765625,2580.11767578125,7020.64990234375,6681.84814453125,7634.00390625
2026-04-20,8060.9638671875,789.7588500976562,4281.37939453125,2542.313720703125,6900.43310546875,6633.94921875,7594.11083984375
2026-04-21,8060.9638671875,794.574462890625,4300.49267578125,2504.509765625,6876.39013671875,6705.79736328125,7559.3798828125
2026-04-22,7965.0,780.127685546875,4195.36962890625,2457.2548828125,6828.30322265625,6729.74658203125,7541.61181640625
2026-04-23,7965.0,760.865234375,4099.80322265625,2532.86279296875,6804.26025390625,6681.84814453125,7378.60595703125
2026-04-24,8100.0,741.6028442382812,3956.453369140625,2485.60791015625,6563.82666015625,6610.0,7129.490234375
2026-04-27,8350.0,741.6028442382812,3889.556640625,2391.09814453125,6635.95654296875,6610.0,7106.52001953125
2026-04-28,8075.0,731.9716186523438,3908.670166015625,2220.98046875,6515.740234375,6538.15234375,7072.39208984375
2026-04-29,8050.0,741.6028442382812,3927.783447265625,2306.039306640625,6467.6533203125,6562.1015625,7101.22607421875
2026-04-30,8100.0,722.3404541015625,3832.216796875,2343.84326171875,6515.740234375,6466.3046875,6956.80419921875
2026-05-04,8275.0,731.9716186523438,3908.670166015625,2485.60791015625,6539.78369140625,6657.89892578125,6971.953125
2026-05-05,8200.0,731.9716186523438,3908.670166015625,2447.803955078125,6467.6533203125,6657.89892578125,7057.10595703125
2026-05-06,8475.0,736.7872314453125,3860.88671875,2476.156982421875,6539.78369140625,6753.69580078125,7092.466796875
2026-05-07,8350.0,746.41845703125,4032.906494140625,2457.2548828125,6900.43310546875,6825.54345703125,7174.32080078125
2026-05-08,8050.0,746.41845703125,3870.443359375,2410.0,6780.216796875,6681.84814453125,6969.39599609375
2026-05-11,8200.0,751.2340698242188,3851.330078125,2530.0,6828.30322265625,6633.94921875,6905.6201171875
2026-05-12,8075.0,746.41845703125,3803.546875,2440.0,6684.04345703125,6681.84814453125,6858.89892578125
2026-05-13,7600.0,736.7872314453125,3975.566650390625,2540.0,6563.82666015625,6538.15234375,6723.31982421875
2026-05-14,7600.0,736.7872314453125,3975.566650390625,2540.0,6563.82666015625,6538.15234375,6723.31982421875
2026-05-15,7600.0,736.7872314453125,3975.566650390625,2540.0,6563.82666015625,6538.15234375,6723.31982421875
2026-05-18,7200.0,712.709228515625,4013.793212890625,2530.0,6539.78369140625,6442.35498046875,6599.240234375
2026-05-19,6750.0,703.0780029296875,3880.0,2510.0,6467.6533203125,6370.50732421875,6370.67919921875
2026-05-20,6750.0,698.2623901367188,3985.123291015625,2640.0,6491.69677734375,6322.60888671875,6318.5
2026-05-21,6525.0,683.8156127929688,4080.689697265625,2580.0,6419.56689453125,6466.3046875,6094.94091796875
2026-05-22,6600.0,693.4468383789062,4157.14306640625,2570.0,6563.82666015625,6442.35498046875,6162.044921875
2026-05-25,6525.0,712.709228515625,4204.92626953125,2630.0,6828.30322265625,6657.89892578125,6206.34912109375
2026-05-26,6575.0,703.0780029296875,4281.37939453125,2570.0,6611.91357421875,6538.15234375,6130.18994140625
2026-05-27,6575.0,703.0780029296875,4281.37939453125,2570.0,6611.91357421875,6538.15234375,6130.18994140625
2026-05-28,6575.0,703.0780029296875,4281.37939453125,2570.0,6611.91357421875,6538.15234375,6130.18994140625
2026-05-29,6475.0,712.709228515625,4080.689697265625,2450.0,6828.30322265625,6633.94921875,6127.380859375
2026-06-02,6825.0,707.8936157226562,3880.0,2390.0,6539.78369140625,6298.65966796875,6195.4267578125
2026-06-03,6650.0,703.0780029296875,3860.0,2270.0,6275.30712890625,5987.31884765625,5941.06591796875
2026-06-04,6275.0,679.0,3420.0,2150.0,6371.48046875,5987.31884765625,5839.78515625
2026-06-05,6375.0,695.0,3380.0,1935.0,6203.1767578125,5795.724609375,5594.76513671875
2026-06-08,5900.0,640.0,3150.0,1780.0,5770.39697265625,5675.978515625,5342.13720703125
2026-06-09,6025.0,650.0,3300.0,1895.0,6082.96044921875,5939.42041015625,5746.64794921875
2026-06-10,6175.0,675.0,3240.0,1845.0,6010.83056640625,5987.31884765625,5902.3759765625
2026-06-11,6050.0,680.0,3260.0,1860.0,6010.83056640625,5963.36962890625,5886.0322265625
2026-06-12,6175.0,695.0,3300.0,1905.0,6107.00390625,6154.9638671875,6007.65576171875
2026-06-15,6100.0,725.0,3410.0,1910.0,6347.43701171875,6370.50732421875,6254.9658203125
2026-06-17,6200.0,700.0,3350.0,1925.0,6371.48046875,6466.3046875,6220.740234375
2026-06-18,6200.0,675.0,3340.0,1940.0,6371.48046875,6514.203125,6172.33984375
2026-06-19,6175.0,680.0,3320.0,1930.0,6443.6103515625,6442.35498046875,6177.13916015625
2026-06-22,6125.0,670.0,3170.0,1905.0,6323.3935546875,6442.35498046875,6116.68994140625
2026-06-23,6150.0,660.0,3150.0,1900.0,6347.43701171875,6466.3046875,6101.3330078125
2026-06-24,6100.0,655.0,3120.0,1880.0,6251.263671875,6466.3046875,5883.880859375
2026-06-25,6050.0,660.0,3210.0,2010.0,6467.6533203125,6442.35498046875,5999.0380859375
2026-06-26,5875.0,650.0,3160.0,1965.0,6347.43701171875,6442.35498046875,5896.1337890625
2026-06-29,5975.0,640.0,3100.0,1980.0,6395.5234375,6322.60888671875,5820.7900390625
2026-06-30,5950.0,650.0,3400.0,1945.0,6539.78369140625,6394.45654296875,5643.19384765625
2026-07-01,5975.0,630.0,3170.0,2020.0,6539.78369140625,6322.60888671875,5695.1162109375
2026-07-02,5975.0,630.0,3110.0,1945.0,6491.69677734375,6490.25390625,5744.55615234375
2026-07-03,6025.0,640.0,3080.0,2030.0,6684.04345703125,6633.94921875,5875.77978515625
2026-07-06,6025.0,640.0,3070.0,2000.0,6660.0,6610.0,5916.06982421875
2026-07-07,6075.0,640.0,3180.0,2090.0,6725.0,6675.0,5986.4970703125
2026-07-08,6150.0,630.0,3060.0,2010.0,6625.0,6575.0,5873.3720703125
2026-07-09,6200.0,620.0,3070.0,1970.0,6675.0,6625.0,5912.44189453125
2026-07-10,6300.0,635.0,3120.0,2000.0,6650.0,6775.0,5924.35986328125
2026-07-13,6300.0,635.0,3120.0,2050.0,6625.0,6750.0,6037.841796875
2026-07-14,6300.0,630.0,3100.0,2020.0,6650.0,6775.0,6039.52099609375
2026-07-15,6300.0,625.0,3070.0,2030.0,6600.0,6750.0,6041.97216796875
2026-07-16,6425.0,640.0,3110.0,2030.0,6700.0,6750.0,6108.208984375
2026-07-17,6450.0,645.0,3120.0,2070.0,6850.0,6700.0,6175.53515625
2026-07-20,6525.0,660.0,3110.0,2080.0,6900.0,6800.0,6175.53515625
