tanggal,ticker,harga,MA20,MA50,RSI14,tahap_rantai_pasok
2023-01-02,AALI.JK,6741.8466796875,,,,Hulu (Pertanian/Perkebunan)
2023-01-03,AALI.JK,6888.40869140625,,,,Hulu (Pertanian/Perkebunan)
2023-01-04,AALI.JK,6804.6591796875,,,,Hulu (Pertanian/Perkebunan)
2023-01-05,AALI.JK,6637.15966796875,,,,Hulu (Pertanian/Perkebunan)
2023-01-06,AALI.JK,6699.97216796875,,,,Hulu (Pertanian/Perkebunan)
2023-01-09,AALI.JK,6720.9091796875,,,,Hulu (Pertanian/Perkebunan)
2023-01-10,AALI.JK,6699.97216796875,,,,Hulu (Pertanian/Perkebunan)
2023-01-11,AALI.JK,6637.15966796875,,,,Hulu (Pertanian/Perkebunan)
2023-01-12,AALI.JK,6679.0341796875,,,,Hulu (Pertanian/Perkebunan)
2023-01-13,AALI.JK,6637.15966796875,,,,Hulu (Pertanian/Perkebunan)
2023-01-16,AALI.JK,6699.97216796875,,,,Hulu (Pertanian/Perkebunan)
2023-01-17,AALI.JK,6720.9091796875,,,,Hulu (Pertanian/Perkebunan)
2023-01-18,AALI.JK,6783.72216796875,,,,Hulu (Pertanian/Perkebunan)
2023-01-19,AALI.JK,6804.6591796875,,,53.846172245370475,Hulu (Pertanian/Perkebunan)
2023-01-20,AALI.JK,6762.78369140625,,,51.2194886105412,Hulu (Pertanian/Perkebunan)
2023-01-24,AALI.JK,6762.78369140625,,,41.176434275272754,Hulu (Pertanian/Perkebunan)
2023-01-25,AALI.JK,6783.72216796875,,,48.38713074851968,Hulu (Pertanian/Perkebunan)
2023-01-26,AALI.JK,6846.5341796875,,,69.23077613046102,Hulu (Pertanian/Perkebunan)
2023-01-27,AALI.JK,6846.5341796875,,,65.21738689584754,Hulu (Pertanian/Perkebunan)
2023-01-30,AALI.JK,6804.6591796875,6748.1280517578125,,58.33334952843114,Hulu (Pertanian/Perkebunan)
2023-01-31,AALI.JK,6888.40869140625,6755.45615234375,,66.66660908410911,Hulu (Pertanian/Perkebunan)
2023-02-01,AALI.JK,6867.470703125,6754.409252929688,,71.99988059690355,Hulu (Pertanian/Perkebunan)
2023-02-02,AALI.JK,6909.345703125,6759.643579101563,,71.99990671641791,Hulu (Pertanian/Perkebunan)
2023-02-03,AALI.JK,6825.5966796875,6769.0654296875,,66.66663787541276,Hulu (Pertanian/Perkebunan)
2023-02-06,AALI.JK,6846.5341796875,6776.393530273437,,63.99996641787912,Hulu (Pertanian/Perkebunan)
2023-02-07,AALI.JK,6804.6591796875,6780.581030273437,,57.69230769230769,Hulu (Pertanian/Perkebunan)
2023-02-08,AALI.JK,6867.470703125,6788.95595703125,,57.69219384739303,Hulu (Pertanian/Perkebunan)
2023-02-09,AALI.JK,6825.5966796875,6798.3778076171875,,51.85185824992485,Hulu (Pertanian/Perkebunan)
2023-02-10,AALI.JK,6867.470703125,6807.799633789063,,59.25927205543842,Hulu (Pertanian/Perkebunan)
2023-02-13,AALI.JK,6846.5341796875,6818.268359375,,57.14295233089934,Hulu (Pertanian/Perkebunan)
2023-02-14,AALI.JK,6804.6591796875,6823.502709960938,,51.724112973850616,Hulu (Pertanian/Perkebunan)
2023-02-15,AALI.JK,6846.5341796875,6829.783959960938,,50.0,Hulu (Pertanian/Perkebunan)
2023-02-16,AALI.JK,7014.03271484375,6841.299487304687,,61.11110751217717,Hulu (Pertanian/Perkebunan)
2023-02-17,AALI.JK,7014.03271484375,6851.7681640625,,64.70591059649209,Hulu (Pertanian/Perkebunan)
2023-02-20,AALI.JK,7014.03271484375,6864.330615234375,,60.000015547408715,Hulu (Pertanian/Perkebunan)
2023-02-21,AALI.JK,6930.28369140625,6872.705615234375,,54.545538064698505,Hulu (Pertanian/Perkebunan)
2023-02-22,AALI.JK,6972.15771484375,6882.127392578125,,54.54547381915347,Hulu (Pertanian/Perkebunan)
2023-02-23,AALI.JK,6930.28369140625,6886.314868164062,,58.064581651637035,Hulu (Pertanian/Perkebunan)
2023-02-24,AALI.JK,7014.03271484375,6894.689794921875,,61.76475631747286,Hulu (Pertanian/Perkebunan)
2023-02-27,AALI.JK,7014.03271484375,6905.158471679688,,65.62510704074873,Hulu (Pertanian/Perkebunan)
2023-02-28,AALI.JK,6951.2216796875,6908.29912109375,,56.25016397743671,Hulu (Pertanian/Perkebunan)
2023-03-01,AALI.JK,7014.03271484375,6915.627221679688,,63.63646000513067,Hulu (Pertanian/Perkebunan)
2023-03-02,AALI.JK,7014.03271484375,6920.861572265625,,61.29044634575151,Hulu (Pertanian/Perkebunan)
2023-03-03,AALI.JK,6993.09619140625,6929.236547851562,,61.29044634575151,Hulu (Pertanian/Perkebunan)
2023-03-06,AALI.JK,6951.2216796875,6934.470922851562,,61.29049245444834,Hulu (Pertanian/Perkebunan)
2023-03-07,AALI.JK,6825.5966796875,6935.517797851562,,48.57140953370914,Hulu (Pertanian/Perkebunan)
2023-03-08,AALI.JK,6720.9091796875,6928.189721679688,,28.124838300381228,Hulu (Pertanian/Perkebunan)
2023-03-09,AALI.JK,6741.8466796875,6924.002221679688,,30.302899670182043,Hulu (Pertanian/Perkebunan)
2023-03-10,AALI.JK,6783.72216796875,6919.814794921875,,34.285680017910636,Hulu (Pertanian/Perkebunan)
2023-03-13,AALI.JK,6804.6591796875,6917.721044921875,6837.32138671875,40.62493395377311,Hulu (Pertanian/Perkebunan)
2023-03-14,AALI.JK,6699.97216796875,6912.4866943359375,6836.483896484375,31.428531449520463,Hulu (Pertanian/Perkebunan)
2023-03-15,AALI.JK,6658.09716796875,6903.06484375,6831.877666015625,31.428489566814235,Hulu (Pertanian/Perkebunan)
2023-03-16,AALI.JK,6595.28466796875,6882.12744140625,6827.69017578125,20.588170737562677,Hulu (Pertanian/Perkebunan)
2023-03-17,AALI.JK,6595.28466796875,6861.1900390625,6826.85267578125,20.588170737562677,Hulu (Pertanian/Perkebunan)
2023-03-20,AALI.JK,6595.28466796875,6840.25263671875,6824.75892578125,22.580538384515435,Hulu (Pertanian/Perkebunan)
2023-03-21,AALI.JK,6616.22216796875,6824.549560546875,6822.665185546875,17.241434770441245,Hulu (Pertanian/Perkebunan)
2023-03-24,AALI.JK,6658.09716796875,6808.846533203125,6821.827685546875,22.58071310999371,Hulu (Pertanian/Perkebunan)
2023-03-27,AALI.JK,6762.78369140625,6800.471533203125,6824.340166015625,34.28567240317804,Hulu (Pertanian/Perkebunan)
2023-03-28,AALI.JK,6699.97216796875,6784.768505859375,6824.75892578125,33.333311739841605,Hulu (Pertanian/Perkebunan)
2023-03-29,AALI.JK,6783.72216796875,6773.252978515625,6827.69017578125,47.05884773803685,Hulu (Pertanian/Perkebunan)
2023-03-30,AALI.JK,6783.72216796875,6764.878002929688,6829.36517578125,55.17247479925855,Hulu (Pertanian/Perkebunan)
2023-03-31,AALI.JK,6783.72216796875,6753.362475585937,6830.621435546875,53.57148508914033,Hulu (Pertanian/Perkebunan)
2023-04-03,AALI.JK,6951.2216796875,6750.221923828125,6833.97142578125,61.764728073623054,Hulu (Pertanian/Perkebunan)
2023-04-04,AALI.JK,6930.28369140625,6747.081298828125,6836.483916015625,58.82352537699386,Hulu (Pertanian/Perkebunan)
2023-04-05,AALI.JK,6867.470703125,6742.89375,6838.57765625,62.49991801229743,Hulu (Pertanian/Perkebunan)
2023-04-06,AALI.JK,6888.40869140625,6746.034350585937,6841.09015625,67.74188694915586,Hulu (Pertanian/Perkebunan)
2023-04-10,AALI.JK,6972.15771484375,6758.59677734375,6844.8588671875,78.1249362317404,Hulu (Pertanian/Perkebunan)
2023-04-11,AALI.JK,6930.28369140625,6768.018627929688,6846.533857421875,73.52944000812118,Hulu (Pertanian/Perkebunan)
2023-04-12,AALI.JK,6867.470703125,6772.2060546875,6846.952587890625,67.56752838697682,Hulu (Pertanian/Perkebunan)
2023-04-13,AALI.JK,6818.6728515625,6772.90673828125,6847.232861328125,62.613036037071986,Hulu (Pertanian/Perkebunan)
2023-04-14,AALI.JK,6840.4580078125,6779.9310302734375,6846.27384765625,61.65311154225136,Hulu (Pertanian/Perkebunan)
2023-04-17,AALI.JK,6840.4580078125,6789.049072265625,6845.73359375,55.73014636859354,Hulu (Pertanian/Perkebunan)
2023-04-18,AALI.JK,6862.2431640625,6802.396997070313,6844.79154296875,62.74227425503182,Hulu (Pertanian/Perkebunan)
2023-04-26,AALI.JK,6687.9638671875,6807.03095703125,6842.03888671875,43.416609990379015,Hulu (Pertanian/Perkebunan)
2023-04-27,AALI.JK,6666.17822265625,6810.575634765625,6838.431767578125,42.153878245451644,Hulu (Pertanian/Perkebunan)
2023-04-28,AALI.JK,6731.53369140625,6816.3412109375,6836.9692578125,46.79594560404049,Hulu (Pertanian/Perkebunan)
2023-05-02,AALI.JK,6709.74853515625,6818.923779296875,6833.814814453125,31.944548903062795,Hulu (Pertanian/Perkebunan)
2023-05-03,AALI.JK,6687.9638671875,6815.182788085937,6831.062158203125,31.90415313561776,Hulu (Pertanian/Perkebunan)
2023-05-04,AALI.JK,6579.03955078125,6809.136157226562,6825.29353515625,29.848498804297023,Hulu (Pertanian/Perkebunan)
2023-05-05,AALI.JK,6535.46923828125,6796.7235107421875,6819.072236328125,26.09747515899302,Hulu (Pertanian/Perkebunan)
2023-05-08,AALI.JK,6622.609375,6788.66787109375,6815.431240234375,26.43537260008651,Hulu (Pertanian/Perkebunan)
2023-05-09,AALI.JK,6644.39404296875,6781.70146484375,6811.3884375,30.190321135620223,Hulu (Pertanian/Perkebunan)
2023-05-10,AALI.JK,6687.9638671875,6768.53857421875,6804.867060546875,37.22094148530875,Hulu (Pertanian/Perkebunan)
2023-05-11,AALI.JK,6644.39404296875,6754.244091796875,6797.474287109375,37.50007879801163,Hulu (Pertanian/Perkebunan)
2023-05-12,AALI.JK,6622.609375,6742.001025390625,6789.6458203125,34.37507879806681,Hulu (Pertanian/Perkebunan)
2023-05-15,AALI.JK,6622.609375,6728.7110595703125,6783.492333984375,34.37507879806681,Hulu (Pertanian/Perkebunan)
2023-05-16,AALI.JK,6513.6845703125,6705.78740234375,6774.32287109375,27.777833120195837,Hulu (Pertanian/Perkebunan)
2023-05-17,AALI.JK,6426.54443359375,6680.600439453125,6764.2480859375,31.250030643671195,Hulu (Pertanian/Perkebunan)
2023-05-19,AALI.JK,6448.32958984375,6659.643383789063,6752.9340234375,34.37507879806681,Hulu (Pertanian/Perkebunan)
2023-05-22,AALI.JK,6448.32958984375,6641.126220703125,6741.6199609375,27.58623088266664,Hulu (Pertanian/Perkebunan)
2023-05-23,AALI.JK,6535.46923828125,6625.876782226563,6733.304912109375,37.50001751070605,Hulu (Pertanian/Perkebunan)
2023-05-24,AALI.JK,6535.46923828125,6610.62734375,6723.733642578125,38.70967975168519,Hulu (Pertanian/Perkebunan)
2023-05-25,AALI.JK,6491.900390625,6592.110205078125,6713.29099609375,42.85718859942285,Hulu (Pertanian/Perkebunan)
2023-05-26,AALI.JK,6404.7607421875,6577.950048828125,6701.524287109375,40.000074712450456,Hulu (Pertanian/Perkebunan)
2023-05-29,AALI.JK,6404.7607421875,6564.879174804688,6690.595068359375,30.769257294383976,Hulu (Pertanian/Perkebunan)
2023-05-30,AALI.JK,6426.54443359375,6549.629711914063,6682.6140234375,30.76913793103448,Hulu (Pertanian/Perkebunan)
2023-05-31,AALI.JK,6143.34130859375,6521.309350585938,6671.062666015625,16.2161392660027,Hulu (Pertanian/Perkebunan)
2023-06-05,AALI.JK,6143.34130859375,6494.07822265625,6659.09255859375,17.14277846584585,Hulu (Pertanian/Perkebunan)
2023-06-06,AALI.JK,6165.12646484375,6473.382568359375,6646.72064453125,19.99994876849057,Hulu (Pertanian/Perkebunan)
2023-06-07,AALI.JK,6143.34130859375,6453.776171875,6633.494287109375,19.444387372327085,Hulu (Pertanian/Perkebunan)
2023-06-08,AALI.JK,6317.62109375,6438.5267578125,6625.847265625,38.46156498670691,Hulu (Pertanian/Perkebunan)
2023-06-09,AALI.JK,6382.974609375,6425.455786132812,6620.344814453125,47.368411739412274,Hulu (Pertanian/Perkebunan)
2023-06-12,AALI.JK,6491.900390625,6415.652612304688,6618.27712890625,52.3810108295928,Hulu (Pertanian/Perkebunan)
2023-06-13,AALI.JK,6404.7607421875,6403.670947265625,6614.466650390625,47.82613144511864,Hulu (Pertanian/Perkebunan)
2023-06-14,AALI.JK,6426.54443359375,6393.867700195313,6611.091845703125,44.18601378188755,Hulu (Pertanian/Perkebunan)
2023-06-15,AALI.JK,6513.6845703125,6388.421459960938,6609.04109375,48.93617934468743,Hulu (Pertanian/Perkebunan)
2023-06-16,AALI.JK,6600.82421875,6392.7784423828125,6607.895634765625,55.10201467781805,Hulu (Pertanian/Perkebunan)
2023-06-19,AALI.JK,6622.609375,6402.581689453125,6605.0921484375,60.869556743376975,Hulu (Pertanian/Perkebunan)
2023-06-20,AALI.JK,6579.03955078125,6409.1171875,6602.67349609375,58.3333216594966,Hulu (Pertanian/Perkebunan)
2023-06-21,AALI.JK,6622.609375,6417.8311767578125,6599.451240234375,59.18370987654604,Hulu (Pertanian/Perkebunan)
2023-06-22,AALI.JK,6622.609375,6422.18818359375,6596.228984375,80.55553653156382,Hulu (Pertanian/Perkebunan)
2023-06-23,AALI.JK,6579.03955078125,6424.36669921875,6592.13533203125,76.31577395171612,Hulu (Pertanian/Perkebunan)
2023-06-26,AALI.JK,6513.6845703125,6425.455908203125,6583.38458984375,69.99996077598549,Hulu (Pertanian/Perkebunan)
2023-06-27,AALI.JK,6513.6845703125,6430.902099609375,6575.052607421875,71.7948511642208,Hulu (Pertanian/Perkebunan)
2023-07-03,AALI.JK,6622.609375,6441.79453125,6570.155380859375,69.44441331425676,Hulu (Pertanian/Perkebunan)
2023-07-04,AALI.JK,6622.609375,6451.5977783203125,6564.83939453125,66.66668930676474,Hulu (Pertanian/Perkebunan)
2023-07-05,AALI.JK,6644.39404296875,6476.650415039063,6558.28412109375,62.06891221464019,Hulu (Pertanian/Perkebunan)
2023-07-06,AALI.JK,6687.9638671875,6503.88154296875,6553.437724609375,74.07402180608292,Hulu (Pertanian/Perkebunan)
2023-07-07,AALI.JK,6753.318359375,6533.2911376953125,6551.154677734375,75.86205830501348,Hulu (Pertanian/Perkebunan)
2023-07-10,AALI.JK,6840.4580078125,6568.14697265625,6551.590380859375,75.86203964910925,Hulu (Pertanian/Perkebunan)
2023-07-11,AALI.JK,6905.81201171875,6597.5565185546875,6552.8974609375,74.9999399631614,Hulu (Pertanian/Perkebunan)
2023-07-12,AALI.JK,6927.59765625,6624.787670898438,6554.64025390625,74.99995997547298,Hulu (Pertanian/Perkebunan)
2023-07-13,AALI.JK,6884.0283203125,6644.394067382813,6555.07595703125,75.00002001227953,Hulu (Pertanian/Perkebunan)
2023-07-14,AALI.JK,6927.59765625,6670.535913085938,6559.8686328125,75.0,Hulu (Pertanian/Perkebunan)
2023-07-17,AALI.JK,6840.4580078125,6691.231591796875,6563.354228515625,65.62498686693367,Hulu (Pertanian/Perkebunan)
2023-07-18,AALI.JK,6818.6728515625,6706.481005859375,6565.09701171875,67.7419004988146,Hulu (Pertanian/Perkebunan)
2023-07-20,AALI.JK,6818.6728515625,6717.3734375,6567.275498046875,75.0,Hulu (Pertanian/Perkebunan)
2023-07-21,AALI.JK,6971.16796875,6734.8013671875,6572.939580078125,80.0000256157055,Hulu (Pertanian/Perkebunan)
2023-07-24,AALI.JK,7080.091796875,6759.853979492187,6582.960625,80.0,Hulu (Pertanian/Perkebunan)
2023-07-25,AALI.JK,7101.876953125,6783.817358398437,6594.288779296875,80.55556247338366,Hulu (Pertanian/Perkebunan)
2023-07-26,AALI.JK,7101.876953125,6807.780737304687,6603.874130859375,80.00001280786095,Hulu (Pertanian/Perkebunan)
2023-07-27,AALI.JK,6971.16796875,6827.387158203125,6610.409609375,66.66670498079887,Hulu (Pertanian/Perkebunan)
2023-07-28,AALI.JK,6709.74853515625,6837.190356445312,6610.845302734375,47.916665693847854,Hulu (Pertanian/Perkebunan)
2023-07-31,AALI.JK,6600.82421875,6841.547338867187,6609.97390625,38.77551393815085,Hulu (Pertanian/Perkebunan)
2023-08-01,AALI.JK,6579.03955078125,6839.36884765625,6609.102509765625,34.04260899754307,Hulu (Pertanian/Perkebunan)
2023-08-02,AALI.JK,6709.74853515625,6843.725805664062,6610.84529296875,40.384602950944455,Hulu (Pertanian/Perkebunan)
2023-08-03,AALI.JK,6709.74853515625,6846.9935302734375,6614.766572265625,41.999970413843094,Hulu (Pertanian/Perkebunan)
2023-08-04,AALI.JK,6709.74853515625,6848.082763671875,6620.430654296875,39.583328469239234,Hulu (Pertanian/Perkebunan)
2023-08-07,AALI.JK,6753.318359375,6848.082763671875,6626.5304296875,45.65217179454196,Hulu (Pertanian/Perkebunan)
2023-08-08,AALI.JK,6666.17822265625,6839.3687744140625,6630.88740234375,42.85712978790655,Hulu (Pertanian/Perkebunan)
2023-08-09,AALI.JK,6622.609375,6825.208642578125,6632.630205078125,41.17649385511394,Hulu (Pertanian/Perkebunan)
2023-08-10,AALI.JK,6775.10302734375,6817.583911132812,6637.422880859375,41.176416298780204,Hulu (Pertanian/Perkebunan)
2023-08-11,AALI.JK,6731.53369140625,6809.9591796875,6642.215546875,33.333317768203145,Hulu (Pertanian/Perkebunan)
2023-08-14,AALI.JK,6731.53369140625,6800.155981445312,6648.751005859375,31.914858103993325,Hulu (Pertanian/Perkebunan)
2023-08-15,AALI.JK,6709.74853515625,6793.6205078125,6654.85076171875,31.24995622307135,Hulu (Pertanian/Perkebunan)
2023-08-16,AALI.JK,6709.74853515625,6788.174291992187,6660.51484375,35.714228536267896,Hulu (Pertanian/Perkebunan)
2023-08-18,AALI.JK,6731.53369140625,6783.817333984375,6672.27869140625,51.61292654922795,Hulu (Pertanian/Perkebunan)
2023-08-21,AALI.JK,6644.39404296875,6767.4786376953125,6682.29974609375,53.33334329502316,Hulu (Pertanian/Perkebunan)
2023-08-22,AALI.JK,6644.39404296875,6745.69375,6691.88509765625,55.17240846283097,Hulu (Pertanian/Perkebunan)
2023-08-23,AALI.JK,6687.9638671875,6724.998095703125,6702.777548828125,48.000017931028296,Hulu (Pertanian/Perkebunan)
2023-08-24,AALI.JK,6666.17822265625,6703.213159179688,6709.74869140625,46.15379973482805,Hulu (Pertanian/Perkebunan)
2023-08-25,AALI.JK,6644.39404296875,6686.874462890625,6714.977080078125,44.444453668222906,Hulu (Pertanian/Perkebunan)
2023-08-28,AALI.JK,6687.9638671875,6685.785229492188,6718.898349609375,44.444453668222906,Hulu (Pertanian/Perkebunan)
2023-08-29,AALI.JK,6687.9638671875,6690.1422119140625,6724.562412109375,52.17399354677129,Hulu (Pertanian/Perkebunan)
2023-08-30,AALI.JK,6622.609375,6692.320703125,6728.4837109375,50.0,Hulu (Pertanian/Perkebunan)
2023-08-31,AALI.JK,6622.609375,6687.9637451171875,6730.66220703125,29.41185001773323,Hulu (Pertanian/Perkebunan)
2023-09-01,AALI.JK,6666.17822265625,6685.785229492188,6731.969287109375,41.17635425373981,Hulu (Pertanian/Perkebunan)
2023-09-04,AALI.JK,6666.17822265625,6683.606713867188,6732.8406640625,41.17635425373981,Hulu (Pertanian/Perkebunan)
2023-09-05,AALI.JK,6687.9638671875,6680.3389892578125,6735.019150390625,47.058854551902996,Hulu (Pertanian/Perkebunan)
2023-09-06,AALI.JK,6666.17822265625,6680.3389892578125,6735.89052734375,44.44438910195746,Hulu (Pertanian/Perkebunan)
2023-09-07,AALI.JK,6579.03955078125,6678.160498046875,6735.019130859375,33.33333333333333,Hulu (Pertanian/Perkebunan)
2023-09-08,AALI.JK,6491.900390625,6664.0003662109375,6733.27634765625,33.33336891078562,Hulu (Pertanian/Perkebunan)
2023-09-11,AALI.JK,6513.6845703125,6653.10791015625,6733.27634765625,36.363580792165756,Hulu (Pertanian/Perkebunan)
2023-09-12,AALI.JK,6470.11474609375,6640.036962890625,6732.404951171875,27.2726346536096,Hulu (Pertanian/Perkebunan)
2023-09-13,AALI.JK,6491.900390625,6629.144555664063,6729.790771484375,31.818260544431837,Hulu (Pertanian/Perkebunan)
2023-09-14,AALI.JK,6513.6845703125,6619.341357421875,6727.612275390625,36.363580792165756,Hulu (Pertanian/Perkebunan)
2023-09-15,AALI.JK,6600.82421875,6612.805883789062,6726.74087890625,41.66663553636268,Hulu (Pertanian/Perkebunan)
2023-09-18,AALI.JK,6557.25439453125,6608.448901367187,6724.126689453125,38.461498673705755,Hulu (Pertanian/Perkebunan)
2023-09-19,AALI.JK,6470.11474609375,6599.734936523438,6718.4626171875,37.03697861972497,Hulu (Pertanian/Perkebunan)
2023-09-20,AALI.JK,6448.32958984375,6587.75322265625,6710.620048828125,35.71421138284272,Hulu (Pertanian/Perkebunan)
2023-09-21,AALI.JK,6448.32958984375,6576.860791015625,6701.470400390625,30.769257294383976,Hulu (Pertanian/Perkebunan)
2023-09-22,AALI.JK,6579.03955078125,6573.59306640625,6694.49923828125,43.7500700429223,Hulu (Pertanian/Perkebunan)
2023-09-25,AALI.JK,6753.318359375,6576.860791015625,6691.8850390625,53.84614500443103,Hulu (Pertanian/Perkebunan)
2023-09-26,AALI.JK,6600.82421875,6572.50380859375,6685.3495703125,46.66669655171383,Hulu (Pertanian/Perkebunan)
2023-09-27,AALI.JK,6600.82421875,6571.41455078125,6680.55689453125,51.21950019489042,Hulu (Pertanian/Perkebunan)
2023-09-29,AALI.JK,6535.46923828125,6567.057543945312,6674.892822265625,52.499945366489996,Hulu (Pertanian/Perkebunan)
2023-10-02,AALI.JK,6535.46923828125,6560.5220947265625,6669.22875,51.282036545871996,Hulu (Pertanian/Perkebunan)
2023-10-03,AALI.JK,6491.900390625,6551.808203125,6659.6433984375,51.28209549063996,Hulu (Pertanian/Perkebunan)
2023-10-04,AALI.JK,6426.54443359375,6538.737231445312,6646.572451171875,46.341394080038924,Hulu (Pertanian/Perkebunan)
2023-10-05,AALI.JK,6404.7607421875,6525.666357421875,6632.630126953125,43.90247502506514,Hulu (Pertanian/Perkebunan)
2023-10-06,AALI.JK,6404.7607421875,6516.952416992188,6618.687802734375,37.83787221978565,Hulu (Pertanian/Perkebunan)
2023-10-09,AALI.JK,6410.9287109375,6512.903833007813,6607.483017578125,40.481509973808464,Hulu (Pertanian/Perkebunan)
2023-10-10,AALI.JK,6499.05078125,6512.172143554688,6603.2690625,51.87988719598271,Hulu (Pertanian/Perkebunan)
2023-10-11,AALI.JK,6477.02099609375,6512.5174560546875,6600.792998046875,51.86340209781783,Hulu (Pertanian/Perkebunan)
2023-10-12,AALI.JK,6388.89794921875,6507.367333984375,6596.990166015625,46.53657431699525,Hulu (Pertanian/Perkebunan)
2023-10-13,AALI.JK,6388.89794921875,6501.128002929688,6590.573154296875,36.927882975666485,Hulu (Pertanian/Perkebunan)
2023-10-16,AALI.JK,6344.83642578125,6488.32861328125,6583.274912109375,15.792336007288284,Hulu (Pertanian/Perkebunan)
2023-10-17,AALI.JK,6344.83642578125,6477.70771484375,6575.976669921875,21.209368736099293,Hulu (Pertanian/Perkebunan)
2023-10-18,AALI.JK,6168.59130859375,6462.63154296875,6564.28212890625,15.188155022907367,Hulu (Pertanian/Perkebunan)
2023-10-19,AALI.JK,6256.71337890625,6453.050732421875,6556.09283203125,28.343343054750505,Hulu (Pertanian/Perkebunan)
2023-10-20,AALI.JK,6234.68310546875,6442.368408203125,6548.334306640625,27.40523925849307,Hulu (Pertanian/Perkebunan)
2023-10-23,AALI.JK,6212.65234375,6424.049047851562,6537.08529296875,28.321683623186203,Hulu (Pertanian/Perkebunan)
2023-10-24,AALI.JK,6256.71337890625,6399.218798828125,6527.58888671875,36.36502624960014,Hulu (Pertanian/Perkebunan)
2023-10-25,AALI.JK,6190.6220703125,6378.70869140625,6516.770654296875,33.949670250843596,Hulu (Pertanian/Perkebunan)
2023-10-26,AALI.JK,6212.65234375,6359.30009765625,6506.82873046875,36.06122830735744,Hulu (Pertanian/Perkebunan)
2023-10-27,AALI.JK,6234.68310546875,6344.260791015625,6497.327421875,37.49992208035075,Hulu (Pertanian/Perkebunan)
2023-10-30,AALI.JK,6168.59130859375,6325.91689453125,6486.06857421875,25.806387035748784,Hulu (Pertanian/Perkebunan)
2023-10-31,AALI.JK,6212.65234375,6311.9544921875,6477.433740234375,31.249891778414835,Hulu (Pertanian/Perkebunan)
2023-11-01,AALI.JK,6168.59130859375,6299.0568359375,6467.917685546875,33.33325945397242,Hulu (Pertanian/Perkebunan)
2023-11-02,AALI.JK,6212.65234375,6289.451416015625,6458.411455078125,37.49992208035075,Hulu (Pertanian/Perkebunan)
2023-11-03,AALI.JK,6234.68310546875,6280.947534179688,6449.781552734375,41.93544466338166,Hulu (Pertanian/Perkebunan)
2023-11-06,AALI.JK,6234.68310546875,6272.13525390625,6441.587333984375,41.93544466338166,Hulu (Pertanian/Perkebunan)
2023-11-07,AALI.JK,6190.6220703125,6256.713818359375,6431.640498046875,52.00002127729367,Hulu (Pertanian/Perkebunan)
2023-11-08,AALI.JK,6168.59130859375,6241.292333984375,6421.253046875,40.90910006770044,Hulu (Pertanian/Perkebunan)
2023-11-09,AALI.JK,6190.6220703125,6231.3785400390625,6412.61330078125,45.45455461314576,Hulu (Pertanian/Perkebunan)
2023-11-10,AALI.JK,6168.59130859375,6220.363208007812,6403.532939453125,45.45455461314576,Hulu (Pertanian/Perkebunan)
2023-11-13,AALI.JK,6168.59130859375,6211.550952148437,6393.581201171875,40.00002216380827,Hulu (Pertanian/Perkebunan)
2023-11-14,AALI.JK,6190.6220703125,6203.840234375,6384.070078125,50.0,Hulu (Pertanian/Perkebunan)
2023-11-15,AALI.JK,6190.6220703125,6204.9417724609375,6374.1232421875,47.05886954413065,Hulu (Pertanian/Perkebunan)
2023-11-16,AALI.JK,6190.6220703125,6201.63720703125,6364.612119140625,43.75002597316245,Hulu (Pertanian/Perkebunan)
2023-11-17,AALI.JK,6190.6220703125,6199.434155273438,6356.84376953125,53.84618007545909,Hulu (Pertanian/Perkebunan)
2023-11-20,AALI.JK,6190.6220703125,6198.3326416015625,6350.818203125,45.45461872312646,Hulu (Pertanian/Perkebunan)
2023-11-21,AALI.JK,6190.6220703125,6195.028076171875,6344.356953125,55.555582918174,Hulu (Pertanian/Perkebunan)
2023-11-22,AALI.JK,6168.59130859375,6193.926538085938,6338.326484375,37.50010389221806,Hulu (Pertanian/Perkebunan)
2023-11-23,AALI.JK,6190.6220703125,6192.825024414063,6332.30091796875,37.50010389221806,Hulu (Pertanian/Perkebunan)
2023-11-24,AALI.JK,6190.6220703125,6190.62197265625,6325.83966796875,37.50010389221806,Hulu (Pertanian/Perkebunan)
2023-11-27,AALI.JK,6278.74462890625,6196.129638671875,6319.398076171875,69.9999335090173,Hulu (Pertanian/Perkebunan)
2023-11-28,AALI.JK,6366.86669921875,6203.840356445313,6315.590322265625,84.61530592760305,Hulu (Pertanian/Perkebunan)
2023-11-29,AALI.JK,6322.806640625,6211.551123046875,6312.64416015625,71.42877497387835,Hulu (Pertanian/Perkebunan)
2023-11-30,AALI.JK,6697.32763671875,6235.784887695312,6317.62412109375,90.0001477585035,Hulu (Pertanian/Perkebunan)
2023-12-01,AALI.JK,6587.173828125,6253.409423828125,6320.401005859375,77.14290237500435,Hulu (Pertanian/Perkebunan)
2023-12-04,AALI.JK,6278.74462890625,6255.6125,6314.395107421875,54.16666859060285,Hulu (Pertanian/Perkebunan)
2023-12-05,AALI.JK,6234.68310546875,6257.8155517578125,6304.02240234375,51.99998936140504,Hulu (Pertanian/Perkebunan)
2023-12-06,AALI.JK,6234.68310546875,6261.120141601563,6296.699580078125,51.99998936140504,Hulu (Pertanian/Perkebunan)
2023-12-07,AALI.JK,6212.65234375,6262.221655273437,6288.936142578125,50.98037596651276,Hulu (Pertanian/Perkebunan)
2023-12-08,AALI.JK,6234.68310546875,6265.5262451171875,6282.920419921875,51.923066267435296,Hulu (Pertanian/Perkebunan)
2023-12-11,AALI.JK,6212.65234375,6267.729296875,6276.46408203125,50.94338044590084,Hulu (Pertanian/Perkebunan)
2023-12-12,AALI.JK,6212.65234375,6268.830810546875,6270.87912109375,51.923066267435296,Hulu (Pertanian/Perkebunan)
2023-12-13,AALI.JK,6234.68310546875,6271.033862304687,6267.04189453125,51.923066267435296,Hulu (Pertanian/Perkebunan)
2023-12-14,AALI.JK,6212.65234375,6272.1353759765625,6263.1997265625,50.94338044590084,Hulu (Pertanian/Perkebunan)
2023-12-15,AALI.JK,6212.65234375,6273.236889648438,6259.35755859375,46.9387588943283,Hulu (Pertanian/Perkebunan)
2023-12-18,AALI.JK,6190.6220703125,6273.236889648438,6254.95142578125,41.30437401196745,Hulu (Pertanian/Perkebunan)
2023-12-19,AALI.JK,6234.68310546875,6275.43994140625,6249.664072265625,45.652130968240854,Hulu (Pertanian/Perkebunan)
2023-12-20,AALI.JK,6234.68310546875,6278.74453125,6244.817314453125,13.793079729694611,Hulu (Pertanian/Perkebunan)
2023-12-21,AALI.JK,6190.6220703125,6278.74453125,6240.851796875,15.384608827300255,Hulu (Pertanian/Perkebunan)
2023-12-22,AALI.JK,6190.6220703125,6278.74453125,6236.886279296875,33.33333333333333,Hulu (Pertanian/Perkebunan)
2023-12-27,AALI.JK,6190.6220703125,6274.338403320313,6233.8019921875,40.0000443275183,Hulu (Pertanian/Perkebunan)
2023-12-28,AALI.JK,6212.65234375,6266.627685546875,6231.158310546875,45.45450882018114,Hulu (Pertanian/Perkebunan)
2023-12-29,AALI.JK,6190.6220703125,6260.01845703125,6231.59892578125,45.454600406202644,Hulu (Pertanian/Perkebunan)
2024-01-02,AALI.JK,6256.71337890625,6237.987744140625,6231.59892578125,53.84611450199475,Hulu (Pertanian/Perkebunan)
2024-01-03,AALI.JK,6278.74462890625,6222.5662841796875,6232.48015625,61.538579570737596,Hulu (Pertanian/Perkebunan)
2024-01-04,AALI.JK,6300.775390625,6223.667822265625,6234.2426171875,64.28584998258557,Hulu (Pertanian/Perkebunan)
2024-01-05,AALI.JK,6256.71337890625,6224.7693359375,6234.2426171875,53.333284080498835,Hulu (Pertanian/Perkebunan)
2024-01-08,AALI.JK,6278.74462890625,6226.972412109375,6236.005068359375,60.000059103314065,Hulu (Pertanian/Perkebunan)
2024-01-09,AALI.JK,6278.74462890625,6230.277026367187,6237.3269140625,60.000059103314065,Hulu (Pertanian/Perkebunan)
2024-01-10,AALI.JK,6300.775390625,6233.581640625,6238.648759765625,66.66666666666666,Hulu (Pertanian/Perkebunan)
2024-01-11,AALI.JK,6300.775390625,6237.98779296875,6241.29244140625,61.53850088228525,Hulu (Pertanian/Perkebunan)
2024-01-12,AALI.JK,6278.74462890625,6241.292407226562,6242.614287109375,57.14287975885914,Hulu (Pertanian/Perkebunan)
2024-01-15,AALI.JK,6322.806640625,6245.698583984375,6245.69859375,71.42857142857143,Hulu (Pertanian/Perkebunan)
2024-01-16,AALI.JK,6300.775390625,6250.104736328125,6247.4610546875,66.66656816187097,Hulu (Pertanian/Perkebunan)
2024-01-17,AALI.JK,6300.775390625,6254.510888671875,6248.782900390625,66.66656816187097,Hulu (Pertanian/Perkebunan)
2024-01-18,AALI.JK,6212.65234375,6255.61240234375,6248.34228515625,50.0,Hulu (Pertanian/Perkebunan)
2024-01-19,AALI.JK,6212.65234375,6254.5108642578125,6248.782890625,52.94109978018997,Hulu (Pertanian/Perkebunan)
2024-01-22,AALI.JK,6190.6220703125,6252.3078125,6249.223505859375,40.000206859154034,Hulu (Pertanian/Perkebunan)
2024-01-23,AALI.JK,6168.59130859375,6251.206274414062,6248.782890625,33.333481090090245,Hulu (Pertanian/Perkebunan)
2024-01-24,AALI.JK,6146.560546875,6249.003198242188,6248.342275390625,26.666843974774963,Hulu (Pertanian/Perkebunan)
2024-01-25,AALI.JK,6146.560546875,6246.800122070313,6247.90166015625,30.769466830563175,Hulu (Pertanian/Perkebunan)
2024-01-26,AALI.JK,6168.59130859375,6244.5970703125,6247.461044921875,30.769348800098214,Hulu (Pertanian/Perkebunan)
2024-01-29,AALI.JK,6146.560546875,6242.393994140625,6246.579814453125,28.57154165090151,Hulu (Pertanian/Perkebunan)
2024-01-30,AALI.JK,6080.46826171875,6233.58173828125,6244.37673828125,18.750112549435173,Hulu (Pertanian/Perkebunan)
2024-01-31,AALI.JK,6080.46826171875,6223.667919921875,6242.173662109375,18.750112549435173,Hulu (Pertanian/Perkebunan)
2024-02-01,AALI.JK,6058.43798828125,6211.551049804688,6239.52998046875,18.750138522573636,Hulu (Pertanian/Perkebunan)
2024-02-02,AALI.JK,6058.43798828125,6201.637280273438,6236.886298828125,7.14286845084024,Hulu (Pertanian/Perkebunan)
2024-02-05,AALI.JK,6058.43798828125,6190.6219482421875,6234.683232421875,7.692333921523499,Hulu (Pertanian/Perkebunan)
2024-02-06,AALI.JK,6058.43798828125,6179.606616210937,6232.03955078125,7.692333921523499,Hulu (Pertanian/Perkebunan)
2024-02-07,AALI.JK,6058.43798828125,6167.48974609375,6229.395869140625,11.111165836348022,Hulu (Pertanian/Perkebunan)
2024-02-12,AALI.JK,6102.4990234375,6157.575927734375,6225.87095703125,27.27269063843677,Hulu (Pertanian/Perkebunan)
2024-02-13,AALI.JK,6036.40673828125,6145.459033203125,6219.2617578125,23.076831274667754,Hulu (Pertanian/Perkebunan)
2024-02-15,AALI.JK,6036.40673828125,6131.1390380859375,6213.533759765625,24.999907651276445,Hulu (Pertanian/Perkebunan)
2024-02-16,AALI.JK,6014.37646484375,6116.819091796875,6199.874736328125,24.999953825552936,Hulu (Pertanian/Perkebunan)
2024-02-19,AALI.JK,6014.37646484375,6102.4991455078125,6188.4187890625,24.999953825552936,Hulu (Pertanian/Perkebunan)
2024-02-20,AALI.JK,6014.37646484375,6092.5853515625,6183.13142578125,18.181726596091934,Hulu (Pertanian/Perkebunan)
2024-02-21,AALI.JK,6102.4990234375,6087.077685546875,6180.487744140625,42.85709762499564,Hulu (Pertanian/Perkebunan)
2024-02-22,AALI.JK,6124.52978515625,6083.7730712890625,6178.284677734375,58.33339489937646,Hulu (Pertanian/Perkebunan)
2024-02-23,AALI.JK,6036.40673828125,6077.163842773438,6174.759765625,43.7499653691647,Hulu (Pertanian/Perkebunan)
2024-02-26,AALI.JK,5992.345703125,6069.453100585937,6169.913017578125,41.176424573576405,Hulu (Pertanian/Perkebunan)
2024-02-27,AALI.JK,5948.2841796875,6059.539282226562,6164.625654296875,36.84204386782493,Hulu (Pertanian/Perkebunan)
2024-02-28,AALI.JK,5948.2841796875,6048.52392578125,6159.338291015625,36.84204386782493,Hulu (Pertanian/Perkebunan)
2024-02-29,AALI.JK,5926.25390625,6037.50859375,6153.16970703125,34.99997229533176,Hulu (Pertanian/Perkebunan)
2024-03-01,AALI.JK,5992.345703125,6033.102465820312,6148.76357421875,43.478223161879136,Hulu (Pertanian/Perkebunan)
2024-03-04,AALI.JK,5904.22265625,6024.290185546875,6142.59498046875,31.99996453806395,Hulu (Pertanian/Perkebunan)
2024-03-05,AALI.JK,5838.13134765625,6013.274853515625,6135.545166015625,32.00002127719935,Hulu (Pertanian/Perkebunan)
2024-03-06,AALI.JK,5794.0693359375,6000.056420898438,6126.732890625,29.629611387883998,Hulu (Pertanian/Perkebunan)
2024-03-07,AALI.JK,5860.16162109375,5990.142602539063,6119.2424609375,37.931026576564875,Hulu (Pertanian/Perkebunan)
2024-03-08,AALI.JK,5860.16162109375,5980.228784179688,6112.633251953125,37.931026576564875,Hulu (Pertanian/Perkebunan)
2024-03-13,AALI.JK,5860.16162109375,5970.314965820313,6106.02404296875,37.931026576564875,Hulu (Pertanian/Perkebunan)
2024-03-14,AALI.JK,5904.22265625,5960.401147460938,6100.2960546875,33.33330597073736,Hulu (Pertanian/Perkebunan)
2024-03-15,AALI.JK,5904.22265625,5953.791943359375,6094.1274609375,30.76919142537352,Hulu (Pertanian/Perkebunan)
2024-03-18,AALI.JK,6036.40673828125,5953.791943359375,6091.043154296875,50.0,Hulu (Pertanian/Perkebunan)
2024-03-19,AALI.JK,6102.4990234375,5958.198071289063,6087.9588671875,58.62068438437658,Hulu (Pertanian/Perkebunan)
2024-03-20,AALI.JK,6058.43798828125,5960.401147460938,6083.552734375,58.620729186171374,Hulu (Pertanian/Perkebunan)
2024-03-21,AALI.JK,6036.40673828125,5961.502661132812,6078.265361328125,56.666654353503525,Hulu (Pertanian/Perkebunan)
2024-03-22,AALI.JK,6036.40673828125,5958.198046875,6073.859228515625,58.62063958265027,Hulu (Pertanian/Perkebunan)
2024-03-25,AALI.JK,5992.345703125,5951.588842773437,6068.13125,50.0,Hulu (Pertanian/Perkebunan)
2024-03-26,AALI.JK,6058.43798828125,5952.690405273437,6063.7251171875,62.96300552696623,Hulu (Pertanian/Perkebunan)
2024-03-27,AALI.JK,6080.46826171875,5957.096533203125,6059.318974609375,71.99992553006635,Hulu (Pertanian/Perkebunan)
2024-03-28,AALI.JK,6080.46826171875,5963.705737304687,6054.91283203125,78.26088213442186,Hulu (Pertanian/Perkebunan)
2024-04-01,AALI.JK,6102.4990234375,5971.416479492187,6051.387919921875,76.19048121625971,Hulu (Pertanian/Perkebunan)
2024-04-02,AALI.JK,6080.46826171875,5979.127197265625,6046.54115234375,72.72726356871856,Hulu (Pertanian/Perkebunan)
2024-04-03,AALI.JK,6168.59130859375,5987.939477539063,6043.897470703125,76.92308348038087,Hulu (Pertanian/Perkebunan)
2024-04-04,AALI.JK,6124.52978515625,5998.954833984375,6040.37255859375,69.23077578806759,Hulu (Pertanian/Perkebunan)
2024-04-05,AALI.JK,6146.560546875,6014.376293945313,6039.05072265625,70.37037949122073,Hulu (Pertanian/Perkebunan)
2024-04-16,AALI.JK,5992.345703125,6024.290112304688,6034.64458984375,46.42860252554956,Hulu (Pertanian/Perkebunan)
2024-04-17,AALI.JK,5992.345703125,6030.89931640625,6030.6790625,40.00001773093659,Hulu (Pertanian/Perkebunan)
2024-04-18,AALI.JK,5882.1923828125,6032.0008544921875,6024.951083984375,35.714291368281735,Hulu (Pertanian/Perkebunan)
2024-04-19,AALI.JK,5838.13134765625,6030.899340820312,6018.7825,34.4828139640459,Hulu (Pertanian/Perkebunan)
2024-04-22,AALI.JK,5816.10009765625,6026.493212890625,6012.173291015625,33.33335795964142,Hulu (Pertanian/Perkebunan)
2024-04-23,AALI.JK,5838.13134765625,6023.188647460937,6005.564091796875,37.93109246137984,Hulu (Pertanian/Perkebunan)
2024-04-24,AALI.JK,5816.10009765625,6012.173315429687,5998.9548828125,29.629653951857307,Hulu (Pertanian/Perkebunan)
2024-04-25,AALI.JK,5794.0693359375,5996.7518310546875,5993.226904296875,25.926008013376972,Hulu (Pertanian/Perkebunan)
2024-04-26,AALI.JK,5705.94677734375,5979.127270507813,5985.736474609375,22.580732801024965,Hulu (Pertanian/Perkebunan)
2024-04-29,AALI.JK,5617.82373046875,5958.1981201171875,5976.924189453125,17.647135514277622,Hulu (Pertanian/Perkebunan)
2024-04-30,AALI.JK,5727.9775390625,5942.77666015625,5970.31498046875,28.947443630028445,Hulu (Pertanian/Perkebunan)
2024-05-02,AALI.JK,5661.88525390625,5926.253637695312,5962.38392578125,18.918990153360298,Hulu (Pertanian/Perkebunan)
2024-05-03,AALI.JK,5698.06396484375,5908.234936523438,5955.1764453125,23.58542949739241,Hulu (Pertanian/Perkebunan)
2024-05-06,AALI.JK,5698.06396484375,5889.114721679687,5947.96896484375,21.44149230881162,Hulu (Pertanian/Perkebunan)
2024-05-07,AALI.JK,5698.06396484375,5869.9945068359375,5939.880263671875,26.6816631032719,Hulu (Pertanian/Perkebunan)
2024-05-08,AALI.JK,5607.61865234375,5845.25048828125,5931.304501953125,23.336710570753127,Hulu (Pertanian/Perkebunan)
2024-05-13,AALI.JK,5494.5615234375,5815.955151367188,5920.46759765625,23.243158344601838,Hulu (Pertanian/Perkebunan)
2024-05-14,AALI.JK,5517.17236328125,5783.384204101562,5910.523515625,27.169210506572853,Hulu (Pertanian/Perkebunan)
2024-05-15,AALI.JK,5517.17236328125,5753.016333007812,5900.57943359375,28.04832921697374,Hulu (Pertanian/Perkebunan)
2024-05-16,AALI.JK,5471.94970703125,5719.285791015625,5889.7308984375,23.995306297384346,Hulu (Pertanian/Perkebunan)
2024-05-17,AALI.JK,5517.17236328125,5695.527124023438,5878.024365234375,29.448351984788786,Hulu (Pertanian/Perkebunan)
2024-05-20,AALI.JK,5607.61865234375,5676.290771484375,5867.686142578125,38.28349420665794,Hulu (Pertanian/Perkebunan)
2024-05-21,AALI.JK,5517.17236328125,5658.039770507812,5857.301455078125,38.17201471943375,Hulu (Pertanian/Perkebunan)
2024-05-22,AALI.JK,5585.0068359375,5645.383544921875,5849.154677734375,47.890159855495305,Hulu (Pertanian/Perkebunan)
2024-05-27,AALI.JK,5585.0068359375,5633.828881835938,5841.889130859375,39.29149270456334,Hulu (Pertanian/Perkebunan)
2024-05-28,AALI.JK,5494.5615234375,5616.650390625,5832.814677734375,37.90855669353739,Hulu (Pertanian/Perkebunan)
2024-05-29,AALI.JK,5449.3388671875,5598.312329101563,5823.276376953125,32.258091481122605,Hulu (Pertanian/Perkebunan)
2024-05-30,AALI.JK,5268.44775390625,5572.03125,5808.79841796875,25.641051196610448,Hulu (Pertanian/Perkebunan)
2024-05-31,AALI.JK,5313.67041015625,5552.417431640625,5796.987373046875,29.268305529133045,Hulu (Pertanian/Perkebunan)
2024-06-03,AALI.JK,5426.72705078125,5542.86259765625,5788.759287109375,40.47616844101264,Hulu (Pertanian/Perkebunan)
2024-06-04,AALI.JK,5449.3388671875,5528.9306640625,5781.864677734375,47.36843002540191,Hulu (Pertanian/Perkebunan)
2024-06-05,AALI.JK,5336.28173828125,5512.65048828125,5771.387080078125,40.476229649799684,Hulu (Pertanian/Perkebunan)
2024-06-06,AALI.JK,5336.28173828125,5494.561376953125,5760.909482421875,40.476229649799684,Hulu (Pertanian/Perkebunan)
2024-06-07,AALI.JK,5313.67041015625,5475.34169921875,5749.979658203125,41.463450603485875,Hulu (Pertanian/Perkebunan)
2024-06-10,AALI.JK,5268.44775390625,5453.860888671875,5737.26416015625,36.58542237690637,Hulu (Pertanian/Perkebunan)
2024-06-11,AALI.JK,5245.83642578125,5435.77177734375,5724.096435546875,28.947383375669844,Hulu (Pertanian/Perkebunan)
2024-06-12,AALI.JK,5155.39111328125,5418.813256835938,5706.476123046875,28.947416275882134,Hulu (Pertanian/Perkebunan)
2024-06-13,AALI.JK,5087.556640625,5397.332470703125,5686.177275390625,21.05264055172789,Hulu (Pertanian/Perkebunan)
2024-06-14,AALI.JK,5019.72216796875,5372.4599609375,5665.402958984375,19.512196406572514,Hulu (Pertanian/Perkebunan)
2024-06-19,AALI.JK,4951.888671875,5346.4569091796875,5643.71259765625,20.00001079724713,Hulu (Pertanian/Perkebunan)
2024-06-20,AALI.JK,5019.72216796875,5321.584399414062,5623.37890625,26.829225900135413,Hulu (Pertanian/Perkebunan)
2024-06-21,AALI.JK,4974.5,5289.928466796875,5603.0219921875,31.428552037567073,Hulu (Pertanian/Perkebunan)
2024-06-24,AALI.JK,5064.9453125,5267.317114257812,5583.152138671875,35.13511462900891,Hulu (Pertanian/Perkebunan)
2024-06-25,AALI.JK,4838.83251953125,5230.0083984375,5558.319423828125,19.04761904761905,Hulu (Pertanian/Perkebunan)
2024-06-26,AALI.JK,4816.220703125,5191.569091796875,5533.03447265625,16.666615251093106,Hulu (Pertanian/Perkebunan)
2024-06-27,AALI.JK,4816.220703125,5157.65205078125,5507.30890625,18.918871597033956,Hulu (Pertanian/Perkebunan)
2024-06-28,AALI.JK,4884.05419921875,5129.3878173828125,5483.380625,24.999919020384183,Hulu (Pertanian/Perkebunan)
2024-07-01,AALI.JK,4884.05419921875,5110.168139648437,5457.6898828125,25.64094329488762,Hulu (Pertanian/Perkebunan)
2024-07-02,AALI.JK,4861.443359375,5087.556787109375,5432.428154296875,26.315720682093144,Hulu (Pertanian/Perkebunan)
2024-07-03,AALI.JK,4906.666015625,5061.553735351563,5407.630263671875,30.769171139235738,Hulu (Pertanian/Perkebunan)
2024-07-04,AALI.JK,4974.5,5037.811791992188,5387.273349609375,39.47363785097582,Hulu (Pertanian/Perkebunan)
2024-07-05,AALI.JK,4906.666015625,5016.331005859375,5365.559755859375,39.473660283002786,Hulu (Pertanian/Perkebunan)
2024-07-08,AALI.JK,5268.44775390625,5012.939306640625,5353.28486328125,60.78437433310864,Hulu (Pertanian/Perkebunan)
2024-07-09,AALI.JK,5155.39111328125,5005.025341796875,5339.63005859375,58.49059678827668,Hulu (Pertanian/Perkebunan)
2024-07-10,AALI.JK,5132.779296875,4998.241918945312,5325.963642578125,54.901984031041955,Hulu (Pertanian/Perkebunan)
2024-07-11,AALI.JK,5110.16796875,4991.45849609375,5311.404375,55.99999999999999,Hulu (Pertanian/Perkebunan)
2024-07-12,AALI.JK,5291.05908203125,4998.24189453125,5300.9035546875,59.25927555143038,Hulu (Pertanian/Perkebunan)
2024-07-15,AALI.JK,5291.05908203125,5008.417016601563,5290.843349609375,72.72725041888461,Hulu (Pertanian/Perkebunan)
2024-07-16,AALI.JK,5223.2255859375,5018.5921875,5281.18892578125,69.56526433595847,Hulu (Pertanian/Perkebunan)
2024-07-17,AALI.JK,5200.61376953125,5031.0284423828125,5272.8447265625,68.08512104653529,Hulu (Pertanian/Perkebunan)
2024-07-18,AALI.JK,5245.83642578125,5042.334155273437,5263.201904296875,67.39133496387612,Hulu (Pertanian/Perkebunan)
2024-07-19,AALI.JK,5223.2255859375,5054.770434570312,5254.4287109375,65.95750839544823,Hulu (Pertanian/Perkebunan)
2024-07-22,AALI.JK,5245.83642578125,5063.814990234375,5245.38416015625,68.08512104653529,Hulu (Pertanian/Perkebunan)
2024-07-23,AALI.JK,5268.44775390625,5085.295751953125,5236.7918359375,67.3913196558583,Hulu (Pertanian/Perkebunan)
2024-07-24,AALI.JK,5200.61376953125,5104.515405273438,5226.84283203125,60.86958358702995,Hulu (Pertanian/Perkebunan)
2024-07-25,AALI.JK,5245.83642578125,5125.99619140625,5219.6071875,66.66668266261522,Hulu (Pertanian/Perkebunan)
2024-07-26,AALI.JK,5449.3388671875,5154.260424804687,5218.702734375,60.526338221463256,Hulu (Pertanian/Perkebunan)
2024-07-29,AALI.JK,5471.94970703125,5183.655200195312,5217.79828125,70.58823529411765,Hulu (Pertanian/Perkebunan)
2024-07-30,AALI.JK,5404.11572265625,5210.788818359375,5215.5371484375,66.6667066565812,Hulu (Pertanian/Perkebunan)
2024-07-31,AALI.JK,5449.3388671875,5237.9224609375,5215.084931640625,70.27032863389432,Hulu (Pertanian/Perkebunan)
2024-08-01,AALI.JK,5494.5615234375,5263.925537109375,5214.63271484375,64.51617397410186,Hulu (Pertanian/Perkebunan)
2024-08-02,AALI.JK,5471.94970703125,5292.189721679688,5211.9193359375,62.5,Hulu (Pertanian/Perkebunan)
2024-08-05,AALI.JK,5223.2255859375,5289.92861328125,5206.040400390625,50.0,Hulu (Pertanian/Perkebunan)
2024-08-06,AALI.JK,5223.2255859375,5293.320336914063,5198.804775390625,51.28207967725556,Hulu (Pertanian/Perkebunan)
2024-08-07,AALI.JK,5178.00244140625,5295.581494140625,5190.6646875,46.15384615384615,Hulu (Pertanian/Perkebunan)
2024-08-08,AALI.JK,5223.2255859375,5301.234375,5185.23796875,50.0,Hulu (Pertanian/Perkebunan)
2024-08-09,AALI.JK,5268.44775390625,5300.10380859375,5181.620146484375,51.21951091049863,Hulu (Pertanian/Perkebunan)
2024-08-12,AALI.JK,5336.28173828125,5302.36494140625,5182.976826171875,53.488368589315435,Hulu (Pertanian/Perkebunan)
2024-08-13,AALI.JK,5381.5048828125,5310.27890625,5184.333515625,59.52382054141544,Hulu (Pertanian/Perkebunan)
2024-08-14,AALI.JK,5358.8935546875,5318.192895507813,5182.976845703125,56.09757767570423,Hulu (Pertanian/Perkebunan)
2024-08-15,AALI.JK,5336.28173828125,5322.715161132813,5180.715703125,42.424224577549445,Hulu (Pertanian/Perkebunan)
2024-08-16,AALI.JK,5336.28173828125,5328.36796875,5180.715703125,40.62502530603432,Hulu (Pertanian/Perkebunan)
2024-08-19,AALI.JK,5358.8935546875,5334.020825195313,5181.167939453125,46.66671465436262,Hulu (Pertanian/Perkebunan)
2024-08-20,AALI.JK,5562.39501953125,5348.718188476562,5186.142431640625,56.75671574455221,Hulu (Pertanian/Perkebunan)
2024-08-21,AALI.JK,5494.5615234375,5363.415576171875,5190.66470703125,50.0,Hulu (Pertanian/Perkebunan)
2024-08-22,AALI.JK,5449.3388671875,5373.5906982421875,5194.734755859375,48.717977113121556,Hulu (Pertanian/Perkebunan)
2024-08-23,AALI.JK,5539.7841796875,5378.112963867187,5202.4226171875,71.87497047625345,Hulu (Pertanian/Perkebunan)
2024-08-26,AALI.JK,5539.7841796875,5381.5046875,5211.46716796875,71.87497047625345,Hulu (Pertanian/Perkebunan)
2024-08-27,AALI.JK,5539.7841796875,5388.288110351563,5221.868408203125,76.66668346240861,Hulu (Pertanian/Perkebunan)
2024-08-28,AALI.JK,5539.7841796875,5392.810375976563,5233.626318359375,75.0,Hulu (Pertanian/Perkebunan)
2024-08-29,AALI.JK,5494.5615234375,5392.810375976563,5243.12310546875,67.85716764677528,Hulu (Pertanian/Perkebunan)
2024-08-30,AALI.JK,5471.94970703125,5392.810375976563,5253.072099609375,61.5384423717411,Hulu (Pertanian/Perkebunan)
2024-09-02,AALI.JK,5562.39501953125,5409.76884765625,5263.02109375,64.28566470644944,Hulu (Pertanian/Perkebunan)
2024-09-03,AALI.JK,5539.7841796875,5425.59677734375,5277.040126953125,64.28571428571429,Hulu (Pertanian/Perkebunan)
2024-09-04,AALI.JK,5449.3388671875,5439.163598632813,5289.702490234375,58.06455657669168,Hulu (Pertanian/Perkebunan)
2024-09-05,AALI.JK,5765.89794921875,5466.297216796875,5308.69603515625,71.11115909897978,Hulu (Pertanian/Perkebunan)
2024-09-06,AALI.JK,5992.01171875,5502.475415039063,5330.855185546875,75.92596591581648,Hulu (Pertanian/Perkebunan)
2024-09-09,AALI.JK,5833.73193359375,5527.347924804688,5349.848740234375,61.53849348302214,Hulu (Pertanian/Perkebunan)
2024-09-10,AALI.JK,5833.73193359375,5549.95927734375,5369.29451171875,65.3061242477728,Hulu (Pertanian/Perkebunan)
2024-09-11,AALI.JK,5743.28662109375,5569.178930664062,5386.026923828125,62.74510302064901,Hulu (Pertanian/Perkebunan)
2024-09-12,AALI.JK,5833.73193359375,5594.051440429687,5403.2115625,62.74510302064901,Hulu (Pertanian/Perkebunan)
2024-09-13,AALI.JK,5743.28662109375,5614.401684570313,5419.943974609375,58.1818281759741,Hulu (Pertanian/Perkebunan)
2024-09-17,AALI.JK,5788.5087890625,5635.8824462890625,5430.3451953125,59.64911549585196,Hulu (Pertanian/Perkebunan)
2024-09-18,AALI.JK,5743.28662109375,5644.927026367188,5442.10310546875,57.62713415292516,Hulu (Pertanian/Perkebunan)
2024-09-19,AALI.JK,5856.34326171875,5663.01611328125,5456.574384765625,62.9032387272182,Hulu (Pertanian/Perkebunan)
2024-09-20,AALI.JK,5992.01171875,5690.149755859375,5474.211259765625,67.16422191832302,Hulu (Pertanian/Perkebunan)
2024-09-23,AALI.JK,6082.45751953125,5717.283422851562,5490.039228515625,67.16423250150356,Hulu (Pertanian/Perkebunan)
2024-09-24,AALI.JK,6082.45751953125,5744.41708984375,5505.867197265625,68.18184941356155,Hulu (Pertanian/Perkebunan)
2024-09-25,AALI.JK,6082.45751953125,5771.550756835937,5523.0518359375,72.58067381166585,Hulu (Pertanian/Perkebunan)
2024-09-26,AALI.JK,6127.68017578125,5800.945556640625,5541.5931640625,66.00002936855026,Hulu (Pertanian/Perkebunan)
2024-09-27,AALI.JK,6059.845703125,5829.209765625,5557.873349609375,53.488368589315435,Hulu (Pertanian/Perkebunan)
2024-09-30,AALI.JK,5969.39990234375,5854.082275390625,5572.7968359375,57.49999190205591,Hulu (Pertanian/Perkebunan)
2024-10-01,AALI.JK,6082.45751953125,5880.085400390625,5589.5292578125,62.22224674930802,Hulu (Pertanian/Perkebunan)
2024-10-02,AALI.JK,6059.845703125,5906.0884765625,5605.357216796875,66.66664952818621,Hulu (Pertanian/Perkebunan)
2024-10-03,AALI.JK,6059.845703125,5936.613818359375,5622.54185546875,63.15788576406668,Hulu (Pertanian/Perkebunan)
2024-10-04,AALI.JK,6045.1904296875,5950.578442382813,5638.528935546875,69.26776155179431,Hulu (Pertanian/Perkebunan)
2024-10-07,AALI.JK,6136.7841796875,5957.817065429687,5652.277841796875,70.98513645510927,Hulu (Pertanian/Perkebunan)
2024-10-08,AALI.JK,6090.9873046875,5970.679833984375,5664.65859375,70.93600809578999,Hulu (Pertanian/Perkebunan)
2024-10-09,AALI.JK,6045.1904296875,5981.252758789063,5677.480087890625,62.37320756624431,Hulu (Pertanian/Perkebunan)
2024-10-10,AALI.JK,5976.4951171875,5992.91318359375,5688.023212890625,48.88555180230731,Hulu (Pertanian/Perkebunan)
2024-10-11,AALI.JK,6022.2919921875,6002.3411865234375,5698.577822265625,45.38259010242924,Hulu (Pertanian/Perkebunan)
2024-10-14,AALI.JK,6251.2763671875,6027.740673828125,5714.16435546875,59.58662346311958,Hulu (Pertanian/Perkebunan)
2024-10-15,AALI.JK,6205.47998046875,6048.5892333984375,5733.809443359375,56.64061552799681,Hulu (Pertanian/Perkebunan)
2024-10-16,AALI.JK,6022.2919921875,6062.539501953125,5749.790771484375,45.048727031814686,Hulu (Pertanian/Perkebunan)
2024-10-17,AALI.JK,6159.68310546875,6077.706494140625,5769.424384765625,54.402739311890436,Hulu (Pertanian/Perkebunan)
2024-10-18,AALI.JK,6205.47998046875,6088.379907226563,5789.06947265625,60.837702109116734,Hulu (Pertanian/Perkebunan)
2024-10-21,AALI.JK,6159.68310546875,6092.241186523437,5806.8941796875,53.778528056451194,Hulu (Pertanian/Perkebunan)
2024-10-22,AALI.JK,6319.9716796875,6104.11689453125,5826.567978515625,61.21641526452177,Hulu (Pertanian/Perkebunan)
2024-10-23,AALI.JK,6251.2763671875,6112.557836914062,5843.963408203125,57.79267915509508,Hulu (Pertanian/Perkebunan)
2024-10-24,AALI.JK,6319.9716796875,6122.172412109375,5863.184970703125,60.714285714285715,Hulu (Pertanian/Perkebunan)
2024-10-25,AALI.JK,6205.47998046875,6129.454125976563,5880.568935546875,52.6315986369236,Hulu (Pertanian/Perkebunan)
2024-10-28,AALI.JK,6136.7841796875,6137.82333984375,5896.578984375,51.72413793103448,Hulu (Pertanian/Perkebunan)
2024-10-29,AALI.JK,6205.47998046875,6143.974462890625,5913.510712890625,55.93221931680801,Hulu (Pertanian/Perkebunan)
2024-10-30,AALI.JK,6090.9873046875,6145.53154296875,5924.08255859375,54.098357790410454,Hulu (Pertanian/Perkebunan)
2024-10-31,AALI.JK,6205.47998046875,6152.813256835938,5938.300927734375,56.25001041199169,Hulu (Pertanian/Perkebunan)
2024-11-01,AALI.JK,6159.68310546875,6158.537890625,5952.5078125,46.42859454743946,Hulu (Pertanian/Perkebunan)
2024-11-04,AALI.JK,6113.8857421875,6157.39296875,5963.98984375,46.428559189180035,Hulu (Pertanian/Perkebunan)
2024-11-05,AALI.JK,6136.7841796875,6159.6828125,5975.92984375,55.102031935134036,Hulu (Pertanian/Perkebunan)
2024-11-06,AALI.JK,6113.8857421875,6163.117578125,5987.411875,47.72725180003945,Hulu (Pertanian/Perkebunan)
2024-11-07,AALI.JK,6090.9873046875,6168.8421875,5998.4359375,44.18603036600974,Hulu (Pertanian/Perkebunan)
2024-11-08,AALI.JK,6068.08935546875,6171.132055664062,6009.906494140625,45.23810007341465,Hulu (Pertanian/Perkebunan)
2024-11-11,AALI.JK,6136.7841796875,6165.407446289062,6023.20318359375,39.47369602424175,Hulu (Pertanian/Perkebunan)
2024-11-12,AALI.JK,6136.7841796875,6161.97265625,6034.690966796875,42.85715156071604,Hulu (Pertanian/Perkebunan)
2024-11-13,AALI.JK,6022.2919921875,6161.97265625,6044.341123046875,32.43245268143346,Hulu (Pertanian/Perkebunan)
2024-11-14,AALI.JK,5953.5966796875,6151.6683349609375,6054.426279296875,34.285712545000706,Hulu (Pertanian/Perkebunan)
2024-11-15,AALI.JK,5930.6982421875,6137.929248046875,6057.72228515625,36.363653986572494,Hulu (Pertanian/Perkebunan)
2024-11-18,AALI.JK,5770.4091796875,6118.465551757812,6053.290234375,24.324310305777075,Hulu (Pertanian/Perkebunan)
2024-11-19,AALI.JK,5724.61181640625,6088.69755859375,6051.10783203125,26.470571633745493,Hulu (Pertanian/Perkebunan)
2024-11-20,AALI.JK,5678.8154296875,6060.07451171875,6048.009501953125,12.903165895685376,Hulu (Pertanian/Perkebunan)
2024-11-21,AALI.JK,5655.9169921875,6026.87177734375,6046.262109375,13.333271731257625,Hulu (Pertanian/Perkebunan)
2024-11-22,AALI.JK,5678.8154296875,6000.538549804687,6043.163779296875,17.24133113526503,Hulu (Pertanian/Perkebunan)
2024-11-25,AALI.JK,5678.8154296875,5977.640112304687,6041.87435546875,14.285659888232743,Hulu (Pertanian/Perkebunan)
2024-11-26,AALI.JK,5747.5107421875,5954.741650390625,6041.05439453125,23.333295424336725,Hulu (Pertanian/Perkebunan)
2024-11-28,AALI.JK,5678.8154296875,5934.133056640625,6039.764970703125,21.874962516742528,Hulu (Pertanian/Perkebunan)
2024-11-29,AALI.JK,5678.8154296875,5907.799829101563,6036.2144140625,22.58059190727589,Hulu (Pertanian/Perkebunan)
2024-12-02,AALI.JK,5610.1201171875,5880.3216796875,6028.57658203125,12.903225806451616,Hulu (Pertanian/Perkebunan)
2024-12-03,AALI.JK,5610.1201171875,5855.1333984375,6019.129833984375,12.903225806451616,Hulu (Pertanian/Perkebunan)
2024-12-04,AALI.JK,5724.61181640625,5834.5247802734375,6011.972919921875,29.03220924833623,Hulu (Pertanian/Perkebunan)
2024-12-05,AALI.JK,5678.8154296875,5812.771264648438,6003.900078125,29.999971568252533,Hulu (Pertanian/Perkebunan)
2024-12-06,AALI.JK,5701.7138671875,5793.307592773437,5995.380751953125,33.333309640210445,Hulu (Pertanian/Perkebunan)
2024-12-09,AALI.JK,5678.8154296875,5773.843896484375,5987.760146484375,41.6666518584596,Hulu (Pertanian/Perkebunan)
2024-12-10,AALI.JK,5747.5107421875,5754.380224609375,5983.32236328125,52.00004776539005,Hulu (Pertanian/Perkebunan)
2024-12-11,AALI.JK,5724.61181640625,5733.7716064453125,5976.16544921875,54.16662594413343,Hulu (Pertanian/Perkebunan)
2024-12-12,AALI.JK,5724.61181640625,5718.88759765625,5969.460771484375,56.52169882079385,Hulu (Pertanian/Perkebunan)
2024-12-13,AALI.JK,5678.8154296875,5705.14853515625,5961.840166015625,50.0,Hulu (Pertanian/Perkebunan)
2024-12-16,AALI.JK,5633.01806640625,5690.2645263671875,5953.59671875,46.153801992134795,Hulu (Pertanian/Perkebunan)
2024-12-17,AALI.JK,5633.01806640625,5683.394970703125,5943.521396484375,39.130378349111396,Hulu (Pertanian/Perkebunan)
2024-12-18,AALI.JK,5564.3232421875,5675.380541992187,5932.988115234375,39.13041462776954,Hulu (Pertanian/Perkebunan)
2024-12-19,AALI.JK,5404.03369140625,5661.641455078125,5920.16498046875,29.99995024447732,Hulu (Pertanian/Perkebunan)
2024-12-20,AALI.JK,5335.33837890625,5645.612524414062,5907.341845703125,29.99995024447732,Hulu (Pertanian/Perkebunan)
2024-12-23,AALI.JK,5335.33837890625,5628.438671875,5893.6027734375,29.99995024447732,Hulu (Pertanian/Perkebunan)
2024-12-24,AALI.JK,5335.33837890625,5611.264819335937,5875.284013671875,16.0,Hulu (Pertanian/Perkebunan)
2024-12-27,AALI.JK,5633.01806640625,5605.540185546875,5863.834775390625,47.22219425123071,Hulu (Pertanian/Perkebunan)
2024-12-30,AALI.JK,5678.8154296875,5605.540185546875,5856.965244140625,48.648650206264115,Hulu (Pertanian/Perkebunan)
2025-01-02,AALI.JK,5633.01806640625,5603.250317382813,5846.431943359375,47.368397425213985,Hulu (Pertanian/Perkebunan)
2025-01-03,AALI.JK,5655.9169921875,5605.5401611328125,5835.44068359375,44.444457607240594,Hulu (Pertanian/Perkebunan)
2025-01-06,AALI.JK,5587.22119140625,5604.39521484375,5823.9914453125,42.105280878447985,Hulu (Pertanian/Perkebunan)
2025-01-07,AALI.JK,5564.3232421875,5596.380786132812,5808.8784765625,41.02568308431026,Hulu (Pertanian/Perkebunan)
2025-01-08,AALI.JK,5518.5263671875,5588.3663330078125,5794.2234765625,41.02566065300927,Hulu (Pertanian/Perkebunan)
2025-01-09,AALI.JK,5472.72900390625,5576.91708984375,5777.278623046875,41.02566065300927,Hulu (Pertanian/Perkebunan)
2025-01-10,AALI.JK,5426.9326171875,5564.32294921875,5761.70767578125,39.02443337343238,Hulu (Pertanian/Perkebunan)
2025-01-13,AALI.JK,5518.5263671875,5552.87373046875,5749.34251953125,47.61905245436212,Hulu (Pertanian/Perkebunan)
2025-01-14,AALI.JK,5426.9326171875,5537.989770507813,5733.771572265625,51.28207651725282,Hulu (Pertanian/Perkebunan)
2025-01-15,AALI.JK,5495.62744140625,5526.540551757813,5721.864375,58.974349160664126,Hulu (Pertanian/Perkebunan)
2025-01-16,AALI.JK,5472.72900390625,5516.23623046875,5707.20935546875,57.49999200359092,Hulu (Pertanian/Perkebunan)
2025-01-17,AALI.JK,5495.62744140625,5509.36669921875,5693.9282421875,58.53657648623993,Hulu (Pertanian/Perkebunan)
2025-01-20,AALI.JK,5449.8310546875,5500.207348632813,5680.6471484375,36.66671168350415,Hulu (Pertanian/Perkebunan)
2025-01-21,AALI.JK,5426.9326171875,5493.337817382812,5666.4501171875,31.034482758620697,Hulu (Pertanian/Perkebunan)
2025-01-22,AALI.JK,5472.72900390625,5496.7725830078125,5653.626982421875,37.93101673404501,Hulu (Pertanian/Perkebunan)
2025-01-23,AALI.JK,5495.62744140625,5504.787036132812,5641.71978515625,37.93097109444911,Hulu (Pertanian/Perkebunan)
2025-01-24,AALI.JK,5426.9326171875,5509.366748046875,5628.896650390625,37.9310268761503,Hulu (Pertanian/Perkebunan)
2025-01-30,AALI.JK,5404.03369140625,5512.801513671875,5614.241640625,37.93097109444911,Hulu (Pertanian/Perkebunan)
2025-01-31,AALI.JK,5381.13525390625,5500.207373046875,5599.128662109375,39.28565172856288,Hulu (Pertanian/Perkebunan)
2025-02-03,AALI.JK,5358.23681640625,5484.178442382812,5585.84755859375,40.740711489920926,Hulu (Pertanian/Perkebunan)
2025-02-04,AALI.JK,5335.33837890625,5469.294458007813,5573.482392578125,42.30763237384287,Hulu (Pertanian/Perkebunan)
2025-02-05,AALI.JK,5289.5419921875,5450.9757080078125,5560.659267578125,29.166592625499774,Hulu (Pertanian/Perkebunan)
2025-02-06,AALI.JK,5197.94775390625,5431.512036132813,5549.2100390625,29.16656671118018,Hulu (Pertanian/Perkebunan)
2025-02-07,AALI.JK,5197.94775390625,5413.19326171875,5538.6767578125,19.047556188275152,Hulu (Pertanian/Perkebunan)
2025-02-10,AALI.JK,5129.25244140625,5393.729565429688,5527.685498046875,17.391243883308633,Hulu (Pertanian/Perkebunan)
2025-02-11,AALI.JK,5129.25244140625,5376.555737304688,5517.15220703125,13.636293144391345,Hulu (Pertanian/Perkebunan)
2025-02-12,AALI.JK,5129.25244140625,5361.671728515625,5506.160947265625,14.999909373837184,Hulu (Pertanian/Perkebunan)
2025-02-13,AALI.JK,5129.25244140625,5342.208032226563,5495.1696875,15.789379174274956,Hulu (Pertanian/Perkebunan)
2025-02-14,AALI.JK,5289.5419921875,5335.3385009765625,5486.0103125,33.33339256600371,Hulu (Pertanian/Perkebunan)
2025-02-17,AALI.JK,5312.43994140625,5326.179125976562,5478.682802734375,33.33333333333333,Hulu (Pertanian/Perkebunan)
2025-02-18,AALI.JK,5358.23681640625,5320.454516601562,5472.27123046875,43.47822055999903,Hulu (Pertanian/Perkebunan)
2025-02-19,AALI.JK,5426.9326171875,5317.019775390625,5468.60748046875,52.000040941623226,Hulu (Pertanian/Perkebunan)
2025-02-20,AALI.JK,5449.8310546875,5317.019775390625,5465.40169921875,56.00003752982128,Hulu (Pertanian/Perkebunan)
2025-02-21,AALI.JK,5404.03369140625,5315.874829101563,5458.99013671875,53.84614753735347,Hulu (Pertanian/Perkebunan)
2025-02-24,AALI.JK,5404.03369140625,5312.4400634765625,5453.494501953125,55.99998976460292,Hulu (Pertanian/Perkebunan)
2025-02-25,AALI.JK,5266.64306640625,5300.9908447265625,5444.7930859375,48.27582910718999,Hulu (Pertanian/Perkebunan)
2025-02-26,AALI.JK,5335.33837890625,5296.4111328125,5437.923544921875,60.714269395090966,Hulu (Pertanian/Perkebunan)
2025-02-27,AALI.JK,5243.74462890625,5288.3966796875,5427.84822265625,53.124995835204714,Hulu (Pertanian/Perkebunan)
2025-02-28,AALI.JK,4946.064453125,5266.643139648438,5412.277275390625,40.47617959672731,Hulu (Pertanian/Perkebunan)
2025-03-03,AALI.JK,5106.35400390625,5254.048999023437,5399.912119140625,48.97959361297319,Hulu (Pertanian/Perkebunan)
2025-03-04,AALI.JK,5060.5576171875,5240.3099609375,5387.546962890625,47.058848124283195,Hulu (Pertanian/Perkebunan)
2025-03-05,AALI.JK,5220.84619140625,5236.875170898437,5379.303525390625,53.44827332654404,Hulu (Pertanian/Perkebunan)
2025-03-06,AALI.JK,5335.33837890625,5243.744702148438,5373.349931640625,51.785694566664766,Hulu (Pertanian/Perkebunan)
2025-03-07,AALI.JK,5312.43994140625,5249.469311523438,5368.312265625,50.0,Hulu (Pertanian/Perkebunan)
2025-03-10,AALI.JK,5266.64306640625,5256.338842773437,5365.564453125,46.42857414843929,Hulu (Pertanian/Perkebunan)
2025-03-11,AALI.JK,5335.33837890625,5266.643139648438,5365.564453125,46.42855374942359,Hulu (Pertanian/Perkebunan)
2025-03-12,AALI.JK,5289.5419921875,5274.6576171875,5364.648525390625,43.85964912280702,Hulu (Pertanian/Perkebunan)
2025-03-13,AALI.JK,5197.94775390625,5278.0923828125,5361.900712890625,42.37288135593221,Hulu (Pertanian/Perkebunan)
2025-03-14,AALI.JK,5289.5419921875,5278.0923828125,5355.03119140625,46.031764298520635,Hulu (Pertanian/Perkebunan)
2025-03-17,AALI.JK,5358.23681640625,5280.3822265625,5348.619619140625,53.33333333333333,Hulu (Pertanian/Perkebunan)
2025-03-18,AALI.JK,5152.15087890625,5270.0779296875,5339.002275390625,43.93939393939394,Hulu (Pertanian/Perkebunan)
2025-03-19,AALI.JK,5152.15087890625,5256.338842773437,5328.926953125,46.7741935483871,Hulu (Pertanian/Perkebunan)
2025-03-20,AALI.JK,5129.25244140625,5240.309912109375,5319.767578125,58.00002473559568,Hulu (Pertanian/Perkebunan)
2025-03-21,AALI.JK,5083.455078125,5224.280981445312,5310.15021484375,48.88886466927512,Hulu (Pertanian/Perkebunan)
2025-03-24,AALI.JK,5014.76025390625,5204.817309570312,5300.074892578125,47.82606277074839,Hulu (Pertanian/Perkebunan)
2025-03-25,AALI.JK,4968.96337890625,5189.933325195312,5289.999580078125,36.58536585365854,Hulu (Pertanian/Perkebunan)
2025-03-26,AALI.JK,5197.94775390625,5183.063793945313,5285.4198828125,43.47826086956522,Hulu (Pertanian/Perkebunan)
2025-03-27,AALI.JK,5129.25244140625,5177.339184570313,5277.634404296875,41.666666666666664,Hulu (Pertanian/Perkebunan)
2025-04-08,AALI.JK,4785.77587890625,5169.324755859375,5264.81126953125,32.786885245901644,Hulu (Pertanian/Perkebunan)
2025-04-09,AALI.JK,4831.572265625,5155.585668945312,5251.530166015625,31.6666423812416,Hulu (Pertanian/Perkebunan)
2025-04-10,AALI.JK,4991.861328125,5152.150854492187,5241.9128125,39.99996719418419,Hulu (Pertanian/Perkebunan)
2025-04-11,AALI.JK,5014.76025390625,5141.8465576171875,5232.29546875,43.54838709677419,Hulu (Pertanian/Perkebunan)
2025-04-14,AALI.JK,5175.04931640625,5133.832104492188,5226.799833984375,46.1538284891703,Hulu (Pertanian/Perkebunan)
2025-04-15,AALI.JK,5152.15087890625,5125.817651367188,5221.30419921875,42.857142857142854,Hulu (Pertanian/Perkebunan)
2025-04-16,AALI.JK,5152.15087890625,5120.093041992188,5214.89263671875,50.0,Hulu (Pertanian/Perkebunan)
2025-04-17,AALI.JK,5220.84619140625,5114.368432617188,5209.39701171875,52.631578947368425,Hulu (Pertanian/Perkebunan)
2025-04-21,AALI.JK,5152.15087890625,5107.498876953125,5203.901376953125,50.847457627118644,Hulu (Pertanian/Perkebunan)
2025-04-22,AALI.JK,5197.94775390625,5107.498876953125,5199.779658203125,54.237307738041245,Hulu (Pertanian/Perkebunan)
2025-04-23,AALI.JK,5266.64306640625,5106.353930664062,5197.489814453125,59.32203389830509,Hulu (Pertanian/Perkebunan)
2025-04-24,AALI.JK,5312.43994140625,5104.0640869140625,5196.573876953125,62.71186440677966,Hulu (Pertanian/Perkebunan)
2025-04-25,AALI.JK,5358.23681640625,5114.368383789062,5197.031845703125,56.86274509803922,Hulu (Pertanian/Perkebunan)
2025-04-28,AALI.JK,5449.8310546875,5129.252392578125,5200.237626953125,63.46155344495781,Hulu (Pertanian/Perkebunan)
2025-04-29,AALI.JK,5518.5263671875,5148.716088867188,5206.64919921875,90.00000533094223,Hulu (Pertanian/Perkebunan)
2025-04-30,AALI.JK,5449.8310546875,5167.034887695312,5211.686865234375,82.92684702752013,Hulu (Pertanian/Perkebunan)
2025-05-02,AALI.JK,5495.62744140625,5191.0782470703125,5219.014365234375,80.55556707302264,Hulu (Pertanian/Perkebunan)
2025-05-05,AALI.JK,5541.42431640625,5219.7012939453125,5227.257802734375,81.08108108108108,Hulu (Pertanian/Perkebunan)
2025-05-06,AALI.JK,5472.72900390625,5233.440356445312,5234.127333984375,69.69696969696969,Hulu (Pertanian/Perkebunan)
2025-05-07,AALI.JK,5518.5263671875,5252.904052734375,5241.9128125,73.5294283662545,Hulu (Pertanian/Perkebunan)
2025-05-08,AALI.JK,5597.888671875,5293.509692382812,5248.07974609375,75.97813089250478,Hulu (Pertanian/Perkebunan)
2025-05-09,AALI.JK,5527.02880859375,5328.28251953125,5252.3715234375,67.79977881632672,Hulu (Pertanian/Perkebunan)
2025-05-14,AALI.JK,5621.50830078125,5359.764868164062,5257.636953125,76.49167308809538,Hulu (Pertanian/Perkebunan)
2025-05-15,AALI.JK,5621.50830078125,5390.102270507812,5261.528466796875,75.21009087178558,Hulu (Pertanian/Perkebunan)
2025-05-16,AALI.JK,5621.50830078125,5412.425219726562,5264.96201171875,73.00238390943423,Hulu (Pertanian/Perkebunan)
2025-05-19,AALI.JK,5715.9873046875,5440.617041015625,5271.201083984375,74.60509604580999,Hulu (Pertanian/Perkebunan)
2025-05-20,AALI.JK,5668.74755859375,5466.446875,5276.495361328125,68.89921267892444,Hulu (Pertanian/Perkebunan)
2025-05-21,AALI.JK,5715.9873046875,5491.203930664063,5285.48224609375,67.12415869553197,Hulu (Pertanian/Perkebunan)
2025-05-22,AALI.JK,5692.36767578125,5518.214770507812,5292.62283203125,61.87341630309866,Hulu (Pertanian/Perkebunan)
2025-05-23,AALI.JK,5715.9873046875,5544.116748046875,5302.067685546875,69.37131915510616,Hulu (Pertanian/Perkebunan)
2025-05-26,AALI.JK,5645.1279296875,5563.040991210937,5316.048955078125,60.497917059539525,Hulu (Pertanian/Perkebunan)
2025-05-27,AALI.JK,5597.888671875,5577.313427734375,5325.8796484375,53.95690887602149,Hulu (Pertanian/Perkebunan)
2025-05-28,AALI.JK,5668.74755859375,5592.83896484375,5338.043447265625,63.6950588813231,Hulu (Pertanian/Perkebunan)
2025-06-02,AALI.JK,5668.74755859375,5603.7847900390625,5347.001474609375,61.21293099112378,Hulu (Pertanian/Perkebunan)
2025-06-03,AALI.JK,5621.50830078125,5608.93388671875,5352.724873046875,51.851840508881935,Hulu (Pertanian/Perkebunan)
2025-06-04,AALI.JK,5645.1279296875,5618.69873046875,5359.3786328125,60.00003307613879,Hulu (Pertanian/Perkebunan)
2025-06-05,AALI.JK,5574.2685546875,5622.630786132812,5365.531142578125,45.83330821038161,Hulu (Pertanian/Perkebunan)
2025-06-10,AALI.JK,5668.74755859375,5628.9969482421875,5372.199326171875,53.571412750562956,Hulu (Pertanian/Perkebunan)
2025-06-11,AALI.JK,5715.9873046875,5641.15986328125,5380.728232421875,56.66666896362106,Hulu (Pertanian/Perkebunan)
2025-06-12,AALI.JK,5692.36767578125,5649.8519287109375,5390.616630859375,48.14815665538862,Hulu (Pertanian/Perkebunan)
2025-06-13,AALI.JK,5645.1279296875,5652.213891601563,5397.728349609375,48.14815665538862,Hulu (Pertanian/Perkebunan)
2025-06-16,AALI.JK,5621.50830078125,5656.9378662109375,5402.993779296875,42.307683133458376,Hulu (Pertanian/Perkebunan)
2025-06-17,AALI.JK,5739.607421875,5662.842822265625,5414.74291015625,53.33335170896852,Hulu (Pertanian/Perkebunan)
2025-06-18,AALI.JK,5645.1279296875,5664.0238037109375,5424.602451171875,45.45453975962183,Hulu (Pertanian/Perkebunan)
2025-06-19,AALI.JK,5527.02880859375,5659.299829101563,5432.557978515625,42.85712598157779,Hulu (Pertanian/Perkebunan)
2025-06-20,AALI.JK,5479.78955078125,5647.48994140625,5440.48466796875,42.85712598157779,Hulu (Pertanian/Perkebunan)
2025-06-23,AALI.JK,5408.93017578125,5634.499072265625,5448.36806640625,34.28572778615836,Hulu (Pertanian/Perkebunan)
2025-06-24,AALI.JK,5503.4091796875,5623.870166015625,5459.056982421875,41.025645103068605,Hulu (Pertanian/Perkebunan)
2025-06-25,AALI.JK,5550.64892578125,5616.784228515625,5466.111005859375,46.15384615384615,Hulu (Pertanian/Perkebunan)
2025-06-26,AALI.JK,5550.64892578125,5608.517309570312,5474.538935546875,44.73685212657907,Hulu (Pertanian/Perkebunan)
2025-06-30,AALI.JK,5479.78955078125,5600.250390625,5488.419208984375,44.73685212657907,Hulu (Pertanian/Perkebunan)
2025-07-01,AALI.JK,5432.5498046875,5591.983447265625,5500.438759765625,36.11112865724421,Hulu (Pertanian/Perkebunan)
2025-07-02,AALI.JK,5432.5498046875,5580.173559570312,5509.252529296875,32.35294832959809,Hulu (Pertanian/Perkebunan)
2025-07-03,AALI.JK,5479.78955078125,5570.725659179688,5518.553115234375,37.14286726817824,Hulu (Pertanian/Perkebunan)
2025-07-04,AALI.JK,5456.169921875,5562.458740234375,5524.17552734375,38.235319153593316,Hulu (Pertanian/Perkebunan)
2025-07-07,AALI.JK,5479.78955078125,5554.191821289062,5530.72830078125,41.176474164799046,Hulu (Pertanian/Perkebunan)
2025-07-08,AALI.JK,5432.5498046875,5547.105883789062,5536.336279296875,29.03224515762477,Hulu (Pertanian/Perkebunan)
2025-07-09,AALI.JK,5503.4091796875,5538.83896484375,5541.9875390625,39.99999999999999,Hulu (Pertanian/Perkebunan)
2025-07-10,AALI.JK,5527.02880859375,5529.391040039062,5549.48509765625,50.0,Hulu (Pertanian/Perkebunan)
2025-07-11,AALI.JK,5597.888671875,5524.66708984375,5557.483916015625,59.25926493073553,Hulu (Pertanian/Perkebunan)
2025-07-14,AALI.JK,5597.888671875,5522.305126953125,5564.108828125,66.66666666666666,Hulu (Pertanian/Perkebunan)
2025-07-15,AALI.JK,5550.64892578125,5518.762158203125,5568.8730078125,54.545463087815904,Hulu (Pertanian/Perkebunan)
2025-07-16,AALI.JK,5621.50830078125,5512.857202148438,5574.1384375,56.52173131473645,Hulu (Pertanian/Perkebunan)
2025-07-17,AALI.JK,5999.4248046875,5530.572045898438,5585.1303125,74.358952612717,Hulu (Pertanian/Perkebunan)
2025-07-18,AALI.JK,5975.80517578125,5553.0108642578125,5594.275888671875,78.37836780805156,Hulu (Pertanian/Perkebunan)
2025-07-21,AALI.JK,6023.04443359375,5580.173608398438,5605.74015625,83.78378076368872,Hulu (Pertanian/Perkebunan)
2025-07-22,AALI.JK,5928.5654296875,5606.15537109375,5614.398916015625,75.60976470600099,Hulu (Pertanian/Perkebunan)
2025-07-23,AALI.JK,5975.80517578125,5629.775170898438,5623.086533203125,75.60976470600099,Hulu (Pertanian/Perkebunan)
2025-07-24,AALI.JK,6164.76318359375,5660.480883789062,5636.927216796875,81.2499919247829,Hulu (Pertanian/Perkebunan)
2025-07-25,AALI.JK,6093.90380859375,5687.643627929688,5648.434765625,75.99999338478318,Hulu (Pertanian/Perkebunan)
2025-07-28,AALI.JK,6141.1435546875,5720.711328125,5659.29986328125,80.00000826902102,Hulu (Pertanian/Perkebunan)
2025-07-29,AALI.JK,6141.1435546875,5756.141015625,5671.582158203125,78.72341267781694,Hulu (Pertanian/Perkebunan)
2025-07-30,AALI.JK,6542.68017578125,5811.647534179688,5690.005595703125,84.1269950648396,Hulu (Pertanian/Perkebunan)
2025-07-31,AALI.JK,6424.58056640625,5858.8870849609375,5706.067041015625,76.92304756561704,Hulu (Pertanian/Perkebunan)
2025-08-01,AALI.JK,6424.58056640625,5907.3076171875,5722.128486328125,76.92304756561704,Hulu (Pertanian/Perkebunan)
2025-08-04,AALI.JK,6377.34130859375,5952.185205078125,5735.35556640625,76.92307203016539,Hulu (Pertanian/Perkebunan)
2025-08-05,AALI.JK,6519.06005859375,6006.510717773437,5752.36181640625,77.94117199988082,Hulu (Pertanian/Perkebunan)
2025-08-06,AALI.JK,6471.8203125,6054.9312744140625,5767.4784765625,68.51850575768712,Hulu (Pertanian/Perkebunan)
2025-08-07,AALI.JK,6448.20068359375,6100.9898681640625,5782.59513671875,68.51850575768712,Hulu (Pertanian/Perkebunan)
2025-08-08,AALI.JK,6542.68017578125,6148.229443359375,5799.128994140625,69.64285977966028,Hulu (Pertanian/Perkebunan)
2025-08-11,AALI.JK,6778.8779296875,6207.27890625,5821.803994140625,79.03224515762477,Hulu (Pertanian/Perkebunan)
2025-08-12,AALI.JK,6660.77880859375,6262.785400390625,5843.061796875,72.30767224676777,Hulu (Pertanian/Perkebunan)
2025-08-13,AALI.JK,6755.2578125,6319.472875976562,5864.792001953125,70.49178605620557,Hulu (Pertanian/Perkebunan)
2025-08-14,AALI.JK,6731.63818359375,6356.083544921875,5886.049814453125,72.88134524258346,Hulu (Pertanian/Perkebunan)
2025-08-15,AALI.JK,6613.5390625,6387.970239257813,5905.8904296875,66.12901397330174,Hulu (Pertanian/Perkebunan)
2025-08-19,AALI.JK,6991.45556640625,6436.390795898437,5932.816982421875,73.07690370915748,Hulu (Pertanian/Perkebunan)
2025-08-20,AALI.JK,6991.45556640625,6489.535302734375,5961.16072265625,65.57374438028802,Hulu (Pertanian/Perkebunan)
2025-08-21,AALI.JK,6944.21630859375,6537.955859375,5986.67009765625,68.96553813516431,Hulu (Pertanian/Perkebunan)
2025-08-22,AALI.JK,7038.6953125,6581.6524658203125,6013.1242578125,70.96775914468958,Hulu (Pertanian/Perkebunan)
2025-08-25,AALI.JK,7062.31494140625,6630.073022460938,6040.523203125,73.77049124771416,Hulu (Pertanian/Perkebunan)
2025-08-26,AALI.JK,6826.11669921875,6664.3216796875,6064.142978515625,59.99998091764501,Hulu (Pertanian/Perkebunan)
2025-08-27,AALI.JK,6802.49755859375,6697.389379882812,6087.762763671875,60.93751362693325,Hulu (Pertanian/Perkebunan)
2025-08-28,AALI.JK,7015.0751953125,6721.009130859375,6113.272119140625,66.66666666666666,Hulu (Pertanian/Perkebunan)
2025-08-29,AALI.JK,6896.9765625,6744.628930664063,6138.309091796875,60.27397105103606,Hulu (Pertanian/Perkebunan)
2025-09-01,AALI.JK,6755.2578125,6761.16279296875,6162.873671875,49.27535146367799,Hulu (Pertanian/Perkebunan)
2025-09-02,AALI.JK,6873.3564453125,6785.963549804687,6190.745009765625,56.52173391995518,Hulu (Pertanian/Perkebunan)
2025-09-03,AALI.JK,6896.9765625,6804.859375,6220.5059375,54.54546024037817,Hulu (Pertanian/Perkebunan)
2025-09-04,AALI.JK,6944.21630859375,6828.479174804687,6249.322080078125,56.71642481818939,Hulu (Pertanian/Perkebunan)
2025-09-08,AALI.JK,6896.9765625,6850.91796875,6276.2486328125,59.37501009402789,Hulu (Pertanian/Perkebunan)
2025-09-09,AALI.JK,7015.0751953125,6874.5377197265625,6305.537158203125,50.94339107482965,Hulu (Pertanian/Perkebunan)
2025-09-10,AALI.JK,6873.3564453125,6879.261645507812,6333.40849609375,45.76270058089931,Hulu (Pertanian/Perkebunan)
2025-09-11,AALI.JK,6896.9765625,6891.071533203125,6362.69703125,48.275854694685826,Hulu (Pertanian/Perkebunan)
2025-09-12,AALI.JK,6944.21630859375,6900.519458007812,6392.930361328125,46.428575383780526,Hulu (Pertanian/Perkebunan)
2025-09-15,AALI.JK,7085.9345703125,6918.23427734375,6425.05326171875,50.81966713106507,Hulu (Pertanian/Perkebunan)
2025-09-16,AALI.JK,7322.1328125,6953.66396484375,6462.37251953125,67.21314531015793,Hulu (Pertanian/Perkebunan)
2025-09-17,AALI.JK,7463.8515625,6977.283764648438,6502.053759765625,71.21212263585079,Hulu (Pertanian/Perkebunan)
2025-09-18,AALI.JK,7558.33056640625,7005.627514648438,6544.569375,68.85246679429424,Hulu (Pertanian/Perkebunan)
2025-09-19,AALI.JK,7416.61181640625,7029.247290039062,6582.833427734375,67.7419279548485,Hulu (Pertanian/Perkebunan)
2025-09-22,AALI.JK,7345.751953125,7044.600122070313,6619.207890625,71.18640742137077,Hulu (Pertanian/Perkebunan)
2025-09-23,AALI.JK,7511.0908203125,7067.038916015625,6657.47193359375,72.1311275406876,Hulu (Pertanian/Perkebunan)
2025-09-24,AALI.JK,7487.470703125,7100.106616210937,6695.26357421875,70.49176216696895,Hulu (Pertanian/Perkebunan)
2025-09-25,AALI.JK,7747.28857421875,7147.346166992187,6739.1963671875,74.28567547198341,Hulu (Pertanian/Perkebunan)
2025-09-26,AALI.JK,7794.5283203125,7186.318823242187,6782.656767578125,77.14282592311709,Hulu (Pertanian/Perkebunan)
2025-09-29,AALI.JK,7723.6689453125,7227.6534423828125,6817.141650390625,72.05880117590192,Hulu (Pertanian/Perkebunan)
2025-09-30,AALI.JK,7723.6689453125,7276.073999023438,6852.09892578125,79.03222579730924,Hulu (Pertanian/Perkebunan)
2025-10-01,AALI.JK,7558.33056640625,7310.322705078125,6882.8046484375,70.58821562302299,Hulu (Pertanian/Perkebunan)
2025-10-02,AALI.JK,7511.0908203125,7341.02841796875,6914.45515625,67.64703110516876,Hulu (Pertanian/Perkebunan)
2025-10-03,AALI.JK,7653.1171875,7376.473461914063,6948.001396484375,67.65323615054012,Hulu (Pertanian/Perkebunan)
2025-10-06,AALI.JK,7269.26171875,7395.087719726563,6970.0913671875,48.49293874717391,Hulu (Pertanian/Perkebunan)
2025-10-07,AALI.JK,7101.3251953125,7399.400219726563,6990.239794921875,39.81856309563382,Hulu (Pertanian/Perkebunan)
2025-10-08,AALI.JK,7077.333984375,7409.599096679687,7008.963603515625,35.93447517917434,Hulu (Pertanian/Perkebunan)
2025-10-09,AALI.JK,7485.1806640625,7439.009301757813,7035.844345703125,51.735067845181874,Hulu (Pertanian/Perkebunan)
2025-10-10,AALI.JK,7485.1806640625,7466.05751953125,7054.69435546875,53.65933424337194,Hulu (Pertanian/Perkebunan)
2025-10-13,AALI.JK,7485.1806640625,7486.01982421875,7075.906357421875,49.255357485661165,Hulu (Pertanian/Perkebunan)
2025-10-14,AALI.JK,7557.1533203125,7497.770849609375,7098.5578125,51.9484838935708,Hulu (Pertanian/Perkebunan)
2025-10-15,AALI.JK,7533.16259765625,7501.236401367188,7121.67423828125,43.102930888703234,Hulu (Pertanian/Perkebunan)
2025-10-16,AALI.JK,7725.09033203125,7509.574389648437,7145.79484375,47.95407755885971,Hulu (Pertanian/Perkebunan)
2025-10-17,AALI.JK,7581.14453125,7517.801025390625,7167.981328125,45.97404875885009,Hulu (Pertanian/Perkebunan)
2025-10-20,AALI.JK,7581.14453125,7529.570654296875,7190.640205078125,45.97404875885009,Hulu (Pertanian/Perkebunan)
2025-10-21,AALI.JK,7701.09912109375,7539.071069335938,7213.808583984375,54.138968789635804,Hulu (Pertanian/Perkebunan)
2025-10-22,AALI.JK,7797.06298828125,7554.55068359375,7234.17228515625,58.06276908776477,Hulu (Pertanian/Perkebunan)
2025-10-23,AALI.JK,7797.06298828125,7557.039404296875,7256.89796875,54.4117660263442,Hulu (Pertanian/Perkebunan)
2025-10-24,AALI.JK,7677.1083984375,7551.168408203125,7275.33498046875,64.91229761537494,Hulu (Pertanian/Perkebunan)
2025-10-27,AALI.JK,7653.1171875,7547.6408203125,7293.764560546875,72.54901413037231,Hulu (Pertanian/Perkebunan)
2025-10-28,AALI.JK,7581.14453125,7540.514599609375,7313.116669921875,69.81134176678543,Hulu (Pertanian/Perkebunan)
2025-10-29,AALI.JK,7581.14453125,7541.655297851563,7324.91044921875,55.555561837264044,Hulu (Pertanian/Perkebunan)
2025-10-30,AALI.JK,7509.17138671875,7541.559326171875,7335.264765625,51.282039239016704,Hulu (Pertanian/Perkebunan)
2025-10-31,AALI.JK,7485.1806640625,7533.1625,7346.084052734375,50.0,Hulu (Pertanian/Perkebunan)
2025-11-03,AALI.JK,7485.1806640625,7543.958447265625,7355.013759765625,45.945956352746904,Hulu (Pertanian/Perkebunan)
2025-11-04,AALI.JK,7413.20751953125,7559.552563476563,7362.031611328125,43.58972887048679,Hulu (Pertanian/Perkebunan)
2025-11-05,AALI.JK,7389.216796875,7575.146704101562,7373.29361328125,28.12498608700409,Hulu (Pertanian/Perkebunan)
2025-11-06,AALI.JK,7485.1806640625,7575.146704101562,7386.947275390625,43.333328810505265,Hulu (Pertanian/Perkebunan)
2025-11-07,AALI.JK,7485.1806640625,7575.146704101562,7396.349384765625,43.333328810505265,Hulu (Pertanian/Perkebunan)
2025-11-10,AALI.JK,7413.20751953125,7571.548046875,7406.67400390625,28.57142857142857,Hulu (Pertanian/Perkebunan)
2025-11-11,AALI.JK,7485.1806640625,7567.9494140625,7421.2724609375,25.92595384458825,Hulu (Pertanian/Perkebunan)
2025-11-12,AALI.JK,7581.14453125,7570.3485107421875,7435.42822265625,35.48389214641605,Hulu (Pertanian/Perkebunan)
2025-11-13,AALI.JK,7461.189453125,7557.153466796875,7446.71248046875,35.48386884987592,Hulu (Pertanian/Perkebunan)
2025-11-14,AALI.JK,7389.216796875,7547.557080078125,7455.612490234375,33.333353891622465,Hulu (Pertanian/Perkebunan)
2025-11-17,AALI.JK,7437.19873046875,7540.359790039062,7466.41693359375,40.62500596270495,Hulu (Pertanian/Perkebunan)
2025-11-18,AALI.JK,7389.216796875,7524.765673828125,7473.899765625,38.235301160103916,Hulu (Pertanian/Perkebunan)
2025-11-19,AALI.JK,7485.1806640625,7509.171557617187,7486.13625,48.57144352443749,Hulu (Pertanian/Perkebunan)
2025-11-20,AALI.JK,7557.1533203125,7497.17607421875,7499.33978515625,54.0540391872119,Hulu (Pertanian/Perkebunan)
2025-11-21,AALI.JK,7485.1806640625,7487.5796875,7510.159072265625,50.0,Hulu (Pertanian/Perkebunan)
2025-11-24,AALI.JK,7485.1806640625,7479.182861328125,7518.143994140625,54.054068920904385,Hulu (Pertanian/Perkebunan)
2025-11-25,AALI.JK,7485.1806640625,7474.38466796875,7521.404951171875,55.55555555555556,Hulu (Pertanian/Perkebunan)
2025-11-26,AALI.JK,7389.216796875,7464.78828125,7519.912255859375,44.444444444444436,Hulu (Pertanian/Perkebunan)
2025-11-27,AALI.JK,7269.26171875,7452.792797851563,7514.13087890625,39.02438055790246,Hulu (Pertanian/Perkebunan)
2025-11-28,AALI.JK,7269.26171875,7441.996850585938,7511.183876953125,42.10526315789474,Hulu (Pertanian/Perkebunan)
2025-12-01,AALI.JK,7341.23486328125,7434.799560546875,7511.09353515625,42.10526315789474,Hulu (Pertanian/Perkebunan)
2025-12-02,AALI.JK,7341.23486328125,7431.200927734375,7507.696416015625,35.294117647058826,Hulu (Pertanian/Perkebunan)
2025-12-03,AALI.JK,7437.19873046875,7433.600024414062,7506.6909765625,48.4848634363407,Hulu (Pertanian/Perkebunan)
2025-12-04,AALI.JK,7557.1533203125,7437.198657226562,7502.888271484375,59.99998836987518,Hulu (Pertanian/Perkebunan)
2025-12-05,AALI.JK,7653.1171875,7445.595483398438,7500.060048828125,62.16215175536693,Hulu (Pertanian/Perkebunan)
2025-12-08,AALI.JK,7629.12646484375,7456.391430664063,7498.16919921875,63.88889674102006,Hulu (Pertanian/Perkebunan)
2025-12-09,AALI.JK,7509.17138671875,7457.590966796875,7493.879248046875,51.35133797118605,Hulu (Pertanian/Perkebunan)
2025-12-10,AALI.JK,7509.17138671875,7453.9923095703125,7492.896064453125,47.05882352941176,Hulu (Pertanian/Perkebunan)
2025-12-11,AALI.JK,7125.31591796875,7437.1986328125,7485.18056640625,34.04254582065799,Hulu (Pertanian/Perkebunan)
2025-12-12,AALI.JK,7101.3251953125,7422.804052734375,7474.1447265625,33.33333333333333,Hulu (Pertanian/Perkebunan)
2025-12-15,AALI.JK,7197.2890625,7410.808569335937,7472.7052734375,38.46153846153846,Hulu (Pertanian/Perkebunan)
2025-12-16,AALI.JK,7053.34326171875,7394.014892578125,7471.745634765625,37.037037037037045,Hulu (Pertanian/Perkebunan)
2025-12-17,AALI.JK,7077.333984375,7373.62255859375,7471.745634765625,41.99999674356468,Hulu (Pertanian/Perkebunan)
2025-12-18,AALI.JK,7149.30712890625,7353.230249023438,7465.0281640625,45.283027562570204,Hulu (Pertanian/Perkebunan)
2025-12-19,AALI.JK,7077.333984375,7332.837915039063,7456.87123046875,39.62262991657306,Hulu (Pertanian/Perkebunan)
2025-12-22,AALI.JK,7101.3251953125,7313.6451416015625,7449.19412109375,40.74074074074074,Hulu (Pertanian/Perkebunan)
2025-12-23,AALI.JK,7173.2978515625,7298.051000976562,7441.51701171875,39.62262991657306,Hulu (Pertanian/Perkebunan)
2025-12-24,AALI.JK,7005.361328125,7278.858227539063,7430.960986328125,29.090914473445636,Hulu (Pertanian/Perkebunan)
2025-12-29,AALI.JK,7029.35205078125,7266.862744140625,7417.046220703125,24.99999021503824,Hulu (Pertanian/Perkebunan)
2025-12-30,AALI.JK,7077.333984375,7257.266357421875,7406.970009765625,28.30187302593052,Hulu (Pertanian/Perkebunan)
2026-01-02,AALI.JK,7077.333984375,7244.071313476563,7396.893798828125,31.249992049718315,Hulu (Pertanian/Perkebunan)
2026-01-05,AALI.JK,7173.2978515625,7235.674462890625,7386.3377734375,36.53845626963597,Hulu (Pertanian/Perkebunan)
2026-01-06,AALI.JK,7341.23486328125,7230.87626953125,7377.2212109375,60.46513058871418,Hulu (Pertanian/Perkebunan)
2026-01-07,AALI.JK,7389.216796875,7222.479443359375,7369.064287109375,63.63636363636363,Hulu (Pertanian/Perkebunan)
2026-01-08,AALI.JK,7605.13525390625,7220.080346679688,7367.62482421875,67.34693199409688,Hulu (Pertanian/Perkebunan)
2026-01-09,AALI.JK,7581.14453125,7217.68125,7366.18537109375,75.00001156404655,Hulu (Pertanian/Perkebunan)
2026-01-12,AALI.JK,7389.216796875,7211.683520507812,7362.34681640625,62.74511055914898,Hulu (Pertanian/Perkebunan)
2026-01-13,AALI.JK,7413.20751953125,7206.885327148438,7358.988076171875,61.2244864052103,Hulu (Pertanian/Perkebunan)
2026-01-14,AALI.JK,7461.189453125,7223.67900390625,7358.0284375,66.66668080050678,Hulu (Pertanian/Perkebunan)
2026-01-15,AALI.JK,7437.19873046875,7240.472680664063,7357.068798828125,64.58335188400636,Hulu (Pertanian/Perkebunan)
2026-01-19,AALI.JK,7389.216796875,7250.069067382812,7355.149521484375,59.57448927627408,Hulu (Pertanian/Perkebunan)
2026-01-20,AALI.JK,7341.23486328125,7264.463647460938,7353.710068359375,66.66668281962876,Hulu (Pertanian/Perkebunan)
2026-01-21,AALI.JK,7149.30712890625,7268.0623046875,7348.911875,55.1020543791588,Hulu (Pertanian/Perkebunan)
2026-01-22,AALI.JK,7293.2529296875,7275.259594726563,7345.0733203125,58.49058052881754,Hulu (Pertanian/Perkebunan)
2026-01-23,AALI.JK,7365.2255859375,7289.6541748046875,7342.67421875,60.714293502319116,Hulu (Pertanian/Perkebunan)
2026-01-26,AALI.JK,7293.2529296875,7299.250561523438,7340.275126953125,54.545468001805844,Hulu (Pertanian/Perkebunan)
2026-01-27,AALI.JK,7413.20751953125,7311.246044921875,7338.8356640625,52.83018288280817,Hulu (Pertanian/Perkebunan)
2026-01-28,AALI.JK,7101.3251953125,7316.04423828125,7329.23927734375,40.62498807456734,Hulu (Pertanian/Perkebunan)
2026-01-29,AALI.JK,7005.361328125,7314.844702148437,7320.12271484375,28.813542366291998,Hulu (Pertanian/Perkebunan)
2026-01-30,AALI.JK,7101.3251953125,7316.044262695313,7314.3648828125,33.87095185790905,Hulu (Pertanian/Perkebunan)
2026-02-02,AALI.JK,6981.3701171875,7311.246069335937,7305.248310546875,35.59319929048314,Hulu (Pertanian/Perkebunan)
2026-02-03,AALI.JK,7149.30712890625,7310.046533203125,7300.4501171875,41.538465392231394,Hulu (Pertanian/Perkebunan)
2026-02-04,AALI.JK,7197.2890625,7302.8492431640625,7294.69228515625,41.538465392231394,Hulu (Pertanian/Perkebunan)
2026-02-05,AALI.JK,7221.27978515625,7294.452392578125,7287.974814453125,43.07691199733473,Hulu (Pertanian/Perkebunan)
2026-02-06,AALI.JK,7245.27099609375,7276.4591796875,7283.17662109375,45.31249850932234,Hulu (Pertanian/Perkebunan)
2026-02-09,AALI.JK,7149.30712890625,7254.8673095703125,7276.459150390625,43.939392070457416,Hulu (Pertanian/Perkebunan)
2026-02-10,AALI.JK,7269.26171875,7248.869555664062,7272.140771484375,53.96824781474759,Hulu (Pertanian/Perkebunan)
2026-02-11,AALI.JK,7245.27099609375,7240.472729492188,7269.26185546875,48.275860858934195,Hulu (Pertanian/Perkebunan)
2026-02-12,AALI.JK,7197.2890625,7227.2777099609375,7267.82240234375,43.859654760680534,Hulu (Pertanian/Perkebunan)
2026-02-13,AALI.JK,7221.27978515625,7216.481762695313,7266.862763671875,47.272716507650216,Hulu (Pertanian/Perkebunan)
2026-02-18,AALI.JK,7293.2529296875,7211.683569335937,7265.903125,45.283027562570204,Hulu (Pertanian/Perkebunan)
2026-02-19,AALI.JK,7341.23486328125,7211.683569335937,7265.903125,61.904761904761905,Hulu (Pertanian/Perkebunan)
2026-02-20,AALI.JK,7269.26171875,7217.681298828125,7262.544384765625,63.414618406591494,Hulu (Pertanian/Perkebunan)
2026-02-23,AALI.JK,7389.216796875,7222.4794921875,7259.185654296875,64.28570736302632,Hulu (Pertanian/Perkebunan)
2026-02-24,AALI.JK,7365.2255859375,7222.4794921875,7253.427822265625,71.05262030321241,Hulu (Pertanian/Perkebunan)
2026-02-25,AALI.JK,7269.26171875,7221.279931640625,7246.23052734375,57.142840528402786,Hulu (Pertanian/Perkebunan)
2026-02-26,AALI.JK,7149.30712890625,7208.084912109375,7239.0332421875,47.368421052631575,Hulu (Pertanian/Perkebunan)
2026-02-27,AALI.JK,7197.2890625,7212.88310546875,7232.795595703125,48.71796209908428,Hulu (Pertanian/Perkebunan)
2026-03-02,AALI.JK,7101.3251953125,7217.681298828125,7232.31578125,42.857142857142854,Hulu (Pertanian/Perkebunan)
2026-03-03,AALI.JK,7053.34326171875,7215.282202148437,7231.356142578125,45.00000000000001,Hulu (Pertanian/Perkebunan)
2026-03-04,AALI.JK,6837.4248046875,7208.084936523437,7224.158857421875,29.545477673536936,Hulu (Pertanian/Perkebunan)
2026-03-05,AALI.JK,7029.35205078125,7202.087182617188,7223.679033203125,41.17645885079783,Hulu (Pertanian/Perkebunan)
2026-03-06,AALI.JK,7053.34326171875,7194.889892578125,7223.19921875,43.99999999999999,Hulu (Pertanian/Perkebunan)
2026-03-09,AALI.JK,7005.361328125,7184.093969726562,7220.320302734375,41.17648232566808,Hulu (Pertanian/Perkebunan)
2026-03-10,AALI.JK,6981.3701171875,7170.89892578125,7218.401025390625,36.73468624846419,Hulu (Pertanian/Perkebunan)
2026-03-11,AALI.JK,6981.3701171875,7162.5020751953125,7216.001923828125,34.04254582065799,Hulu (Pertanian/Perkebunan)
2026-03-12,AALI.JK,6957.37939453125,7146.907958984375,7211.6835546875,35.55556359613516,Hulu (Pertanian/Perkebunan)
2026-03-13,AALI.JK,6957.37939453125,7132.51337890625,7210.723916015625,27.49998855159339,Hulu (Pertanian/Perkebunan)
2026-03-16,AALI.JK,6933.38818359375,7119.318334960937,7208.804638671875,27.49998855159339,Hulu (Pertanian/Perkebunan)
2026-03-17,AALI.JK,6909.3974609375,7103.72421875,7205.445908203125,29.72972675635802,Hulu (Pertanian/Perkebunan)
2026-03-25,AALI.JK,7053.34326171875,7091.728735351562,7204.96609375,44.73683928632639,Hulu (Pertanian/Perkebunan)
2026-03-26,AALI.JK,7053.34326171875,7077.334155273437,7202.567001953125,41.666661955387966,Hulu (Pertanian/Perkebunan)
2026-03-27,AALI.JK,7101.3251953125,7068.937329101563,7197.76880859375,50.0,Hulu (Pertanian/Perkebunan)
2026-03-30,AALI.JK,7245.27099609375,7061.7400390625,7194.889892578125,60.5263214273472,Hulu (Pertanian/Perkebunan)
2026-03-31,AALI.JK,7245.27099609375,7055.7423095703125,7187.692607421875,79.31033756740084,Hulu (Pertanian/Perkebunan)
2026-04-01,AALI.JK,7365.2255859375,7060.540502929687,7183.374228515625,76.92307692307693,Hulu (Pertanian/Perkebunan)
2026-04-02,AALI.JK,7461.189453125,7076.134619140625,7184.813681640625,79.31033756740084,Hulu (Pertanian/Perkebunan)
2026-04-06,AALI.JK,7509.17138671875,7091.728735351562,7186.732958984375,86.20689171160056,Hulu (Pertanian/Perkebunan)
2026-04-07,AALI.JK,7413.20751953125,7107.3228515625,7185.7733203125,78.1250178881376,Hulu (Pertanian/Perkebunan)
2026-04-08,AALI.JK,7485.1806640625,7128.914721679687,7186.732958984375,80.00002326024963,Hulu (Pertanian/Perkebunan)
2026-04-09,AALI.JK,7485.1806640625,7161.302514648438,7188.652236328125,82.3529411764706,Hulu (Pertanian/Perkebunan)
2026-04-10,AALI.JK,7509.17138671875,7185.293481445313,7192.010966796875,82.85713787280365,Hulu (Pertanian/Perkebunan)
2026-04-13,AALI.JK,7629.12646484375,7214.0826416015625,7201.607353515625,87.1795099274295,Hulu (Pertanian/Perkebunan)
2026-04-14,AALI.JK,7749.0810546875,7251.268627929688,7210.723916015625,90.6976722171209,Hulu (Pertanian/Perkebunan)
2026-04-15,AALI.JK,7749.0810546875,7289.6541748046875,7218.401025390625,89.18918621581912,Hulu (Pertanian/Perkebunan)
2026-04-16,AALI.JK,7821.05419921875,7331.63837890625,7228.95705078125,90.0,Hulu (Pertanian/Perkebunan)
2026-04-17,AALI.JK,8012.98193359375,7384.418505859375,7240.9525390625,91.30434782608695,Hulu (Pertanian/Perkebunan)
2026-04-20,AALI.JK,8060.9638671875,7439.597729492188,7260.1453125,90.47619047619048,Hulu (Pertanian/Perkebunan)
2026-04-21,AALI.JK,8060.9638671875,7495.976513671875,7281.25736328125,90.47619047619048,Hulu (Pertanian/Perkebunan)
2026-04-22,AALI.JK,7965.0,7548.756640625,7298.530859375,80.48780972104876,Hulu (Pertanian/Perkebunan)
2026-04-23,AALI.JK,7965.0,7594.3394775390625,7318.20345703125,78.37838432511523,Hulu (Pertanian/Perkebunan)
2026-04-24,AALI.JK,8100.0,7646.672314453125,7337.217314453125,80.30872383028756,Hulu (Pertanian/Perkebunan)
2026-04-27,AALI.JK,8350.0,7709.1060546875,7360.271533203125,91.49799339770092,Hulu (Pertanian/Perkebunan)
2026-04-28,AALI.JK,8075.0,7750.592504882812,7377.3459375,72.14457043254829,Hulu (Pertanian/Perkebunan)
2026-04-29,AALI.JK,8050.0,7790.828955078125,7393.440517578125,70.81520381714938,Hulu (Pertanian/Perkebunan)
2026-04-30,AALI.JK,8100.0,7827.56767578125,7412.454375,71.36416203341591,Hulu (Pertanian/Perkebunan)
2026-05-04,AALI.JK,8275.0,7868.258203125,7432.569140625,72.4604592040323,Hulu (Pertanian/Perkebunan)
2026-05-05,AALI.JK,8200.0,7902.799633789063,7451.663720703125,66.18695553101611,Hulu (Pertanian/Perkebunan)
2026-05-06,AALI.JK,8475.0,7955.8892578125,7477.217939453125,71.76216057966772,Hulu (Pertanian/Perkebunan)
2026-05-07,AALI.JK,8350.0,7999.130224609375,7499.79234375,65.36852621576354,Hulu (Pertanian/Perkebunan)
2026-05-08,AALI.JK,8050.0,8027.37119140625,7514.92728515625,51.012005560537595,Hulu (Pertanian/Perkebunan)
2026-05-11,AALI.JK,8200.0,8061.912622070313,7532.102587890625,53.60017437858663,Hulu (Pertanian/Perkebunan)
2026-05-12,AALI.JK,8075.0,8084.206298828125,7548.217353515625,50.34135164135206,Hulu (Pertanian/Perkebunan)
2026-05-13,AALI.JK,7600.0,8076.75224609375,7552.433017578125,42.50513347022587,Hulu (Pertanian/Perkebunan)
2026-05-14,AALI.JK,7600.0,8069.298193359375,7557.128505859375,42.50513347022587,Hulu (Pertanian/Perkebunan)
2026-05-15,AALI.JK,7600.0,8058.2454833984375,7563.743271484375,39.130434782608695,Hulu (Pertanian/Perkebunan)
2026-05-18,AALI.JK,7200.0,8017.59638671875,7564.75712890625,26.530612244897966,Hulu (Pertanian/Perkebunan)
2026-05-19,AALI.JK,6750.0,7952.048193359375,7555.81134765625,24.76190476190476,Hulu (Pertanian/Perkebunan)
2026-05-20,AALI.JK,6750.0,7886.5,7548.78484375,25.000000000000014,Hulu (Pertanian/Perkebunan)
2026-05-21,AALI.JK,6525.0,7814.5,7538.217978515625,21.621621621621628,Hulu (Pertanian/Perkebunan)
2026-05-22,AALI.JK,6600.0,7746.25,7533.469482421875,18.69158878504672,Hulu (Pertanian/Perkebunan)
2026-05-25,AALI.JK,6525.0,7667.5,7523.38244140625,18.69158878504672,Hulu (Pertanian/Perkebunan)
2026-05-26,AALI.JK,6575.0,7578.75,7513.815576171875,11.224489795918359,Hulu (Pertanian/Perkebunan)
2026-05-27,AALI.JK,6575.0,7503.75,7505.208349609375,11.827956989247326,Hulu (Pertanian/Perkebunan)
2026-05-28,AALI.JK,6575.0,7430.0,7497.080947265625,13.58024691358024,Hulu (Pertanian/Perkebunan)
2026-05-29,AALI.JK,6475.0,7348.75,7486.953544921875,6.329113924050631,Hulu (Pertanian/Perkebunan)
2026-06-02,AALI.JK,6825.0,7276.25,7484.30595703125,21.590909090909093,Hulu (Pertanian/Perkebunan)
2026-06-03,AALI.JK,6650.0,7198.75,7478.158369140625,25.0,Hulu (Pertanian/Perkebunan)
2026-06-04,AALI.JK,6275.0,7088.75,7464.99060546875,20.879120879120876,Hulu (Pertanian/Perkebunan)
2026-06-05,AALI.JK,6375.0,6990.0,7454.30265625,24.210526315789465,Hulu (Pertanian/Perkebunan)
2026-06-08,AALI.JK,5900.0,6882.5,7431.235791015625,23.469387755102034,Hulu (Pertanian/Perkebunan)
2026-06-09,AALI.JK,6025.0,6773.75,7410.66892578125,32.94117647058823,Hulu (Pertanian/Perkebunan)
2026-06-10,AALI.JK,6175.0,6678.75,7392.142421875,37.362637362637365,Hulu (Pertanian/Perkebunan)
2026-06-11,AALI.JK,6050.0,6601.25,7368.237001953125,39.08045977011495,Hulu (Pertanian/Perkebunan)
2026-06-12,AALI.JK,6175.0,6530.0,7346.83158203125,40.449438202247194,Hulu (Pertanian/Perkebunan)
2026-06-15,AALI.JK,6100.0,6455.0,7321.5270703125,40.449438202247194,Hulu (Pertanian/Perkebunan)
2026-06-17,AALI.JK,6200.0,6405.0,7296.30328125,41.75824175824176,Hulu (Pertanian/Perkebunan)
2026-06-18,AALI.JK,6200.0,6377.5,7270.119853515625,41.75824175824176,Hulu (Pertanian/Perkebunan)
2026-06-19,AALI.JK,6175.0,6348.75,7245.355703125,41.30434782608696,Hulu (Pertanian/Perkebunan)
2026-06-22,AALI.JK,6125.0,6328.75,7218.15208984375,42.22222222222222,Hulu (Pertanian/Perkebunan)
2026-06-23,AALI.JK,6150.0,6306.25,7191.4484765625,32.467532467532465,Hulu (Pertanian/Perkebunan)
2026-06-24,AALI.JK,6100.0,6285.0,7163.265048828125,34.72222222222223,Hulu (Pertanian/Perkebunan)
2026-06-25,AALI.JK,6050.0,6258.75,7131.68251953125,42.37288135593221,Hulu (Pertanian/Perkebunan)
2026-06-26,AALI.JK,5875.0,6223.75,7094.2008984375,33.87096774193549,Hulu (Pertanian/Perkebunan)
2026-06-29,AALI.JK,5975.0,6193.75,7058.71927734375,53.19148936170213,Hulu (Pertanian/Perkebunan)
2026-06-30,AALI.JK,5950.0,6167.5,7021.298193359375,46.51162790697675,Hulu (Pertanian/Perkebunan)
2026-07-01,AALI.JK,5975.0,6125.0,6980.5385546875,39.473684210526315,Hulu (Pertanian/Perkebunan)
2026-07-02,AALI.JK,5975.0,6091.25,6938.81927734375,45.45454545454545,Hulu (Pertanian/Perkebunan)
2026-07-03,AALI.JK,6025.0,6078.75,6898.1,39.99999999999999,Hulu (Pertanian/Perkebunan)
2026-07-06,AALI.JK,6025.0,6061.25,6859.3,44.444444444444436,Hulu (Pertanian/Perkebunan)
2026-07-07,AALI.JK,6075.0,6070.0,6821.5,40.0,Hulu (Pertanian/Perkebunan)
2026-07-08,AALI.JK,6150.0,6076.25,6782.5,46.42857142857143,Hulu (Pertanian/Perkebunan)
2026-07-09,AALI.JK,6200.0,6077.5,6739.5,51.72413793103448,Hulu (Pertanian/Perkebunan)
2026-07-10,AALI.JK,6300.0,6090.0,6704.0,61.29032258064516,Hulu (Pertanian/Perkebunan)
2026-07-13,AALI.JK,6300.0,6096.25,6669.0,60.0,Hulu (Pertanian/Perkebunan)
2026-07-14,AALI.JK,6300.0,6106.25,6633.0,64.28571428571428,Hulu (Pertanian/Perkebunan)
2026-07-15,AALI.JK,6300.0,6111.25,6593.5,69.23076923076923,Hulu (Pertanian/Perkebunan)
2026-07-16,AALI.JK,6425.0,6122.5,6558.0,95.83333333333333,Hulu (Pertanian/Perkebunan)
2026-07-17,AALI.JK,6450.0,6136.25,6517.5,95.23809523809524,Hulu (Pertanian/Perkebunan)
2026-07-20,AALI.JK,6525.0,6156.25,6481.0,100.0,Hulu (Pertanian/Perkebunan)
2023-01-02,BISI.JK,1368.67041015625,,,,Hulu (Pertanian/Perkebunan)
2023-01-03,BISI.JK,1372.9609375,,,,Hulu (Pertanian/Perkebunan)
2023-01-04,BISI.JK,1360.0894775390625,,,,Hulu (Pertanian/Perkebunan)
2023-01-05,BISI.JK,1334.346435546875,,,,Hulu (Pertanian/Perkebunan)
2023-01-06,BISI.JK,1330.0557861328125,,,,Hulu (Pertanian/Perkebunan)
2023-01-09,BISI.JK,1317.184326171875,,,,Hulu (Pertanian/Perkebunan)
2023-01-10,BISI.JK,1317.184326171875,,,,Hulu (Pertanian/Perkebunan)
2023-01-11,BISI.JK,1317.184326171875,,,,Hulu (Pertanian/Perkebunan)
2023-01-12,BISI.JK,1317.184326171875,,,,Hulu (Pertanian/Perkebunan)
2023-01-13,BISI.JK,1304.3128662109375,,,,Hulu (Pertanian/Perkebunan)
2023-01-16,BISI.JK,1312.8939208984375,,,,Hulu (Pertanian/Perkebunan)
2023-01-17,BISI.JK,1351.50830078125,,,,Hulu (Pertanian/Perkebunan)
2023-01-18,BISI.JK,1355.799072265625,,,,Hulu (Pertanian/Perkebunan)
2023-01-19,BISI.JK,1355.799072265625,,,44.8276640164507,Hulu (Pertanian/Perkebunan)
2023-01-20,BISI.JK,1360.0894775390625,,,46.666698279173204,Hulu (Pertanian/Perkebunan)
2023-01-24,BISI.JK,1364.3800048828125,,,46.666698279173204,Hulu (Pertanian/Perkebunan)
2023-01-25,BISI.JK,1364.3800048828125,,,51.85185965740491,Hulu (Pertanian/Perkebunan)
2023-01-26,BISI.JK,1364.3800048828125,,,66.66666666666666,Hulu (Pertanian/Perkebunan)
2023-01-27,BISI.JK,1360.0894775390625,,,66.66675698817511,Hulu (Pertanian/Perkebunan)
2023-01-30,BISI.JK,1351.50830078125,1344.0000427246093,,69.99991464639425,Hulu (Pertanian/Perkebunan)
2023-01-31,BISI.JK,1351.50830078125,1343.1419372558594,,69.99991464639425,Hulu (Pertanian/Perkebunan)
2023-02-01,BISI.JK,1364.3800048828125,1342.712890625,,73.91301120851853,Hulu (Pertanian/Perkebunan)
2023-02-02,BISI.JK,1424.447021484375,1345.9307678222656,,83.78373390584342,Hulu (Pertanian/Perkebunan)
2023-02-03,BISI.JK,1480.2235107421875,1353.2246215820312,,93.61693755864282,Hulu (Pertanian/Perkebunan)
2023-02-06,BISI.JK,1441.60888671875,1358.8022766113281,,77.77769581951385,Hulu (Pertanian/Perkebunan)
2023-02-07,BISI.JK,1454.4805908203125,1365.66708984375,,74.99995554504443,Hulu (Pertanian/Perkebunan)
2023-02-08,BISI.JK,1454.4805908203125,1372.5319030761718,,74.46800782831936,Hulu (Pertanian/Perkebunan)
2023-02-09,BISI.JK,1454.4805908203125,1379.3967163085938,,74.46800782831936,Hulu (Pertanian/Perkebunan)
2023-02-10,BISI.JK,1454.4805908203125,1386.2615295410155,,73.91297893869634,Hulu (Pertanian/Perkebunan)
2023-02-13,BISI.JK,1445.8994140625,1393.3408569335938,,70.2126513284579,Hulu (Pertanian/Perkebunan)
2023-02-14,BISI.JK,1458.77099609375,1400.6347106933595,,71.99989529969608,Hulu (Pertanian/Perkebunan)
2023-02-15,BISI.JK,1540.29052734375,1410.0738220214844,,79.71004513020549,Hulu (Pertanian/Perkebunan)
2023-02-16,BISI.JK,1536.0,1419.0838684082032,,79.71004513020549,Hulu (Pertanian/Perkebunan)
2023-02-17,BISI.JK,1505.966552734375,1426.5922424316407,,74.32430250270863,Hulu (Pertanian/Perkebunan)
2023-02-20,BISI.JK,1497.385498046875,1433.4570434570312,,72.3683924831857,Hulu (Pertanian/Perkebunan)
2023-02-21,BISI.JK,1505.966552734375,1440.5363708496093,,71.99995903021484,Hulu (Pertanian/Perkebunan)
2023-02-22,BISI.JK,1510.2569580078125,1447.8302185058594,,66.12898414853015,Hulu (Pertanian/Perkebunan)
2023-02-23,BISI.JK,1501.676025390625,1454.69501953125,,54.90195203345419,Hulu (Pertanian/Perkebunan)
2023-02-24,BISI.JK,1480.2235107421875,1460.7017211914062,,59.574478388860676,Hulu (Pertanian/Perkebunan)
2023-02-27,BISI.JK,1467.3519287109375,1466.4939025878907,,53.19144428274982,Hulu (Pertanian/Perkebunan)
2023-02-28,BISI.JK,1454.4805908203125,1471.6425170898438,,50.0,Hulu (Pertanian/Perkebunan)
2023-03-01,BISI.JK,1471.642578125,1477.0056457519531,,53.70369882522533,Hulu (Pertanian/Perkebunan)
2023-03-02,BISI.JK,1445.8994140625,1478.0782653808594,,48.333300930498766,Hulu (Pertanian/Perkebunan)
2023-03-03,BISI.JK,1437.3184814453125,1475.9330139160156,,48.333346768667724,Hulu (Pertanian/Perkebunan)
2023-03-06,BISI.JK,1441.60888671875,1475.9330139160156,,46.55170045669268,Hulu (Pertanian/Perkebunan)
2023-03-07,BISI.JK,1450.1900634765625,1475.718487548828,,24.390257442616843,Hulu (Pertanian/Perkebunan)
2023-03-08,BISI.JK,1501.676025390625,1478.0782592773437,,42.30769651646564,Hulu (Pertanian/Perkebunan)
2023-03-09,BISI.JK,1493.0950927734375,1480.008984375,,46.80851965410471,Hulu (Pertanian/Perkebunan)
2023-03-10,BISI.JK,1493.0950927734375,1481.9397094726562,,48.888912773946686,Hulu (Pertanian/Perkebunan)
2023-03-13,BISI.JK,1480.2235107421875,1483.6559143066406,1417.5821728515625,43.478247423764394,Hulu (Pertanian/Perkebunan)
2023-03-14,BISI.JK,1484.5140380859375,1484.94306640625,1419.8990454101563,43.47828238283323,Hulu (Pertanian/Perkebunan)
2023-03-15,BISI.JK,1497.385498046875,1482.7978149414062,1422.3875366210937,48.93616377290783,Hulu (Pertanian/Perkebunan)
2023-03-16,BISI.JK,1441.60888671875,1478.0782592773437,1424.0179248046875,41.81816112633974,Hulu (Pertanian/Perkebunan)
2023-03-17,BISI.JK,1454.4805908203125,1475.5039611816405,1426.4206079101561,47.272764894238875,Hulu (Pertanian/Perkebunan)
2023-03-20,BISI.JK,1467.3519287109375,1474.0022827148437,1429.1665307617188,52.727235105761125,Hulu (Pertanian/Perkebunan)
2023-03-21,BISI.JK,1467.3519287109375,1472.071551513672,1432.1698828125,49.01957502737737,Hulu (Pertanian/Perkebunan)
2023-03-24,BISI.JK,1458.77099609375,1469.4972534179688,1435.0016162109375,53.19150868127652,Hulu (Pertanian/Perkebunan)
2023-03-27,BISI.JK,1445.8994140625,1466.7084228515625,1437.57591796875,52.083314810369295,Hulu (Pertanian/Perkebunan)
2023-03-28,BISI.JK,1463.0615234375,1465.850323486328,1440.4934619140624,54.901982661474776,Hulu (Pertanian/Perkebunan)
2023-03-29,BISI.JK,1467.3519287109375,1465.850323486328,1443.7542431640625,53.999965858460556,Hulu (Pertanian/Perkebunan)
2023-03-30,BISI.JK,1467.3519287109375,1466.4938903808593,1446.8434033203125,39.47366647774025,Hulu (Pertanian/Perkebunan)
2023-03-31,BISI.JK,1463.0615234375,1466.0648376464844,1449.0744677734374,40.540528071026685,Hulu (Pertanian/Perkebunan)
2023-04-03,BISI.JK,1471.642578125,1467.3519958496095,1451.391337890625,43.58974733086999,Hulu (Pertanian/Perkebunan)
2023-04-04,BISI.JK,1471.642578125,1469.0682006835937,1453.7082080078126,47.2222463706838,Hulu (Pertanian/Perkebunan)
2023-04-05,BISI.JK,1458.77099609375,1469.9263061523438,1455.6818383789061,42.105259217275616,Hulu (Pertanian/Perkebunan)
2023-04-06,BISI.JK,1450.1900634765625,1469.9263061523438,1457.3980395507813,35.135170465424395,Hulu (Pertanian/Perkebunan)
2023-04-10,BISI.JK,1458.77099609375,1467.7810546875,1459.285859375,57.692358197587765,Hulu (Pertanian/Perkebunan)
2023-04-11,BISI.JK,1454.4805908203125,1465.8503295898438,1461.08787109375,50.0,Hulu (Pertanian/Perkebunan)
2023-04-12,BISI.JK,1428.737548828125,1462.6324523925782,1462.4608325195313,33.33336845843313,Hulu (Pertanian/Perkebunan)
2023-04-13,BISI.JK,1415.865966796875,1459.4145751953124,1463.7479858398438,30.000009483769944,Hulu (Pertanian/Perkebunan)
2023-04-14,BISI.JK,1415.865966796875,1455.9821716308593,1465.0351391601562,32.14284988487387,Hulu (Pertanian/Perkebunan)
2023-04-17,BISI.JK,1441.60888671875,1453.193341064453,1466.579716796875,48.38708493180859,Hulu (Pertanian/Perkebunan)
2023-04-18,BISI.JK,1441.60888671875,1453.193341064453,1466.9229541015625,40.74066268488116,Hulu (Pertanian/Perkebunan)
2023-04-26,BISI.JK,1441.60888671875,1452.549755859375,1466.1506616210938,38.461504791314894,Hulu (Pertanian/Perkebunan)
2023-04-27,BISI.JK,1441.60888671875,1451.2626037597656,1466.1506616210938,38.461504791314894,Hulu (Pertanian/Perkebunan)
2023-04-28,BISI.JK,1441.60888671875,1449.9754516601563,1465.8932275390625,39.999931716843406,Hulu (Pertanian/Perkebunan)
2023-05-02,BISI.JK,1342.927490234375,1444.1832763671875,1463.6621655273439,17.391247875427695,Hulu (Pertanian/Perkebunan)
2023-05-03,BISI.JK,1287.15087890625,1436.245849609375,1460.3155712890625,13.55926890734419,Hulu (Pertanian/Perkebunan)
2023-05-04,BISI.JK,1317.184326171875,1428.9519897460937,1457.5696459960936,23.809470046624043,Hulu (Pertanian/Perkebunan)
2023-05-05,BISI.JK,1355.799072265625,1423.3743469238282,1455.7676391601562,34.2857200921009,Hulu (Pertanian/Perkebunan)
2023-05-08,BISI.JK,1308.603515625,1415.4369262695313,1452.7642895507813,27.848117677395564,Hulu (Pertanian/Perkebunan)
2023-05-09,BISI.JK,1312.8939208984375,1407.9285461425782,1448.216357421875,29.11391174195333,Hulu (Pertanian/Perkebunan)
2023-05-10,BISI.JK,1312.8939208984375,1399.99111328125,1443.7542358398437,31.50683863715996,Hulu (Pertanian/Perkebunan)
2023-05-11,BISI.JK,1300.0223388671875,1391.4101013183595,1439.6353515625,31.50683863715996,Hulu (Pertanian/Perkebunan)
2023-05-12,BISI.JK,1334.346435546875,1385.1888732910156,1436.3745703125,38.27160927469606,Hulu (Pertanian/Perkebunan)
2023-05-15,BISI.JK,1330.0557861328125,1379.1821594238281,1432.8563549804687,32.894747186226596,Hulu (Pertanian/Perkebunan)
2023-05-16,BISI.JK,1312.8939208984375,1371.8883056640625,1428.9090942382813,31.25002445031251,Hulu (Pertanian/Perkebunan)
2023-05-17,BISI.JK,1330.0557861328125,1365.6670654296875,1425.476689453125,34.523805088376804,Hulu (Pertanian/Perkebunan)
2023-05-19,BISI.JK,1321.4749755859375,1360.303936767578,1422.30171875,33.72094369653182,Hulu (Pertanian/Perkebunan)
2023-05-22,BISI.JK,1338.636962890625,1356.4424865722656,1419.7274194335937,36.6666772041855,Hulu (Pertanian/Perkebunan)
2023-05-23,BISI.JK,1351.50830078125,1353.2246032714843,1417.6679736328124,51.42854007407094,Hulu (Pertanian/Perkebunan)
2023-05-24,BISI.JK,1372.9609375,1349.7922058105469,1415.6943408203124,66.1290441004386,Hulu (Pertanian/Perkebunan)
2023-05-25,BISI.JK,1372.9609375,1346.3598083496095,1414.2355712890626,61.81820345057337,Hulu (Pertanian/Perkebunan)
2023-05-26,BISI.JK,1372.9609375,1342.9274108886718,1412.9484204101564,54.34779650617641,Hulu (Pertanian/Perkebunan)
2023-05-29,BISI.JK,1372.9609375,1339.4950134277344,1411.5754614257812,71.42858304136827,Hulu (Pertanian/Perkebunan)
2023-05-30,BISI.JK,1368.67041015625,1335.8480895996095,1409.945068359375,68.57144250677345,Hulu (Pertanian/Perkebunan)
2023-05-31,BISI.JK,1394.4134521484375,1338.4223876953124,1407.7998168945312,73.17075371012132,Hulu (Pertanian/Perkebunan)
2023-06-05,BISI.JK,1441.879150390625,1346.1588012695313,1406.775498046875,83.69448167041955,Hulu (Pertanian/Perkebunan)
2023-06-06,BISI.JK,1441.879150390625,1352.3935424804688,1405.7511791992188,80.51778253549232,Hulu (Pertanian/Perkebunan)
2023-06-07,BISI.JK,1441.879150390625,1356.6975463867188,1404.9842919921875,82.52763789475478,Hulu (Pertanian/Perkebunan)
2023-06-08,BISI.JK,1450.834716796875,1363.8091064453124,1404.3107055664063,92.13644617960392,Hulu (Pertanian/Perkebunan)
2023-06-09,BISI.JK,1509.04736328125,1373.6167785644532,1404.5439428710938,93.71314877386666,Hulu (Pertanian/Perkebunan)
2023-06-12,BISI.JK,1482.1800537109375,1382.0810852050781,1405.3553662109375,86.02917592143564,Hulu (Pertanian/Perkebunan)
2023-06-13,BISI.JK,1486.6578369140625,1391.412860107422,1405.9989111328125,85.18667476845202,Hulu (Pertanian/Perkebunan)
2023-06-14,BISI.JK,1482.1800537109375,1398.804541015625,1406.2954736328124,82.35362388224264,Hulu (Pertanian/Perkebunan)
2023-06-15,BISI.JK,1464.2684326171875,1405.5151733398438,1406.2338037109375,73.01073211309357,Hulu (Pertanian/Perkebunan)
2023-06-16,BISI.JK,1464.2684326171875,1413.0838989257813,1406.3437524414062,73.01073211309357,Hulu (Pertanian/Perkebunan)
2023-06-19,BISI.JK,1473.2242431640625,1420.2423217773437,1406.8902490234375,74.1764021958291,Hulu (Pertanian/Perkebunan)
2023-06-20,BISI.JK,1473.2242431640625,1427.82978515625,1407.0935034179688,74.1764021958291,Hulu (Pertanian/Perkebunan)
2023-06-21,BISI.JK,1415.01171875,1431.6485229492187,1406.04669921875,58.86813891209323,Hulu (Pertanian/Perkebunan)
2023-06-22,BISI.JK,1473.2242431640625,1437.7343200683595,1406.1641455078125,63.414636173461204,Hulu (Pertanian/Perkebunan)
2023-06-23,BISI.JK,1482.1800537109375,1443.1952758789062,1406.5465161132813,57.89472677351272,Hulu (Pertanian/Perkebunan)
2023-06-26,BISI.JK,1482.1800537109375,1448.656231689453,1406.757265625,57.89472677351272,Hulu (Pertanian/Perkebunan)
2023-06-27,BISI.JK,1477.7021484375,1453.893292236328,1406.87845703125,56.896537137550034,Hulu (Pertanian/Perkebunan)
2023-07-03,BISI.JK,1437.401123046875,1457.115301513672,1406.4510595703125,47.69231995155147,Hulu (Pertanian/Perkebunan)
2023-07-04,BISI.JK,1437.401123046875,1460.5518371582032,1406.1952807617188,34.6153725174416,Hulu (Pertanian/Perkebunan)
2023-07-05,BISI.JK,1423.967529296875,1462.029541015625,1405.4992114257811,36.734690471382095,Hulu (Pertanian/Perkebunan)
2023-07-06,BISI.JK,1423.967529296875,1461.1339599609375,1404.8889501953124,35.416693880031374,Hulu (Pertanian/Perkebunan)
2023-07-07,BISI.JK,1437.401123046875,1460.91005859375,1405.0622216796876,39.999989095724814,Hulu (Pertanian/Perkebunan)
2023-07-10,BISI.JK,1437.401123046875,1460.6861572265625,1405.4929248046874,43.47826344619065,Hulu (Pertanian/Perkebunan)
2023-07-11,BISI.JK,1437.401123046875,1460.0144775390625,1405.9236279296874,43.47826344619065,Hulu (Pertanian/Perkebunan)
2023-07-12,BISI.JK,1432.92333984375,1456.2082763671874,1405.7499169921875,40.000012115873794,Hulu (Pertanian/Perkebunan)
2023-07-13,BISI.JK,1419.4896240234375,1453.0737548828124,1405.3075317382813,37.5,Hulu (Pertanian/Perkebunan)
2023-07-14,BISI.JK,1437.401123046875,1450.6109191894532,1405.2233764648438,56.4102528256782,Hulu (Pertanian/Perkebunan)
2023-07-17,BISI.JK,1419.4896240234375,1447.4763977050782,1404.7809912109376,29.999981826178313,Hulu (Pertanian/Perkebunan)
2023-07-18,BISI.JK,1419.4896240234375,1445.2374572753906,1404.3386059570312,24.999951320101488,Hulu (Pertanian/Perkebunan)
2023-07-20,BISI.JK,1419.4896240234375,1442.998516845703,1405.8698486328126,24.999951320101488,Hulu (Pertanian/Perkebunan)
2023-07-21,BISI.JK,1397.1002197265625,1439.192315673828,1408.0688354492188,21.87496006726589,Hulu (Pertanian/Perkebunan)
2023-07-24,BISI.JK,1392.622314453125,1435.1622192382813,1409.5775952148438,29.16663827003154,Hulu (Pertanian/Perkebunan)
2023-07-25,BISI.JK,1392.622314453125,1434.0427490234374,1410.3140600585937,29.16663827003154,Hulu (Pertanian/Perkebunan)
2023-07-26,BISI.JK,1392.622314453125,1430.0126525878907,1411.9944360351562,33.33329006228435,Hulu (Pertanian/Perkebunan)
2023-07-27,BISI.JK,1410.5338134765625,1426.4303405761718,1413.9472338867188,43.99996074450232,Hulu (Pertanian/Perkebunan)
2023-07-28,BISI.JK,1379.188720703125,1421.2807739257812,1415.2731298828126,27.58620041361158,Hulu (Pertanian/Perkebunan)
2023-07-31,BISI.JK,1352.3212890625,1415.0117309570312,1416.3191088867188,22.85711170201995,Hulu (Pertanian/Perkebunan)
2023-08-01,BISI.JK,1316.498291015625,1408.9665893554688,1415.9621459960938,18.604630521884673,Hulu (Pertanian/Perkebunan)
2023-08-02,BISI.JK,1343.3656005859375,1404.2648132324218,1416.2283422851563,29.166645369226615,Hulu (Pertanian/Perkebunan)
2023-08-03,BISI.JK,1235.896240234375,1394.8612487792968,1414.688388671875,20.28983274169684,Hulu (Pertanian/Perkebunan)
2023-08-04,BISI.JK,1271.719482421875,1387.248846435547,1413.5216625976564,24.657560847366994,Hulu (Pertanian/Perkebunan)
2023-08-07,BISI.JK,1249.3299560546875,1377.8452880859375,1412.0787622070313,24.32434025460006,Hulu (Pertanian/Perkebunan)
2023-08-08,BISI.JK,1235.896240234375,1367.7700439453124,1410.0239477539062,23.376635331045563,Hulu (Pertanian/Perkebunan)
2023-08-09,BISI.JK,1253.807861328125,1358.590380859375,1408.0699389648437,27.160517925913567,Hulu (Pertanian/Perkebunan)
2023-08-10,BISI.JK,1267.2415771484375,1350.3062927246094,1405.9555517578126,31.645598885832328,Hulu (Pertanian/Perkebunan)
2023-08-11,BISI.JK,1262.7635498046875,1342.469989013672,1403.7516040039063,31.64558796583377,Hulu (Pertanian/Perkebunan)
2023-08-14,BISI.JK,1267.2415771484375,1333.96201171875,1401.637216796875,32.50004344665925,Hulu (Pertanian/Perkebunan)
2023-08-15,BISI.JK,1253.807861328125,1325.6779235839845,1399.2541552734374,31.325340380374712,Hulu (Pertanian/Perkebunan)
2023-08-16,BISI.JK,1253.807861328125,1317.3938354492188,1396.956904296875,27.848158923322032,Hulu (Pertanian/Perkebunan)
2023-08-18,BISI.JK,1379.188720703125,1315.3787902832032,1396.6524096679686,50.0,Hulu (Pertanian/Perkebunan)
2023-08-21,BISI.JK,1356.7991943359375,1313.3637390136719,1394.950810546875,50.505051617616324,Hulu (Pertanian/Perkebunan)
2023-08-22,BISI.JK,1365.755126953125,1312.0203796386718,1393.428330078125,55.91397250604864,Hulu (Pertanian/Perkebunan)
2023-08-23,BISI.JK,1383.6666259765625,1311.5725952148437,1392.2640795898437,54.94504737357361,Hulu (Pertanian/Perkebunan)
2023-08-24,BISI.JK,1397.1002197265625,1311.7964904785156,1391.1893896484376,75.71421839725494,Hulu (Pertanian/Perkebunan)
2023-08-25,BISI.JK,1379.188720703125,1310.2292358398438,1388.592216796875,68.18176561311219,Hulu (Pertanian/Perkebunan)
2023-08-28,BISI.JK,1392.622314453125,1310.9009155273438,1386.8010620117188,74.99994675655863,Hulu (Pertanian/Perkebunan)
2023-08-29,BISI.JK,1388.144287109375,1312.6920654296875,1384.830791015625,77.41927115622892,Hulu (Pertanian/Perkebunan)
2023-08-30,BISI.JK,1388.144287109375,1316.274365234375,1382.9500756835937,75.8619765840544,Hulu (Pertanian/Perkebunan)
2023-08-31,BISI.JK,1388.144287109375,1318.5132995605468,1381.4275927734375,74.54535451468382,Hulu (Pertanian/Perkebunan)
2023-09-01,BISI.JK,1379.188720703125,1325.6779235839845,1379.7259985351564,73.21429179925822,Hulu (Pertanian/Perkebunan)
2023-09-04,BISI.JK,1370.23291015625,1330.6035949707032,1377.666171875,70.17542013742256,Hulu (Pertanian/Perkebunan)
2023-09-05,BISI.JK,1383.6666259765625,1337.3204284667968,1375.87501953125,75.43859816932522,Hulu (Pertanian/Perkebunan)
2023-09-06,BISI.JK,1365.755126953125,1343.8133728027344,1374.8898876953126,70.49181866365399,Hulu (Pertanian/Perkebunan)
2023-09-07,BISI.JK,1388.144287109375,1350.5301940917968,1373.1882885742189,52.63152231148123,Hulu (Pertanian/Perkebunan)
2023-09-08,BISI.JK,1365.755126953125,1355.4558715820312,1370.8597900390625,52.631635583377516,Hulu (Pertanian/Perkebunan)
2023-09-11,BISI.JK,1356.7991943359375,1360.1576538085938,1368.3521728515625,47.368364416622484,Hulu (Pertanian/Perkebunan)
2023-09-12,BISI.JK,1374.710693359375,1365.5311096191406,1366.29234375,47.368364416622484,Hulu (Pertanian/Perkebunan)
2023-09-13,BISI.JK,1374.710693359375,1371.5762512207032,1365.03853515625,42.857087222864806,Hulu (Pertanian/Perkebunan)
2023-09-14,BISI.JK,1388.144287109375,1378.2930725097656,1364.0533984375,52.941119873766446,Hulu (Pertanian/Perkebunan)
2023-09-15,BISI.JK,1397.1002197265625,1379.1886474609375,1363.5160522460938,51.515161528288004,Hulu (Pertanian/Perkebunan)
2023-09-18,BISI.JK,1401.578125,1381.4275939941406,1363.0682641601563,54.545529644040215,Hulu (Pertanian/Perkebunan)
2023-09-19,BISI.JK,1401.578125,1383.2187438964843,1362.3518041992188,54.545529644040215,Hulu (Pertanian/Perkebunan)
2023-09-20,BISI.JK,1419.4896240234375,1385.0098937988282,1361.99357421875,59.45952915467254,Hulu (Pertanian/Perkebunan)
2023-09-21,BISI.JK,1423.967529296875,1386.3532592773438,1361.72490234375,63.88889730270033,Hulu (Pertanian/Perkebunan)
2023-09-22,BISI.JK,1423.967529296875,1388.5921997070313,1361.5457861328125,67.64709183828919,Hulu (Pertanian/Perkebunan)
2023-09-25,BISI.JK,1432.92333984375,1390.6072509765625,1361.8144604492188,66.666694202792,Hulu (Pertanian/Perkebunan)
2023-09-26,BISI.JK,1446.35693359375,1393.5178833007812,1361.9935766601564,78.12502129747634,Hulu (Pertanian/Perkebunan)
2023-09-27,BISI.JK,1459.7906494140625,1397.1002014160156,1362.7995971679688,76.66674239085495,Hulu (Pertanian/Perkebunan)
2023-09-29,BISI.JK,1468.746337890625,1401.130303955078,1363.7847314453124,92.59246919039859,Hulu (Pertanian/Perkebunan)
2023-10-02,BISI.JK,1450.834716796875,1404.7126037597657,1364.4116333007812,86.20684468834925,Hulu (Pertanian/Perkebunan)
2023-10-03,BISI.JK,1432.92333984375,1407.8471252441407,1365.128095703125,72.41385144979986,Hulu (Pertanian/Perkebunan)
2023-10-04,BISI.JK,1423.967529296875,1409.8621704101563,1365.755,67.74196952429193,Hulu (Pertanian/Perkebunan)
2023-10-05,BISI.JK,1428.4454345703125,1412.9966857910156,1366.4714624023438,65.5172997256071,Hulu (Pertanian/Perkebunan)
2023-10-06,BISI.JK,1419.4896240234375,1414.5639526367188,1367.00880859375,58.620683172244455,Hulu (Pertanian/Perkebunan)
2023-10-09,BISI.JK,1423.967529296875,1417.4745727539062,1367.2774829101563,58.620683172244455,Hulu (Pertanian/Perkebunan)
2023-10-10,BISI.JK,1415.01171875,1420.3851989746095,1367.9939428710939,54.83868698380538,Hulu (Pertanian/Perkebunan)
2023-10-11,BISI.JK,1415.01171875,1422.4002502441406,1369.2477514648438,48.14814066921975,Hulu (Pertanian/Perkebunan)
2023-10-12,BISI.JK,1415.01171875,1424.415301513672,1371.2180200195312,46.15383002325547,Hulu (Pertanian/Perkebunan)
2023-10-13,BISI.JK,1415.01171875,1425.7586730957032,1372.6509423828124,46.15383002325547,Hulu (Pertanian/Perkebunan)
2023-10-16,BISI.JK,1423.967529296875,1427.1020385742188,1376.4123681640624,46.15383002325547,Hulu (Pertanian/Perkebunan)
2023-10-17,BISI.JK,1406.0560302734375,1427.3259338378907,1379.0990991210938,33.33336698851113,Hulu (Pertanian/Perkebunan)
2023-10-18,BISI.JK,1419.4896240234375,1428.2215087890625,1382.5022924804687,33.33329967812155,Hulu (Pertanian/Perkebunan)
2023-10-19,BISI.JK,1423.967529296875,1428.4454040527344,1386.2637182617189,30.7692549651168,Hulu (Pertanian/Perkebunan)
2023-10-20,BISI.JK,1423.967529296875,1428.4454040527344,1389.6669116210937,36.36369268743603,Hulu (Pertanian/Perkebunan)
2023-10-23,BISI.JK,1423.967529296875,1428.4454040527344,1392.8014306640625,44.44442761687254,Hulu (Pertanian/Perkebunan)
2023-10-24,BISI.JK,1419.4896240234375,1427.7737182617188,1395.9359521484375,47.058814096653514,Hulu (Pertanian/Perkebunan)
2023-10-25,BISI.JK,1423.967529296875,1426.654248046875,1399.0704711914063,47.058814096653514,Hulu (Pertanian/Perkebunan)
2023-10-26,BISI.JK,1419.4896240234375,1424.6391967773438,1402.3841064453125,50.0,Hulu (Pertanian/Perkebunan)
2023-10-27,BISI.JK,1419.4896240234375,1422.1763610839844,1405.6977416992188,46.66665455080755,Hulu (Pertanian/Perkebunan)
2023-10-30,BISI.JK,1415.01171875,1420.3852111816407,1406.4142016601563,50.0,Hulu (Pertanian/Perkebunan)
2023-10-31,BISI.JK,1397.1002197265625,1418.5940551757812,1407.2202221679688,38.88891413028498,Hulu (Pertanian/Perkebunan)
2023-11-01,BISI.JK,1392.622314453125,1417.0267944335938,1407.7575659179688,36.84212036603948,Hulu (Pertanian/Perkebunan)
2023-11-02,BISI.JK,1406.0560302734375,1415.90732421875,1408.2053540039062,45.454590513529354,Hulu (Pertanian/Perkebunan)
2023-11-03,BISI.JK,1406.0560302734375,1415.23564453125,1408.3844702148438,40.0000272606954,Hulu (Pertanian/Perkebunan)
2023-11-06,BISI.JK,1410.5338134765625,1414.5639587402343,1409.0113720703125,52.94111044117457,Hulu (Pertanian/Perkebunan)
2023-11-07,BISI.JK,1406.0560302734375,1414.1161743164062,1409.2800463867188,40.000036347643395,Hulu (Pertanian/Perkebunan)
2023-11-08,BISI.JK,1397.1002197265625,1413.2205993652344,1409.4591650390626,31.24998935127998,Hulu (Pertanian/Perkebunan)
2023-11-09,BISI.JK,1388.144287109375,1411.8772277832031,1409.4591650390626,27.777710467490152,Hulu (Pertanian/Perkebunan)
2023-11-10,BISI.JK,1397.1002197265625,1410.9816528320312,1409.6382836914063,35.00004770608689,Hulu (Pertanian/Perkebunan)
2023-11-13,BISI.JK,1392.622314453125,1409.4143920898437,1409.9069555664062,35.00004770608689,Hulu (Pertanian/Perkebunan)
2023-11-14,BISI.JK,1401.578125,1409.190496826172,1410.5338598632814,38.09528754760873,Hulu (Pertanian/Perkebunan)
2023-11-15,BISI.JK,1406.0560302734375,1408.518817138672,1410.9816479492188,42.85719849105982,Hulu (Pertanian/Perkebunan)
2023-11-16,BISI.JK,1401.578125,1407.399346923828,1411.6981079101563,40.90914160032218,Hulu (Pertanian/Perkebunan)
2023-11-17,BISI.JK,1401.578125,1406.2798767089844,1411.9667846679688,42.85719849105982,Hulu (Pertanian/Perkebunan)
2023-11-20,BISI.JK,1370.23291015625,1403.5931457519532,1412.0563403320311,37.500042594710756,Hulu (Pertanian/Perkebunan)
2023-11-21,BISI.JK,1388.144287109375,1402.02587890625,1412.6832421875,48.14809205624178,Hulu (Pertanian/Perkebunan)
2023-11-22,BISI.JK,1374.710693359375,1399.563037109375,1412.6832421875,37.03698468453824,Hulu (Pertanian/Perkebunan)
2023-11-23,BISI.JK,1374.710693359375,1397.3240905761718,1412.6832421875,37.03698468453824,Hulu (Pertanian/Perkebunan)
2023-11-24,BISI.JK,1388.144287109375,1395.7568237304688,1412.6832421875,41.37927793021828,Hulu (Pertanian/Perkebunan)
2023-11-27,BISI.JK,1374.710693359375,1393.7417724609375,1412.2354516601563,38.709637705565314,Hulu (Pertanian/Perkebunan)
2023-11-28,BISI.JK,1343.3656005859375,1391.0550415039063,1411.071201171875,33.33333333333333,Hulu (Pertanian/Perkebunan)
2023-11-29,BISI.JK,1343.3656005859375,1388.5922058105468,1409.9069506835938,35.294155378182595,Hulu (Pertanian/Perkebunan)
2023-11-30,BISI.JK,1338.8876953125,1385.2337890625,1408.294912109375,30.302982740632004,Hulu (Pertanian/Perkebunan)
2023-12-01,BISI.JK,1343.3656005859375,1382.099267578125,1406.6828735351562,33.33330579720801,Hulu (Pertanian/Perkebunan)
2023-12-04,BISI.JK,1370.23291015625,1380.0842224121093,1405.6081811523438,40.54051465376618,Hulu (Pertanian/Perkebunan)
2023-12-05,BISI.JK,1352.3212890625,1377.3974853515624,1403.9961401367189,34.99994207090384,Hulu (Pertanian/Perkebunan)
2023-12-06,BISI.JK,1352.3212890625,1375.1585388183594,1402.1154272460938,35.89738212868754,Hulu (Pertanian/Perkebunan)
2023-12-07,BISI.JK,1352.3212890625,1373.3673889160157,1399.9660400390626,35.89738212868754,Hulu (Pertanian/Perkebunan)
2023-12-08,BISI.JK,1343.3656005859375,1370.6806579589843,1397.4584252929687,41.17644700624513,Hulu (Pertanian/Perkebunan)
2023-12-11,BISI.JK,1356.7991943359375,1368.889501953125,1395.57771484375,39.393951910359995,Hulu (Pertanian/Perkebunan)
2023-12-12,BISI.JK,1356.7991943359375,1366.6505554199218,1394.0552319335939,43.33333636230637,Hulu (Pertanian/Perkebunan)
2023-12-13,BISI.JK,1356.7991943359375,1364.1877136230469,1392.711865234375,43.33333636230637,Hulu (Pertanian/Perkebunan)
2023-12-14,BISI.JK,1356.7991943359375,1361.9487670898438,1391.2789404296875,37.037059473867544,Hulu (Pertanian/Perkebunan)
2023-12-15,BISI.JK,1356.7991943359375,1359.7098205566406,1390.0251318359376,41.666676132200955,Hulu (Pertanian/Perkebunan)
2023-12-18,BISI.JK,1356.7991943359375,1359.038134765625,1388.6817651367187,58.82349168067119,Hulu (Pertanian/Perkebunan)
2023-12-19,BISI.JK,1347.843505859375,1357.023095703125,1387.3384008789062,52.63159405027168,Hulu (Pertanian/Perkebunan)
2023-12-20,BISI.JK,1379.188720703125,1357.2469970703125,1386.6219409179687,68.00004361717208,Hulu (Pertanian/Perkebunan)
2023-12-21,BISI.JK,1401.578125,1358.5903686523438,1386.3532690429688,72.41382551811851,Hulu (Pertanian/Perkebunan)
2023-12-22,BISI.JK,1415.01171875,1359.933740234375,1386.3532690429688,69.23078536139374,Hulu (Pertanian/Perkebunan)
2023-12-27,BISI.JK,1423.967529296875,1362.39658203125,1386.3532690429688,83.33344691987378,Hulu (Pertanian/Perkebunan)
2023-12-28,BISI.JK,1432.92333984375,1366.8744689941407,1386.890615234375,84.61549752975617,Hulu (Pertanian/Perkebunan)
2023-12-29,BISI.JK,1432.92333984375,1371.3523559570312,1387.1592895507813,84.61549752975617,Hulu (Pertanian/Perkebunan)
2024-01-02,BISI.JK,1473.2242431640625,1378.0691833496094,1388.144423828125,93.93944150175295,Hulu (Pertanian/Perkebunan)
2024-01-03,BISI.JK,1379.188720703125,1379.8603393554688,1387.24884765625,54.901986986476,Hulu (Pertanian/Perkebunan)
2024-01-04,BISI.JK,1383.6666259765625,1380.5320251464843,1386.4428295898438,55.76926101412001,Hulu (Pertanian/Perkebunan)
2024-01-05,BISI.JK,1388.144287109375,1382.323175048828,1385.8159228515624,56.60376290963781,Hulu (Pertanian/Perkebunan)
2024-01-08,BISI.JK,1379.188720703125,1383.6665466308593,1384.9203466796876,54.54548608684489,Hulu (Pertanian/Perkebunan)
2024-01-09,BISI.JK,1365.755126953125,1384.3382385253906,1383.8456567382811,51.724173587222026,Hulu (Pertanian/Perkebunan)
2024-01-10,BISI.JK,1370.23291015625,1385.6816040039062,1382.8605224609375,52.54239167649673,Hulu (Pertanian/Perkebunan)
2024-01-11,BISI.JK,1379.188720703125,1386.8010803222655,1382.1440625,55.9322214018321,Hulu (Pertanian/Perkebunan)
2024-01-12,BISI.JK,1379.188720703125,1387.920556640625,1381.7858325195311,50.0,Hulu (Pertanian/Perkebunan)
2024-01-15,BISI.JK,1388.144287109375,1389.487811279297,1381.6962719726562,46.93872214668319,Hulu (Pertanian/Perkebunan)
2024-01-16,BISI.JK,1388.144287109375,1391.0550659179687,1381.338037109375,43.4782067602068,Hulu (Pertanian/Perkebunan)
2024-01-17,BISI.JK,1370.23291015625,1391.7267517089845,1380.6215747070312,37.49994320660076,Hulu (Pertanian/Perkebunan)
2024-01-18,BISI.JK,1365.755126953125,1392.1745483398438,1379.7260009765625,34.042482848863514,Hulu (Pertanian/Perkebunan)
2024-01-19,BISI.JK,1370.23291015625,1393.2940185546875,1379.0095385742188,35.41657437728807,Hulu (Pertanian/Perkebunan)
2024-01-22,BISI.JK,1370.23291015625,1392.8462280273438,1378.4721923828124,20.512630528980083,Hulu (Pertanian/Perkebunan)
2024-01-23,BISI.JK,1347.843505859375,1390.1594970703125,1377.6661767578125,34.78243348315033,Hulu (Pertanian/Perkebunan)
2024-01-24,BISI.JK,1365.755126953125,1387.6966674804687,1377.0392749023438,42.30763988277789,Hulu (Pertanian/Perkebunan)
2024-01-25,BISI.JK,1365.755126953125,1384.7860473632813,1376.5019311523438,40.00004361745745,Hulu (Pertanian/Perkebunan)
2024-01-26,BISI.JK,1338.8876953125,1380.0842651367188,1375.2481225585936,34.48267434230935,Hulu (Pertanian/Perkebunan)
2024-01-29,BISI.JK,1356.7991943359375,1376.278057861328,1374.2629858398439,46.66659397118169,Hulu (Pertanian/Perkebunan)
2024-01-30,BISI.JK,1361.277099609375,1370.6807006835938,1373.4569653320314,46.66664243486036,Hulu (Pertanian/Perkebunan)
2024-01-31,BISI.JK,1370.23291015625,1370.23291015625,1372.8300610351562,46.66664243486036,Hulu (Pertanian/Perkebunan)
2024-02-01,BISI.JK,1410.5338134765625,1371.57626953125,1373.6360791015625,58.974351805187524,Hulu (Pertanian/Perkebunan)
2024-02-02,BISI.JK,1406.0560302734375,1372.471856689453,1373.9943139648437,55.2632277457145,Hulu (Pertanian/Perkebunan)
2024-02-05,BISI.JK,1361.277099609375,1371.5762756347656,1373.7256420898439,43.75002129745214,Hulu (Pertanian/Perkebunan)
2024-02-06,BISI.JK,1379.188720703125,1372.2479553222656,1373.8152026367188,52.08334279885687,Hulu (Pertanian/Perkebunan)
2024-02-07,BISI.JK,1379.188720703125,1372.6957458496095,1373.6360913085937,53.191473318740165,Hulu (Pertanian/Perkebunan)
2024-02-12,BISI.JK,1410.5338134765625,1374.2630004882812,1374.3525537109374,58.49054953962856,Hulu (Pertanian/Perkebunan)
2024-02-13,BISI.JK,1410.5338134765625,1375.830255126953,1375.69591796875,58.49054953962856,Hulu (Pertanian/Perkebunan)
2024-02-15,BISI.JK,1423.967529296875,1377.6214172363282,1377.3079565429687,66.66664884922488,Hulu (Pertanian/Perkebunan)
2024-02-16,BISI.JK,1437.401123046875,1380.0842590332031,1379.2782250976563,65.99996074458792,Hulu (Pertanian/Perkebunan)
2024-02-19,BISI.JK,1432.92333984375,1383.2187805175781,1381.0693798828124,64.70587292016779,Hulu (Pertanian/Perkebunan)
2024-02-20,BISI.JK,1464.2684326171875,1388.1444458007813,1382.9500903320313,76.923101119001,Hulu (Pertanian/Perkebunan)
2024-02-21,BISI.JK,1459.7906494140625,1392.622332763672,1385.0994775390625,73.46944793085339,Hulu (Pertanian/Perkebunan)
2024-02-22,BISI.JK,1491.1357421875,1398.6674743652343,1387.8757666015624,76.36368232392523,Hulu (Pertanian/Perkebunan)
2024-02-23,BISI.JK,1509.04736328125,1406.7276672363282,1391.0102880859374,77.19303196012469,Hulu (Pertanian/Perkebunan)
2024-02-26,BISI.JK,1504.5694580078125,1413.6683837890625,1394.234365234375,71.42861911501589,Hulu (Pertanian/Perkebunan)
2024-02-27,BISI.JK,1518.003173828125,1421.2807861328124,1397.4584448242188,74.50982802755793,Hulu (Pertanian/Perkebunan)
2024-02-28,BISI.JK,1526.9588623046875,1430.684344482422,1400.8616381835936,93.02333837762995,Hulu (Pertanian/Perkebunan)
2024-02-29,BISI.JK,1509.04736328125,1438.2967529296875,1403.9066015625,83.72100689887775,Hulu (Pertanian/Perkebunan)
2024-03-01,BISI.JK,1553.826171875,1447.9242065429687,1407.8471411132812,86.79251882278753,Hulu (Pertanian/Perkebunan)
2024-03-04,BISI.JK,1531.436767578125,1455.9843994140624,1411.339892578125,76.47065112055083,Hulu (Pertanian/Perkebunan)
2024-03-05,BISI.JK,1518.003173828125,1461.3578674316407,1414.5639721679688,72.22229233735294,Hulu (Pertanian/Perkebunan)
2024-03-06,BISI.JK,1544.870361328125,1468.298583984375,1418.5045092773437,73.68426086939887,Hulu (Pertanian/Perkebunan)
2024-03-07,BISI.JK,1540.3924560546875,1477.2543518066407,1421.728583984375,70.90913686940256,Hulu (Pertanian/Perkebunan)
2024-03-08,BISI.JK,1549.3482666015625,1485.7623291015625,1424.6839868164063,73.21431092353114,Hulu (Pertanian/Perkebunan)
2024-03-13,BISI.JK,1553.826171875,1494.4942016601562,1427.4602758789063,70.00003816504638,Hulu (Pertanian/Perkebunan)
2024-03-14,BISI.JK,1553.826171875,1501.6588195800782,1430.0574487304686,71.42857937630775,Hulu (Pertanian/Perkebunan)
2024-03-15,BISI.JK,1562.7818603515625,1509.271221923828,1432.654619140625,68.18182663039336,Hulu (Pertanian/Perkebunan)
2024-03-18,BISI.JK,1549.3482666015625,1515.5402587890626,1434.9831176757812,60.4651192277725,Hulu (Pertanian/Perkebunan)
2024-03-19,BISI.JK,1620.9945068359375,1524.7199279785157,1437.9385229492189,72.41382551811851,Hulu (Pertanian/Perkebunan)
2024-03-20,BISI.JK,1612.0386962890625,1533.6756958007813,1442.5955224609374,68.42106270018111,Hulu (Pertanian/Perkebunan)
2024-03-21,BISI.JK,1616.5164794921875,1541.2880981445312,1447.25251953125,67.85714981141408,Hulu (Pertanian/Perkebunan)
2024-03-22,BISI.JK,1629.9503173828125,1549.7960815429688,1452.0886401367188,74.54547707497441,Hulu (Pertanian/Perkebunan)
2024-03-25,BISI.JK,1701.5963134765625,1560.319110107422,1458.5367919921875,77.04919131714462,Hulu (Pertanian/Perkebunan)
2024-03-26,BISI.JK,1750.85302734375,1572.4093933105469,1466.23875,86.56717450283756,Hulu (Pertanian/Perkebunan)
2024-03-27,BISI.JK,1862.80029296875,1590.3209350585937,1476.09009765625,93.25842662213472,Hulu (Pertanian/Perkebunan)
2024-03-28,BISI.JK,1826.9771728515625,1605.7696350097656,1485.0458666992188,84.61538000664441,Hulu (Pertanian/Perkebunan)
2024-04-01,BISI.JK,1732.9415283203125,1616.0687683105468,1492.1209228515625,69.3693642805288,Hulu (Pertanian/Perkebunan)
2024-04-02,BISI.JK,1697.1185302734375,1625.4723266601563,1498.3004077148437,64.10256828457007,Hulu (Pertanian/Perkebunan)
2024-04-03,BISI.JK,1764.2867431640625,1635.9953552246093,1505.8232568359374,67.93893018574116,Hulu (Pertanian/Perkebunan)
2024-04-04,BISI.JK,1773.2425537109375,1648.08564453125,1513.8834497070313,68.42105371035643,Hulu (Pertanian/Perkebunan)
2024-04-05,BISI.JK,1741.8973388671875,1659.2803527832032,1521.4062939453124,64.49275734498141,Hulu (Pertanian/Perkebunan)
2024-04-16,BISI.JK,1755.3309326171875,1669.8033813476563,1529.1082543945313,66.66666008195594,Hulu (Pertanian/Perkebunan)
2024-04-17,BISI.JK,1755.3309326171875,1680.5503051757812,1536.81021484375,62.29506987902056,Hulu (Pertanian/Perkebunan)
2024-04-18,BISI.JK,1809.065673828125,1693.5361755371093,1546.034658203125,66.66666666666666,Hulu (Pertanian/Perkebunan)
2024-04-19,BISI.JK,1746.3753662109375,1703.1636352539062,1553.6470629882813,60.0000150403872,Hulu (Pertanian/Perkebunan)
2024-04-22,BISI.JK,1782.1983642578125,1714.5822448730469,1561.975927734375,61.333332364063544,Hulu (Pertanian/Perkebunan)
2024-04-23,BISI.JK,1777.720458984375,1725.3291748046875,1570.7525830078125,56.29630407438498,Hulu (Pertanian/Perkebunan)
2024-04-24,BISI.JK,1786.67626953125,1737.195574951172,1579.3501245117188,53.1746169114144,Hulu (Pertanian/Perkebunan)
2024-04-25,BISI.JK,1800.10986328125,1746.1513427734376,1588.1267797851563,43.26922522433731,Hulu (Pertanian/Perkebunan)
2024-04-26,BISI.JK,1782.1983642578125,1754.659326171875,1596.3660888671875,45.00000272607177,Hulu (Pertanian/Perkebunan)
2024-04-29,BISI.JK,1688.1627197265625,1758.2416381835938,1601.9186669921876,45.00000272607177,Hulu (Pertanian/Perkebunan)
2024-04-30,BISI.JK,1688.1627197265625,1761.1522583007813,1607.56080078125,48.91303832500696,Hulu (Pertanian/Perkebunan)
2024-05-02,BISI.JK,1567.2598876953125,1754.4354370117187,1611.6804565429688,28.84615888696608,Hulu (Pertanian/Perkebunan)
2024-05-03,BISI.JK,1571.73779296875,1745.4796752929688,1615.5314379882811,28.155341604533845,Hulu (Pertanian/Perkebunan)
2024-05-06,BISI.JK,1531.436767578125,1728.9114990234375,1618.5763989257812,27.619046877259564,Hulu (Pertanian/Perkebunan)
2024-05-07,BISI.JK,1612.0386962890625,1718.1645751953124,1622.6064965820312,36.6666742390855,Hulu (Pertanian/Perkebunan)
2024-05-08,BISI.JK,1585.17138671875,1710.7760681152345,1626.099248046875,34.92064213246236,Hulu (Pertanian/Perkebunan)
2024-05-13,BISI.JK,1585.17138671875,1705.1787109375,1629.3233251953125,28.070166209053326,Hulu (Pertanian/Perkebunan)
2024-05-14,BISI.JK,1567.2598876953125,1695.3273681640626,1631.9205004882813,30.769218671281422,Hulu (Pertanian/Perkebunan)
2024-05-15,BISI.JK,1531.436767578125,1683.237078857422,1633.8907690429687,23.076921060598707,Hulu (Pertanian/Perkebunan)
2024-05-16,BISI.JK,1522.48095703125,1672.266259765625,1635.05501953125,22.857139889991373,Hulu (Pertanian/Perkebunan)
2024-05-17,BISI.JK,1553.826171875,1662.1910217285156,1636.9357299804688,26.363630055373932,Hulu (Pertanian/Perkebunan)
2024-05-20,BISI.JK,1544.870361328125,1651.6679931640624,1638.0104223632814,23.853212385861454,Hulu (Pertanian/Perkebunan)
2024-05-21,BISI.JK,1540.3924560546875,1638.2343322753907,1638.63732421875,24.528299945838654,Hulu (Pertanian/Perkebunan)
2024-05-22,BISI.JK,1558.30419921875,1628.8307739257812,1639.7120190429687,33.70789717514991,Hulu (Pertanian/Perkebunan)
2024-05-27,BISI.JK,1620.9945068359375,1620.7705810546875,1641.771845703125,42.71845739418484,Hulu (Pertanian/Perkebunan)
2024-05-28,BISI.JK,1562.7818603515625,1610.0236511230469,1642.4883056640624,49.438185039341136,Hulu (Pertanian/Perkebunan)
2024-05-29,BISI.JK,1562.7818603515625,1598.8289306640625,1643.5629956054688,48.86361700236022,Hulu (Pertanian/Perkebunan)
2024-05-30,BISI.JK,1558.30419921875,1586.7386474609375,1643.6525561523438,53.75001533414116,Hulu (Pertanian/Perkebunan)
2024-05-31,BISI.JK,1558.30419921875,1575.5439392089843,1644.1899047851562,40.32260830299115,Hulu (Pertanian/Perkebunan)
2024-06-03,BISI.JK,1598.60498046875,1571.0660522460937,1645.8019409179688,52.30768198410994,Hulu (Pertanian/Perkebunan)
2024-06-04,BISI.JK,1674.72900390625,1570.3943664550782,1648.3991137695311,62.19511222104314,Hulu (Pertanian/Perkebunan)
2024-06-05,BISI.JK,1749.5772705078125,1579.510235595703,1652.5828100585939,71.49344149149584,Hulu (Pertanian/Perkebunan)
2024-06-06,BISI.JK,1721.50927734375,1586.9988098144531,1656.0260302734375,72.82505318263162,Hulu (Pertanian/Perkebunan)
2024-06-07,BISI.JK,1656.01708984375,1593.2278259277343,1658.0698486328124,64.11871966017851,Hulu (Pertanian/Perkebunan)
2024-06-10,BISI.JK,1637.304931640625,1594.4911376953125,1659.739423828125,59.06842620056946,Hulu (Pertanian/Perkebunan)
2024-06-11,BISI.JK,1632.626953125,1596.863916015625,1661.1363256835937,59.62256726007227,Hulu (Pertanian/Perkebunan)
2024-06-12,BISI.JK,1553.1007080078125,1595.2603820800782,1661.2113745117188,51.1965392699715,Hulu (Pertanian/Perkebunan)
2024-06-13,BISI.JK,1585.8468017578125,1596.1897277832031,1660.5084204101563,52.522787706747515,Hulu (Pertanian/Perkebunan)
2024-06-14,BISI.JK,1548.422607421875,1597.0390197753907,1659.2360986328124,43.03011203939938,Hulu (Pertanian/Perkebunan)
2024-06-19,BISI.JK,1548.422607421875,1598.3361022949218,1657.8742211914061,48.44730449970314,Hulu (Pertanian/Perkebunan)
2024-06-20,BISI.JK,1637.304931640625,1602.5100402832031,1658.0213134765625,56.75909554403869,Hulu (Pertanian/Perkebunan)
2024-06-21,BISI.JK,1693.441162109375,1609.9385803222656,1657.8582104492189,61.206530031146286,Hulu (Pertanian/Perkebunan)
2024-06-24,BISI.JK,1567.134765625,1611.2756958007812,1654.1838452148438,50.60545961532473,Hulu (Pertanian/Perkebunan)
2024-06-25,BISI.JK,1539.066650390625,1610.313818359375,1647.7091723632811,45.848164822420514,Hulu (Pertanian/Perkebunan)
2024-06-26,BISI.JK,1543.7447509765625,1606.4513305664063,1642.0445239257813,39.85508876937963,Hulu (Pertanian/Perkebunan)
2024-06-27,BISI.JK,1590.52490234375,1607.8384826660156,1639.19619140625,37.12122754665621,Hulu (Pertanian/Perkebunan)
2024-06-28,BISI.JK,1684.0850830078125,1613.9036437988282,1638.9355224609376,47.26026919832988,Hulu (Pertanian/Perkebunan)
2024-07-01,BISI.JK,1674.7291259765625,1619.7248901367188,1637.1443701171875,51.49253513356568,Hulu (Pertanian/Perkebunan)
2024-07-02,BISI.JK,1613.9149169921875,1622.5054260253905,1633.9578173828124,48.25175284561984,Hulu (Pertanian/Perkebunan)
2024-07-03,BISI.JK,1618.5928955078125,1623.5048217773438,1631.491728515625,48.951048057796136,Hulu (Pertanian/Perkebunan)
2024-07-04,BISI.JK,1618.5928955078125,1620.698016357422,1628.7569677734375,55.55555325445625,Hulu (Pertanian/Perkebunan)
2024-07-05,BISI.JK,1618.5928955078125,1614.1487976074218,1626.02220703125,52.941175180698686,Hulu (Pertanian/Perkebunan)
2024-07-08,BISI.JK,1623.27099609375,1609.236883544922,1622.3063134765625,57.142870456359574,Hulu (Pertanian/Perkebunan)
2024-07-09,BISI.JK,1590.52490234375,1605.9622741699218,1619.1893041992187,53.78152660955707,Hulu (Pertanian/Perkebunan)
2024-07-10,BISI.JK,1581.1688232421875,1603.15546875,1615.1687133789062,44.117655335614465,Hulu (Pertanian/Perkebunan)
2024-07-11,BISI.JK,1571.812744140625,1600.1147583007812,1611.0505590820312,35.86956398419356,Hulu (Pertanian/Perkebunan)
2024-07-12,BISI.JK,1590.52490234375,1601.9859680175782,1607.1275317382813,53.62319607902459,Hulu (Pertanian/Perkebunan)
2024-07-15,BISI.JK,1609.2369384765625,1603.1554748535157,1603.3100732421874,61.19403566372422,Hulu (Pertanian/Perkebunan)
2024-07-16,BISI.JK,1609.2369384765625,1606.19619140625,1599.8508447265624,60.606055813688684,Hulu (Pertanian/Perkebunan)
2024-07-17,BISI.JK,1581.1688232421875,1607.8335021972657,1597.710966796875,48.387088628159376,Hulu (Pertanian/Perkebunan)
2024-07-18,BISI.JK,1571.812744140625,1604.5588928222655,1595.3839672851564,22.727307771457774,Hulu (Pertanian/Perkebunan)
2024-07-19,BISI.JK,1562.456787109375,1598.0096740722656,1595.2879052734374,22.727307771457774,Hulu (Pertanian/Perkebunan)
2024-07-22,BISI.JK,1571.812744140625,1598.2435729980468,1595.289404296875,36.36363636363636,Hulu (Pertanian/Perkebunan)
2024-07-23,BISI.JK,1571.812744140625,1599.880877685547,1596.096923828125,34.37501783799432,Hulu (Pertanian/Perkebunan)
2024-07-24,BISI.JK,1539.066650390625,1599.64697265625,1594.6374829101562,28.205150508072222,Hulu (Pertanian/Perkebunan)
2024-07-25,BISI.JK,1529.710693359375,1596.6062622070312,1593.5282690429688,26.82930089134841,Hulu (Pertanian/Perkebunan)
2024-07-26,BISI.JK,1534.388671875,1589.1214416503906,1592.5126147460937,26.829254321817388,Hulu (Pertanian/Perkebunan)
2024-07-29,BISI.JK,1567.134765625,1583.7417236328124,1592.5101123046875,43.902421948887934,Hulu (Pertanian/Perkebunan)
2024-07-30,BISI.JK,1543.7447509765625,1580.2332153320312,1592.7562719726564,40.909096300513596,Hulu (Pertanian/Perkebunan)
2024-07-31,BISI.JK,1557.77880859375,1577.1925109863282,1593.4622290039063,46.66668986176879,Hulu (Pertanian/Perkebunan)
2024-08-01,BISI.JK,1492.28662109375,1570.877197265625,1592.2314379882812,30.909075381786224,Hulu (Pertanian/Perkebunan)
2024-08-02,BISI.JK,1492.28662109375,1564.5618835449218,1591.1797631835936,25.49018002645265,Hulu (Pertanian/Perkebunan)
2024-08-05,BISI.JK,1473.574462890625,1557.0770568847656,1589.8434033203125,23.636337757534776,Hulu (Pertanian/Perkebunan)
2024-08-06,BISI.JK,1464.218505859375,1550.761737060547,1587.961689453125,25.49018002645265,Hulu (Pertanian/Perkebunan)
2024-08-07,BISI.JK,1464.218505859375,1544.9142211914063,1584.8261694335938,26.530602463534265,Hulu (Pertanian/Perkebunan)
2024-08-08,BISI.JK,1454.8624267578125,1539.0667053222655,1582.6677807617189,26.530588334910547,Hulu (Pertanian/Perkebunan)
2024-08-09,BISI.JK,1459.5404052734375,1532.51748046875,1580.6029516601564,24.99998640912132,Hulu (Pertanian/Perkebunan)
2024-08-12,BISI.JK,1525.03271484375,1528.3072692871094,1579.9375219726562,41.93550287838882,Hulu (Pertanian/Perkebunan)
2024-08-13,BISI.JK,1506.320556640625,1523.1614501953125,1578.8978491210937,44.06779960867151,Hulu (Pertanian/Perkebunan)
2024-08-14,BISI.JK,1506.320556640625,1519.4190368652344,1577.0521606445313,45.61402544987758,Hulu (Pertanian/Perkebunan)
2024-08-15,BISI.JK,1525.03271484375,1517.0800354003907,1574.0582348632813,48.33334783024694,Hulu (Pertanian/Perkebunan)
2024-08-16,BISI.JK,1525.03271484375,1515.2088317871094,1569.56734375,41.50945997309811,Hulu (Pertanian/Perkebunan)
2024-08-19,BISI.JK,1496.964599609375,1511.4664245605468,1565.0764501953124,40.74075326893164,Hulu (Pertanian/Perkebunan)
2024-08-20,BISI.JK,1515.676513671875,1508.6596130371095,1562.269638671875,41.8181568020162,Hulu (Pertanian/Perkebunan)
2024-08-21,BISI.JK,1506.320556640625,1507.0223083496094,1559.649951171875,53.488342456276634,Hulu (Pertanian/Perkebunan)
2024-08-22,BISI.JK,1464.218505859375,1503.7476989746094,1556.2817822265624,44.23076537064173,Hulu (Pertanian/Perkebunan)
2024-08-23,BISI.JK,1464.218505859375,1500.239190673828,1554.5041381835938,47.91668252268317,Hulu (Pertanian/Perkebunan)
2024-08-26,BISI.JK,1492.28662109375,1496.4967834472657,1552.6329345703125,55.76923462935827,Hulu (Pertanian/Perkebunan)
2024-08-27,BISI.JK,1431.472412109375,1490.8831665039063,1550.2939306640626,44.61538770348661,Hulu (Pertanian/Perkebunan)
2024-08-28,BISI.JK,1445.5064697265625,1485.269549560547,1548.2356079101562,48.4848604657783,Hulu (Pertanian/Perkebunan)
2024-08-29,BISI.JK,1445.5064697265625,1482.9305419921875,1544.399638671875,47.69232622091973,Hulu (Pertanian/Perkebunan)
2024-08-30,BISI.JK,1445.5064697265625,1480.591534423828,1539.4409448242188,33.33333333333333,Hulu (Pertanian/Perkebunan)
2024-09-02,BISI.JK,1454.8624267578125,1479.6559326171875,1537.195498046875,38.77550803044641,Hulu (Pertanian/Perkebunan)
2024-09-03,BISI.JK,1431.472412109375,1478.0186279296875,1535.04361328125,35.18518876467695,Hulu (Pertanian/Perkebunan)
2024-09-04,BISI.JK,1450.184326171875,1477.3169189453124,1533.1724047851562,35.18512612351407,Hulu (Pertanian/Perkebunan)
2024-09-05,BISI.JK,1445.5064697265625,1476.84912109375,1530.2720361328124,34.54541658976687,Hulu (Pertanian/Perkebunan)
2024-09-06,BISI.JK,1440.828369140625,1475.9135192871095,1525.4069018554687,37.999958248743546,Hulu (Pertanian/Perkebunan)
2024-09-09,BISI.JK,1403.404296875,1469.832098388672,1519.9804052734376,27.777761670049287,Hulu (Pertanian/Perkebunan)
2024-09-10,BISI.JK,1431.472412109375,1466.0896911621094,1516.3315551757812,36.206893448929,Hulu (Pertanian/Perkebunan)
2024-09-11,BISI.JK,1431.472412109375,1462.3472839355468,1512.5891455078124,42.85713524941554,Hulu (Pertanian/Perkebunan)
2024-09-12,BISI.JK,1375.336181640625,1454.8624572753906,1507.7240112304687,34.426207768629965,Hulu (Pertanian/Perkebunan)
2024-09-13,BISI.JK,1309.843994140625,1444.1030212402343,1501.549033203125,21.73909590520664,Hulu (Pertanian/Perkebunan)
2024-09-17,BISI.JK,1309.843994140625,1434.7469909667968,1495.2804931640626,26.78567933772156,Hulu (Pertanian/Perkebunan)
2024-09-18,BISI.JK,1356.6241455078125,1426.7943725585938,1490.6024780273438,34.92061059469776,Hulu (Pertanian/Perkebunan)
2024-09-19,BISI.JK,1356.6241455078125,1419.309552001953,1486.1115844726562,34.92061059469776,Hulu (Pertanian/Perkebunan)
2024-09-20,BISI.JK,1365.980224609375,1414.397637939453,1481.9949340820312,36.92306580589631,Hulu (Pertanian/Perkebunan)
2024-09-23,BISI.JK,1365.980224609375,1409.4857238769532,1477.5040405273437,34.920637550464875,Hulu (Pertanian/Perkebunan)
2024-09-24,BISI.JK,1351.946044921875,1402.4686950683595,1472.35822265625,36.0655527322194,Hulu (Pertanian/Perkebunan)
2024-09-25,BISI.JK,1356.6241455078125,1398.7262817382812,1467.305966796875,32.75865559602195,Hulu (Pertanian/Perkebunan)
2024-09-26,BISI.JK,1375.336181640625,1395.2177673339843,1463.1893139648437,37.70492153916112,Hulu (Pertanian/Perkebunan)
2024-09-27,BISI.JK,1370.6580810546875,1391.4753479003907,1459.166220703125,37.70492153916112,Hulu (Pertanian/Perkebunan)
2024-09-30,BISI.JK,1389.3702392578125,1388.6685363769532,1455.7044897460937,47.3684234620887,Hulu (Pertanian/Perkebunan)
2024-10-01,BISI.JK,1347.2681884765625,1383.2888244628907,1451.2135986328126,35.00002826896923,Hulu (Pertanian/Perkebunan)
2024-10-02,BISI.JK,1356.6241455078125,1379.5464111328124,1446.9098266601563,37.0967830184113,Hulu (Pertanian/Perkebunan)
2024-10-03,BISI.JK,1342.590087890625,1374.16669921875,1442.9802954101563,43.39623570467789,Hulu (Pertanian/Perkebunan)
2024-10-04,BISI.JK,1323.8780517578125,1368.0852783203125,1438.863642578125,53.48837068175046,Hulu (Pertanian/Perkebunan)
2024-10-07,BISI.JK,1347.2681884765625,1363.4072692871093,1435.1212329101563,58.33333786361637,Hulu (Pertanian/Perkebunan)
2024-10-08,BISI.JK,1347.2681884765625,1360.6004638671875,1430.7239013671874,47.36844635193133,Hulu (Pertanian/Perkebunan)
2024-10-09,BISI.JK,1347.2681884765625,1356.3902526855468,1426.7943701171876,47.36844635193133,Hulu (Pertanian/Perkebunan)
2024-10-10,BISI.JK,1333.234130859375,1351.478338623047,1422.3034765625,41.025658181740326,Hulu (Pertanian/Perkebunan)
2024-10-11,BISI.JK,1328.5560302734375,1349.1393310546875,1419.0288647460939,39.99999999999999,Hulu (Pertanian/Perkebunan)
2024-10-14,BISI.JK,1319.199951171875,1349.60712890625,1415.5671313476562,41.025658181740326,Hulu (Pertanian/Perkebunan)
2024-10-15,BISI.JK,1328.5560302734375,1350.5427307128907,1412.6667626953124,42.500003261804146,Hulu (Pertanian/Perkebunan)
2024-10-16,BISI.JK,1328.5560302734375,1349.1393249511718,1409.9535131835937,36.11113325915752,Hulu (Pertanian/Perkebunan)
2024-10-17,BISI.JK,1337.9119873046875,1348.2037170410156,1407.4273828125,40.54055007101921,Hulu (Pertanian/Perkebunan)
2024-10-18,BISI.JK,1328.5560302734375,1346.3325073242188,1404.9012548828125,31.428560777764517,Hulu (Pertanian/Perkebunan)
2024-10-21,BISI.JK,1333.234130859375,1344.6952026367187,1402.3751293945313,44.444444444444436,Hulu (Pertanian/Perkebunan)
2024-10-22,BISI.JK,1309.843994140625,1342.5901000976562,1398.0713549804686,33.33336232713533,Hulu (Pertanian/Perkebunan)
2024-10-23,BISI.JK,1305.1658935546875,1340.0171875,1394.04826171875,35.714292371021415,Hulu (Pertanian/Perkebunan)
2024-10-24,BISI.JK,1305.1658935546875,1336.5086730957032,1390.0251684570312,41.666648545564065,Hulu (Pertanian/Perkebunan)
2024-10-25,BISI.JK,1309.843994140625,1333.46796875,1385.7213940429688,30.000039141547575,Hulu (Pertanian/Perkebunan)
2024-10-28,BISI.JK,1309.843994140625,1329.4916564941407,1381.4176196289063,30.000039141547575,Hulu (Pertanian/Perkebunan)
2024-10-29,BISI.JK,1305.1658935546875,1327.386541748047,1377.5816455078125,28.57144632268519,Hulu (Pertanian/Perkebunan)
2024-10-30,BISI.JK,1272.4197998046875,1323.1763244628905,1372.7165112304688,24.00003757589549,Hulu (Pertanian/Perkebunan)
2024-10-31,BISI.JK,1263.0638427734375,1319.2000122070312,1367.851376953125,23.076992559078747,Hulu (Pertanian/Perkebunan)
2024-11-01,BISI.JK,1160.1474609375,1311.0134826660155,1361.7699560546876,13.043530055115994,Hulu (Pertanian/Perkebunan)
2024-11-04,BISI.JK,1094.6552734375,1298.3828369140624,1354.37869140625,6.896582752019498,Hulu (Pertanian/Perkebunan)
2024-11-05,BISI.JK,1118.04541015625,1286.921697998047,1346.8938671875,14.285755705467437,Hulu (Pertanian/Perkebunan)
2024-11-06,BISI.JK,1089.977294921875,1274.0571533203124,1340.06396484375,10.447823392845521,Hulu (Pertanian/Perkebunan)
2024-11-07,BISI.JK,1061.9091796875,1260.4909057617188,1332.3920190429687,9.859211352768412,Hulu (Pertanian/Perkebunan)
2024-11-08,BISI.JK,1057.231201171875,1246.9246643066406,1324.626513671875,8.450739942798037,Hulu (Pertanian/Perkebunan)
2024-11-11,BISI.JK,1047.875244140625,1233.3584289550781,1316.6738891601562,8.82357004326306,Hulu (Pertanian/Perkebunan)
2024-11-12,BISI.JK,1024.485107421875,1218.1548828125,1308.0663427734376,8.333372595821913,Hulu (Pertanian/Perkebunan)
2024-11-13,BISI.JK,1010.4510498046875,1202.2496337890625,1299.6459155273437,8.000037576013142,Hulu (Pertanian/Perkebunan)
2024-11-14,BISI.JK,954.3148803710938,1183.0697784423828,1289.728526611328,5.813967424705723,Hulu (Pertanian/Perkebunan)
2024-11-15,BISI.JK,958.992919921875,1164.5916229248046,1279.9982556152345,6.896570858006839,Hulu (Pertanian/Perkebunan)
2024-11-18,BISI.JK,963.6708984375,1146.113461303711,1270.455106201172,8.045989250278936,Hulu (Pertanian/Perkebunan)
2024-11-19,BISI.JK,1010.4510498046875,1131.143814086914,1262.5960412597656,18.88890048642986,Hulu (Pertanian/Perkebunan)
2024-11-20,BISI.JK,1052.55322265625,1118.5131805419921,1255.0176574707032,26.80413605275278,Hulu (Pertanian/Perkebunan)
2024-11-21,BISI.JK,1052.55322265625,1105.8825469970702,1247.4392736816405,34.66668499077821,Hulu (Pertanian/Perkebunan)
2024-11-22,BISI.JK,991.7389526367188,1089.977294921875,1239.7673291015626,35.135143712567455,Hulu (Pertanian/Perkebunan)
2024-11-25,BISI.JK,1038.5191650390625,1076.4110534667968,1234.3408325195312,39.24051260081462,Hulu (Pertanian/Perkebunan)
2024-11-26,BISI.JK,1029.1630859375,1062.6109130859375,1228.7272143554687,41.33333611674172,Hulu (Pertanian/Perkebunan)
2024-11-28,BISI.JK,1029.1630859375,1050.4480773925782,1222.1779931640624,44.92754061658548,Hulu (Pertanian/Perkebunan)
2024-11-29,BISI.JK,1029.1630859375,1038.7530395507813,1215.6287719726563,45.58823416546492,Hulu (Pertanian/Perkebunan)
2024-12-02,BISI.JK,996.4169921875,1030.5665161132813,1208.2375073242188,42.465746569295064,Hulu (Pertanian/Perkebunan)
2024-12-03,BISI.JK,982.3829956054688,1024.9529022216798,1200.5655627441406,43.66197830154128,Hulu (Pertanian/Perkebunan)
2024-12-04,BISI.JK,1010.4510498046875,1019.5731842041016,1193.735662841797,50.0,Hulu (Pertanian/Perkebunan)
2024-12-05,BISI.JK,982.3829956054688,1014.1934692382813,1186.25083984375,54.41176752751527,Hulu (Pertanian/Perkebunan)
2024-12-06,BISI.JK,996.4169921875,1010.9188598632812,1178.6724560546875,55.71427825872366,Hulu (Pertanian/Perkebunan)
2024-12-09,BISI.JK,1038.5191650390625,1009.9832580566406,1172.029677734375,60.256411543119434,Hulu (Pertanian/Perkebunan)
2024-12-10,BISI.JK,1019.80712890625,1008.5798522949219,1164.6384155273438,51.38889593600477,Hulu (Pertanian/Perkebunan)
2024-12-11,BISI.JK,1019.80712890625,1008.3459533691406,1158.0891943359375,44.44444674554375,Hulu (Pertanian/Perkebunan)
2024-12-12,BISI.JK,1024.485107421875,1009.04765625,1151.4464135742187,45.312495540495966,Hulu (Pertanian/Perkebunan)
2024-12-13,BISI.JK,1024.485107421875,1012.5561676025391,1145.0843139648437,56.86275814026192,Hulu (Pertanian/Perkebunan)
2024-12-16,BISI.JK,1024.485107421875,1015.830776977539,1139.096455078125,46.34145720535663,Hulu (Pertanian/Perkebunan)
2024-12-17,BISI.JK,1001.0950927734375,1017.7019866943359,1132.1729931640625,43.18183300823934,Hulu (Pertanian/Perkebunan)
2024-12-18,BISI.JK,1001.0950927734375,1017.2341888427734,1125.24953125,43.18183300823934,Hulu (Pertanian/Perkebunan)
2024-12-19,BISI.JK,996.4169921875,1014.427377319336,1118.2325073242187,42.22221835637187,Hulu (Pertanian/Perkebunan)
2024-12-20,BISI.JK,982.3829956054688,1010.9188659667968,1111.2154846191406,46.341471952393455,Hulu (Pertanian/Perkebunan)
2024-12-23,BISI.JK,949.6369018554688,1008.8137634277343,1103.6371020507813,42.22221835637187,Hulu (Pertanian/Perkebunan)
2024-12-24,BISI.JK,940.2808837890625,1003.9018493652344,1096.058720703125,31.707317849330423,Hulu (Pertanian/Perkebunan)
2024-12-27,BISI.JK,968.3489379882812,1000.8611419677734,1088.854578857422,46.34145720535663,Hulu (Pertanian/Perkebunan)
2024-12-30,BISI.JK,1122.723388671875,1005.5391571044922,1084.7379260253906,69.01409175407092,Hulu (Pertanian/Perkebunan)
2025-01-02,BISI.JK,1024.485107421875,1005.3052581787109,1078.4693884277344,48.19276843284396,Hulu (Pertanian/Perkebunan)
2025-01-03,BISI.JK,1038.5191650390625,1007.410366821289,1072.6686511230469,52.4390224498453,Hulu (Pertanian/Perkebunan)
2025-01-06,BISI.JK,1015.1290893554688,1009.0476715087891,1066.3065502929687,49.42528408115263,Hulu (Pertanian/Perkebunan)
2025-01-07,BISI.JK,1019.80712890625,1009.5154754638672,1060.5058129882811,49.42529166575436,Hulu (Pertanian/Perkebunan)
2025-01-08,BISI.JK,1010.4510498046875,1010.9188781738281,1054.6115161132811,48.31460492968566,Hulu (Pertanian/Perkebunan)
2025-01-09,BISI.JK,1024.485107421875,1012.3222839355469,1048.997900390625,50.0,Hulu (Pertanian/Perkebunan)
2025-01-10,BISI.JK,1029.1630859375,1011.8544799804688,1043.3842822265624,53.40907945232452,Hulu (Pertanian/Perkebunan)
2025-01-13,BISI.JK,977.7050170898438,1009.7493743896484,1036.741502685547,47.4747466760185,Hulu (Pertanian/Perkebunan)
2025-01-14,BISI.JK,982.3829956054688,1007.8781677246094,1030.2858447265626,48.484852877858984,Hulu (Pertanian/Perkebunan)
2025-01-15,BISI.JK,982.3829956054688,1005.773062133789,1024.485108642578,50.0,Hulu (Pertanian/Perkebunan)
2025-01-16,BISI.JK,982.3829956054688,1003.6679565429688,1018.8714916992187,53.93258476381416,Hulu (Pertanian/Perkebunan)
2025-01-17,BISI.JK,982.3829956054688,1001.5628509521484,1015.3162023925781,55.17241327597147,Hulu (Pertanian/Perkebunan)
2025-01-20,BISI.JK,991.7389526367188,1001.0950439453125,1013.2578759765624,53.01204213221477,Hulu (Pertanian/Perkebunan)
2025-01-21,BISI.JK,982.3829956054688,1000.1594390869141,1010.5446276855469,21.153828300734034,Hulu (Pertanian/Perkebunan)
2025-01-22,BISI.JK,982.3829956054688,999.4577392578125,1008.3927416992187,35.48385739099545,Hulu (Pertanian/Perkebunan)
2025-01-23,BISI.JK,991.7389526367188,999.925537109375,1006.9893371582032,33.33327534550237,Hulu (Pertanian/Perkebunan)
2025-01-24,BISI.JK,1019.80712890625,1003.434048461914,1006.2408557128906,51.612914087203634,Hulu (Pertanian/Perkebunan)
2025-01-30,BISI.JK,1029.1630859375,1007.8781585693359,1005.8666125488281,53.12498216194749,Hulu (Pertanian/Perkebunan)
2025-01-31,BISI.JK,1029.1630859375,1010.9188659667968,1005.9601721191407,56.6666753648451,Hulu (Pertanian/Perkebunan)
2025-02-03,BISI.JK,1033.8411865234375,1006.474755859375,1006.4279748535156,53.57145519849547,Hulu (Pertanian/Perkebunan)
2025-02-04,BISI.JK,1047.875244140625,1007.6442626953125,1008.2991821289063,56.66671305691126,Hulu (Pertanian/Perkebunan)
2025-02-05,BISI.JK,1043.1971435546875,1007.8781616210938,1009.9832666015625,84.99997716732632,Hulu (Pertanian/Perkebunan)
2025-02-06,BISI.JK,1005.7731323242188,1007.4103637695313,1010.8253112792969,59.25929326443098,Hulu (Pertanian/Perkebunan)
2025-02-07,BISI.JK,1043.1971435546875,1008.5798645019531,1011.4802331542969,68.57144135241116,Hulu (Pertanian/Perkebunan)
2025-02-10,BISI.JK,1024.485107421875,1009.2815673828125,1010.9188708496093,61.538471832152105,Hulu (Pertanian/Perkebunan)
2025-02-11,BISI.JK,1029.1630859375,1009.5154663085938,1010.4510681152344,62.50000407726715,Hulu (Pertanian/Perkebunan)
2025-02-12,BISI.JK,1047.875244140625,1010.45107421875,1011.5737939453124,64.28575200733378,Hulu (Pertanian/Perkebunan)
2025-02-13,BISI.JK,1029.1630859375,1013.0239776611328,1011.3866723632813,61.36361951545548,Hulu (Pertanian/Perkebunan)
2025-02-14,BISI.JK,1047.875244140625,1016.2985900878906,1011.7609155273437,64.5833327670475,Hulu (Pertanian/Perkebunan)
2025-02-17,BISI.JK,1052.55322265625,1019.8071014404297,1012.2287182617188,63.829793140436145,Hulu (Pertanian/Perkebunan)
2025-02-18,BISI.JK,1089.977294921875,1025.18681640625,1013.4450024414062,65.30610669014104,Hulu (Pertanian/Perkebunan)
2025-02-19,BISI.JK,1085.29931640625,1030.3326324462892,1015.2226489257813,62.50000679543194,Hulu (Pertanian/Perkebunan)
2025-02-20,BISI.JK,1099.3333740234375,1035.712353515625,1017.5616564941406,64.70588987729465,Hulu (Pertanian/Perkebunan)
2025-02-21,BISI.JK,1094.6552734375,1041.3259674072265,1019.2457409667969,62.74507044991962,Hulu (Pertanian/Perkebunan)
2025-02-24,BISI.JK,1061.9091796875,1045.3022766113281,1020.8362646484375,52.72725073028907,Hulu (Pertanian/Perkebunan)
2025-02-25,BISI.JK,1029.1630859375,1047.1734832763673,1021.4911865234375,47.540981152092264,Hulu (Pertanian/Perkebunan)
2025-02-26,BISI.JK,1019.80712890625,1047.1734832763673,1021.1169458007812,52.72726323837556,Hulu (Pertanian/Perkebunan)
2025-02-27,BISI.JK,1001.0950927734375,1045.770083618164,1020.742705078125,41.176491656425014,Hulu (Pertanian/Perkebunan)
2025-02-28,BISI.JK,954.3148803710938,1042.0276733398437,1019.4328601074219,36.84211369626746,Hulu (Pertanian/Perkebunan)
2025-03-03,BISI.JK,973.0269775390625,1038.986962890625,1018.4036975097656,40.00002174537041,Hulu (Pertanian/Perkebunan)
2025-03-04,BISI.JK,973.0269775390625,1035.2445495605468,1017.3745349121094,35.71428904265977,Hulu (Pertanian/Perkebunan)
2025-03-05,BISI.JK,987.06103515625,1032.437744140625,1016.6260534667969,41.81820036465824,Hulu (Pertanian/Perkebunan)
2025-03-06,BISI.JK,973.0269775390625,1030.8004364013673,1016.0646911621094,35.18517892108066,Hulu (Pertanian/Perkebunan)
2025-03-07,BISI.JK,1005.7731323242188,1028.9292358398438,1016.158251953125,41.66667935147435,Hulu (Pertanian/Perkebunan)
2025-03-10,BISI.JK,991.7389526367188,1027.291928100586,1016.0646911621094,30.90910427979695,Hulu (Pertanian/Perkebunan)
2025-03-11,BISI.JK,991.7389526367188,1025.420721435547,1016.2518103027344,31.48148998275593,Hulu (Pertanian/Perkebunan)
2025-03-12,BISI.JK,996.4169921875,1022.8478088378906,1017.187412109375,28.846169286648376,Hulu (Pertanian/Perkebunan)
2025-03-13,BISI.JK,1029.1630859375,1022.8478088378906,1018.9650561523438,37.93104766960829,Hulu (Pertanian/Perkebunan)
2025-03-14,BISI.JK,1057.231201171875,1023.3156066894531,1020.7427014160156,49.12281464749839,Hulu (Pertanian/Perkebunan)
2025-03-17,BISI.JK,1057.231201171875,1023.5495056152344,1019.4328576660156,55.9999989562224,Hulu (Pertanian/Perkebunan)
2025-03-18,BISI.JK,1029.1630859375,1020.5087951660156,1019.5264172363281,51.85183484930707,Hulu (Pertanian/Perkebunan)
2025-03-19,BISI.JK,907.5347290039062,1011.6205657958984,1016.906728515625,36.84210887734668,Hulu (Pertanian/Perkebunan)
2025-03-20,BISI.JK,874.7886352539062,1000.3933288574219,1014.0999194335938,38.35617491143973,Hulu (Pertanian/Perkebunan)
2025-03-21,BISI.JK,879.4666748046875,989.6338989257813,1011.2931103515625,35.7142963650807,Hulu (Pertanian/Perkebunan)
2025-03-24,BISI.JK,888.8226928710938,980.9795745849609,1008.8605432128907,37.50000679542949,Hulu (Pertanian/Perkebunan)
2025-03-25,BISI.JK,888.8226928710938,973.9625549316406,1006.147294921875,34.78261527270307,Hulu (Pertanian/Perkebunan)
2025-03-26,BISI.JK,935.6028442382812,969.7523406982422,1004.2760900878907,44.73684346058442,Hulu (Pertanian/Perkebunan)
2025-03-27,BISI.JK,1001.0950927734375,969.7523406982422,1004.7438916015625,49.39758752056314,Hulu (Pertanian/Perkebunan)
2025-04-08,BISI.JK,898.1787109375,966.9455322265625,1003.0598059082031,40.19608708438015,Hulu (Pertanian/Perkebunan)
2025-04-09,BISI.JK,902.8567504882812,963.4370208740235,1001.4692810058593,40.77671046651321,Hulu (Pertanian/Perkebunan)
2025-04-10,BISI.JK,944.9589233398438,962.0336181640625,1000.7207995605469,45.04505584625803,Hulu (Pertanian/Perkebunan)
2025-04-11,BISI.JK,935.6028442382812,959.4607086181641,999.7851965332031,40.56604783827739,Hulu (Pertanian/Perkebunan)
2025-04-14,BISI.JK,958.992919921875,958.7590057373047,999.1302758789062,40.00000745555927,Hulu (Pertanian/Perkebunan)
2025-04-15,BISI.JK,973.0269775390625,957.1216979980469,998.9431555175781,41.66667472051145,Hulu (Pertanian/Perkebunan)
2025-04-16,BISI.JK,944.9589233398438,954.7826965332031,998.1946740722656,41.666679754166026,Hulu (Pertanian/Perkebunan)
2025-04-17,BISI.JK,940.2808837890625,952.2097930908203,997.1655126953125,54.2168716365074,Hulu (Pertanian/Perkebunan)
2025-04-21,BISI.JK,944.9589233398438,949.6368896484375,995.6685485839844,59.74026194083745,Hulu (Pertanian/Perkebunan)
2025-04-22,BISI.JK,949.6369018554688,945.6605804443359,994.0780249023437,59.74025511904578,Hulu (Pertanian/Perkebunan)
2025-04-23,BISI.JK,954.3148803710938,940.5147644042969,992.5810607910156,59.210519087408194,Hulu (Pertanian/Perkebunan)
2025-04-24,BISI.JK,954.3148803710938,935.3689483642578,990.9905346679687,59.210519087408194,Hulu (Pertanian/Perkebunan)
2025-04-25,BISI.JK,958.992919921875,931.8604400634765,989.2128881835938,53.7313412490402,Hulu (Pertanian/Perkebunan)
2025-04-28,BISI.JK,944.9589233398438,933.7316497802734,987.2481237792969,39.28572011037024,Hulu (Pertanian/Perkebunan)
2025-04-29,BISI.JK,968.3489379882812,938.4096649169921,986.4996398925781,69.23077180418844,Hulu (Pertanian/Perkebunan)
2025-04-30,BISI.JK,944.9589233398438,941.68427734375,984.5348754882813,60.465131097461075,Hulu (Pertanian/Perkebunan)
2025-05-02,BISI.JK,912.2128295898438,942.8537841796875,982.2894299316406,41.46341075334789,Hulu (Pertanian/Perkebunan)
2025-05-05,BISI.JK,921.5687866210938,944.4910888671875,980.1375439453125,46.34145487687213,Hulu (Pertanian/Perkebunan)
2025-05-06,BISI.JK,916.8908081054688,943.5554870605469,977.5178552246093,37.83782258903431,Hulu (Pertanian/Perkebunan)
2025-05-07,BISI.JK,888.8226928710938,937.9418670654297,974.7110473632813,27.499960042781936,Hulu (Pertanian/Perkebunan)
2025-05-08,BISI.JK,888.8226928710938,937.4740661621094,971.5299963378907,32.352896030257355,Hulu (Pertanian/Perkebunan)
2025-05-09,BISI.JK,879.4666748046875,936.3045623779296,968.0682653808594,31.428533085609402,Hulu (Pertanian/Perkebunan)
2025-05-14,BISI.JK,898.1787109375,933.9655517578125,964.2322937011719,36.842061892765955,Hulu (Pertanian/Perkebunan)
2025-05-15,BISI.JK,902.8567504882812,932.3282470703125,960.5834423828124,36.84208357796937,Hulu (Pertanian/Perkebunan)
2025-05-16,BISI.JK,907.5347290039062,929.755337524414,956.7474694824218,36.84208357796937,Hulu (Pertanian/Perkebunan)
2025-05-19,BISI.JK,912.2128295898438,926.7146301269531,953.0986206054688,38.46154875522559,Hulu (Pertanian/Perkebunan)
2025-05-20,BISI.JK,916.8908081054688,925.3112243652344,950.1982531738281,38.46152816784789,Hulu (Pertanian/Perkebunan)
2025-05-21,BISI.JK,921.5687866210938,924.375619506836,948.0463671875,43.243215604796596,Hulu (Pertanian/Perkebunan)
2025-05-22,BISI.JK,930.9248046875,923.6739135742188,946.268720703125,38.2352749305138,Hulu (Pertanian/Perkebunan)
2025-05-23,BISI.JK,930.9248046875,922.7383087158203,944.8653149414063,44.82755362756227,Hulu (Pertanian/Perkebunan)
2025-05-26,BISI.JK,930.9248046875,921.5688049316407,944.3975134277343,59.09087943806678,Hulu (Pertanian/Perkebunan)
2025-05-27,BISI.JK,930.9248046875,920.399301147461,943.5554699707031,54.99999673818948,Hulu (Pertanian/Perkebunan)
2025-05-28,BISI.JK,902.8567504882812,917.5924926757813,942.1520654296875,43.99999164976614,Hulu (Pertanian/Perkebunan)
2025-06-02,BISI.JK,898.1787109375,915.2534820556641,940.3744189453125,54.99999673818948,Hulu (Pertanian/Perkebunan)
2025-06-03,BISI.JK,888.8226928710938,911.2771697998047,938.6903332519531,50.0,Hulu (Pertanian/Perkebunan)
2025-06-04,BISI.JK,902.8567504882812,909.1720611572266,936.6320056152343,60.869570150185076,Hulu (Pertanian/Perkebunan)
2025-06-05,BISI.JK,902.8567504882812,908.7042572021485,934.8543615722656,52.63159340414092,Hulu (Pertanian/Perkebunan)
2025-06-10,BISI.JK,916.8908081054688,908.4703582763672,933.3573986816406,57.14286601852957,Hulu (Pertanian/Perkebunan)
2025-06-11,BISI.JK,929.411376953125,909.09638671875,932.0172863769532,60.31130665828936,Hulu (Pertanian/Perkebunan)
2025-06-12,BISI.JK,934.2269897460938,911.3666015625,930.118564453125,60.36268834591176,Hulu (Pertanian/Perkebunan)
2025-06-13,BISI.JK,924.5957641601562,913.1552551269531,927.4658557128906,53.465342729582595,Hulu (Pertanian/Perkebunan)
2025-06-16,BISI.JK,924.5957641601562,915.4117095947265,924.8131469726562,51.42120092251683,Hulu (Pertanian/Perkebunan)
2025-06-17,BISI.JK,924.5957641601562,916.7325622558594,922.7218005371094,46.74223045762402,Hulu (Pertanian/Perkebunan)
2025-06-18,BISI.JK,914.9645385742188,917.3379516601562,922.8703967285156,42.52578601395643,Hulu (Pertanian/Perkebunan)
2025-06-19,BISI.JK,895.7021484375,916.7463226318359,923.2886669921875,36.02622117530374,Hulu (Pertanian/Perkebunan)
2025-06-20,BISI.JK,890.8865356445312,915.6800079345703,923.5170642089844,34.70033282100201,Hulu (Pertanian/Perkebunan)
2025-06-23,BISI.JK,895.7021484375,914.6205749511719,923.6546533203125,46.675198417088,Hulu (Pertanian/Perkebunan)
2025-06-24,BISI.JK,900.5177612304688,913.5680236816406,923.8885546875,51.08558757360144,Hulu (Pertanian/Perkebunan)
2025-06-25,BISI.JK,900.5177612304688,912.0476715087891,923.1868530273438,55.944067224555035,Hulu (Pertanian/Perkebunan)
2025-06-26,BISI.JK,900.5177612304688,910.5273193359375,921.1753063964844,48.613388640511545,Hulu (Pertanian/Perkebunan)
2025-06-30,BISI.JK,905.3333740234375,909.2477478027344,921.3183996582031,51.388903150900525,Hulu (Pertanian/Perkebunan)
2025-07-01,BISI.JK,900.5177612304688,907.7273956298828,921.2716198730469,39.75904810333795,Hulu (Pertanian/Perkebunan)
2025-07-02,BISI.JK,905.3333740234375,907.8512268066406,920.4791088867188,33.33336149876129,Hulu (Pertanian/Perkebunan)
2025-07-03,BISI.JK,900.5177612304688,907.9681793212891,919.7774072265624,26.666689199009028,Hulu (Pertanian/Perkebunan)
2025-07-04,BISI.JK,910.14892578125,909.0344909667969,918.80052734375,39.999983100728954,Hulu (Pertanian/Perkebunan)
2025-07-07,BISI.JK,919.7801513671875,909.8806610107422,917.7355908203125,47.05881914378866,Hulu (Pertanian/Perkebunan)
2025-07-08,BISI.JK,924.5957641601562,910.9676116943359,917.3283276367188,50.0,Hulu (Pertanian/Perkebunan)
2025-07-09,BISI.JK,919.7801513671875,911.1120788574219,916.9183129882813,52.941180856211346,Hulu (Pertanian/Perkebunan)
2025-07-10,BISI.JK,919.7801513671875,910.630517578125,916.4147375488282,69.23073923208467,Hulu (Pertanian/Perkebunan)
2025-07-11,BISI.JK,924.5957641601562,910.1489562988281,915.9139147949219,76.92305442406351,Hulu (Pertanian/Perkebunan)
2025-07-14,BISI.JK,914.9645385742188,909.6673950195312,915.1269079589844,64.28568195295065,Hulu (Pertanian/Perkebunan)
2025-07-15,BISI.JK,910.14892578125,908.9450531005859,914.2435888671876,57.14281834354079,Hulu (Pertanian/Perkebunan)
2025-07-16,BISI.JK,914.9645385742188,908.463491821289,913.3630212402344,59.99996620148646,Hulu (Pertanian/Perkebunan)
2025-07-17,BISI.JK,900.5177612304688,907.7411529541016,912.4741979980469,50.0,Hulu (Pertanian/Perkebunan)
2025-07-18,BISI.JK,886.0709228515625,907.2595916748047,910.8286376953125,39.99998732555206,Hulu (Pertanian/Perkebunan)
2025-07-21,BISI.JK,886.0709228515625,907.0188110351562,909.6508776855469,42.105252625111824,Hulu (Pertanian/Perkebunan)
2025-07-22,BISI.JK,886.0709228515625,906.5372497558594,909.1280395507813,38.88887324142011,Hulu (Pertanian/Perkebunan)
2025-07-23,BISI.JK,886.0709228515625,905.814907836914,908.4180822753906,41.17645743136599,Hulu (Pertanian/Perkebunan)
2025-07-24,BISI.JK,895.7021484375,905.5741271972656,907.9943090820312,41.176501287574126,Hulu (Pertanian/Perkebunan)
2025-07-25,BISI.JK,890.8865356445312,905.0925659179687,908.0355859375,31.250024754769342,Hulu (Pertanian/Perkebunan)
2025-07-28,BISI.JK,890.8865356445312,904.3702239990234,908.0768627929688,26.666689199009028,Hulu (Pertanian/Perkebunan)
2025-07-29,BISI.JK,886.0709228515625,903.6478820800781,908.2089477539063,26.666689199009028,Hulu (Pertanian/Perkebunan)
2025-07-30,BISI.JK,886.0709228515625,902.6847595214844,907.9667919921875,26.666689199009028,Hulu (Pertanian/Perkebunan)
2025-07-31,BISI.JK,890.8865356445312,902.2031982421875,907.7273876953125,26.666689199009028,Hulu (Pertanian/Perkebunan)
2025-08-01,BISI.JK,866.8085327148438,900.0361785888672,906.9128637695312,22.2222535171598,Hulu (Pertanian/Perkebunan)
2025-08-04,BISI.JK,842.7305297851562,896.1836975097656,905.5232177734375,18.18184960608373,Hulu (Pertanian/Perkebunan)
2025-08-05,BISI.JK,842.7305297851562,892.0904357910156,904.0400122070313,14.285740151948616,Hulu (Pertanian/Perkebunan)
2025-08-06,BISI.JK,847.5460815429688,888.4787322998047,902.5595581054688,21.052607002437497,Hulu (Pertanian/Perkebunan)
2025-08-07,BISI.JK,847.5460815429688,884.8670288085938,900.8919836425781,24.999980196153132,Hulu (Pertanian/Perkebunan)
2025-08-08,BISI.JK,847.5460815429688,881.0145446777344,899.2244091796875,24.999980196153132,Hulu (Pertanian/Perkebunan)
2025-08-11,BISI.JK,857.1773071289062,878.1251831054688,897.7494592285157,33.33333333333333,Hulu (Pertanian/Perkebunan)
2025-08-12,BISI.JK,861.992919921875,875.7173828125,896.3708215332031,36.84211228501786,Hulu (Pertanian/Perkebunan)
2025-08-13,BISI.JK,857.1773071289062,872.8280212402344,895.4572326660157,27.777766042167926,Hulu (Pertanian/Perkebunan)
2025-08-14,BISI.JK,837.9149169921875,869.6978790283204,894.2519567871094,23.80952093549604,Hulu (Pertanian/Perkebunan)
2025-08-15,BISI.JK,847.5460815429688,867.7716369628906,893.4264245605468,30.434756253471704,Hulu (Pertanian/Perkebunan)
2025-08-19,BISI.JK,842.7305297851562,865.6046173095704,892.2239001464844,30.43477302497257,Hulu (Pertanian/Perkebunan)
2025-08-20,BISI.JK,847.5460815429688,863.6783752441406,891.1176867675781,33.333298126448,Hulu (Pertanian/Perkebunan)
2025-08-21,BISI.JK,857.1773071289062,862.2336944580078,889.9234167480469,35.99997566500444,Hulu (Pertanian/Perkebunan)
2025-08-22,BISI.JK,857.1773071289062,860.3074523925782,888.4787353515625,44.99998098827991,Hulu (Pertanian/Perkebunan)
2025-08-25,BISI.JK,866.8085327148438,859.1035522460937,887.1303662109375,64.70589989547283,Hulu (Pertanian/Perkebunan)
2025-08-26,BISI.JK,861.992919921875,857.6588714599609,885.8783093261719,61.111115022986574,Hulu (Pertanian/Perkebunan)
2025-08-27,BISI.JK,871.6241455078125,856.9365325927735,884.818876953125,63.15792984616534,Hulu (Pertanian/Perkebunan)
2025-08-28,BISI.JK,866.8085327148438,855.9734130859375,883.6631323242187,60.000025348928,Hulu (Pertanian/Perkebunan)
2025-08-29,BISI.JK,852.3616943359375,854.0471710205078,882.4110754394532,52.17391783533453,Hulu (Pertanian/Perkebunan)
2025-09-01,BISI.JK,847.5460815429688,853.0840484619141,881.4479541015625,45.454534979784235,Hulu (Pertanian/Perkebunan)
2025-09-02,BISI.JK,852.3616943359375,853.5656066894531,880.6774572753907,45.454534979784235,Hulu (Pertanian/Perkebunan)
2025-09-03,BISI.JK,847.5460815429688,853.8063842773438,879.7143359375,45.454534979784235,Hulu (Pertanian/Perkebunan)
2025-09-04,BISI.JK,857.1773071289062,854.2879455566406,878.8475268554688,59.99998732554404,Hulu (Pertanian/Perkebunan)
2025-09-08,BISI.JK,857.1773071289062,854.7695068359375,877.9807177734375,55.55556337928995,Hulu (Pertanian/Perkebunan)
2025-09-09,BISI.JK,842.7305297851562,854.5287292480468,876.8249731445312,50.0,Hulu (Pertanian/Perkebunan)
2025-09-10,BISI.JK,837.9149169921875,853.5656097412109,875.4766040039062,45.00002851748978,Hulu (Pertanian/Perkebunan)
2025-09-11,BISI.JK,847.5460815429688,852.8432678222656,874.4171704101562,44.999993662776035,Hulu (Pertanian/Perkebunan)
2025-09-12,BISI.JK,852.3616943359375,852.6024871826172,873.3577368164063,47.61904474502332,Hulu (Pertanian/Perkebunan)
2025-09-15,BISI.JK,847.5460815429688,853.0840454101562,872.2983032226563,39.99998732555206,Hulu (Pertanian/Perkebunan)
2025-09-16,BISI.JK,857.1773071289062,853.5656066894531,871.2388708496094,47.61904474502332,Hulu (Pertanian/Perkebunan)
2025-09-17,BISI.JK,861.992919921875,854.5287261962891,870.0831262207031,44.999993662776035,Hulu (Pertanian/Perkebunan)
2025-09-18,BISI.JK,866.8085327148438,855.4918487548828,868.9273815917969,50.0,Hulu (Pertanian/Perkebunan)
2025-09-19,BISI.JK,857.1773071289062,855.4918487548828,867.6753247070312,52.63158245829606,Hulu (Pertanian/Perkebunan)
2025-09-22,BISI.JK,857.1773071289062,855.4918487548828,866.4232678222656,55.55556337928995,Hulu (Pertanian/Perkebunan)
2025-09-23,BISI.JK,847.5460815429688,854.5287261962891,864.8822741699219,47.368417541703934,Hulu (Pertanian/Perkebunan)
2025-09-24,BISI.JK,842.7305297851562,853.5656066894531,863.4375939941406,47.36844914007143,Hulu (Pertanian/Perkebunan)
2025-09-25,BISI.JK,857.1773071289062,852.8432647705079,862.3781616210938,50.0,Hulu (Pertanian/Perkebunan)
2025-09-26,BISI.JK,847.5460815429688,851.8801422119141,861.0297924804687,45.454534979784235,Hulu (Pertanian/Perkebunan)
2025-09-29,BISI.JK,852.3616943359375,851.8801422119141,860.0666711425781,54.99997781970206,Hulu (Pertanian/Perkebunan)
2025-09-30,BISI.JK,842.7305297851562,851.6393646240234,859.19986328125,52.38095812900792,Hulu (Pertanian/Perkebunan)
2025-10-01,BISI.JK,842.7305297851562,851.1578063964844,858.3330554199218,47.36844914007143,Hulu (Pertanian/Perkebunan)
2025-10-02,BISI.JK,842.7305297851562,850.9170288085937,857.4662475585938,44.44446791566415,Hulu (Pertanian/Perkebunan)
2025-10-03,BISI.JK,861.992919921875,851.1578094482422,856.9846875,57.14287438702377,Hulu (Pertanian/Perkebunan)
2025-10-06,BISI.JK,842.7305297851562,850.4354705810547,855.9252551269532,43.47827045328302,Hulu (Pertanian/Perkebunan)
2025-10-07,BISI.JK,842.7305297851562,850.4354705810547,854.9621350097656,40.90909352778272,Hulu (Pertanian/Perkebunan)
2025-10-08,BISI.JK,871.6241455078125,852.1209320068359,854.5768872070313,51.85185706768212,Hulu (Pertanian/Perkebunan)
2025-10-09,BISI.JK,895.7021484375,854.5287353515625,854.76951171875,63.333351640900176,Hulu (Pertanian/Perkebunan)
2025-10-10,BISI.JK,886.0709228515625,856.2141967773438,854.76951171875,59.375006188704596,Hulu (Pertanian/Perkebunan)
2025-10-13,BISI.JK,857.1773071289062,856.6957580566407,854.0953271484375,52.77778560152319,Hulu (Pertanian/Perkebunan)
2025-10-14,BISI.JK,842.7305297851562,855.9734191894531,853.6137670898438,50.0,Hulu (Pertanian/Perkebunan)
2025-10-15,BISI.JK,837.9149169921875,854.7695190429688,853.5174548339844,44.444448356315775,Hulu (Pertanian/Perkebunan)
2025-10-16,BISI.JK,852.3616943359375,854.0471771240234,853.710078125,51.35135505462867,Hulu (Pertanian/Perkebunan)
2025-10-17,BISI.JK,842.7305297851562,853.324838256836,853.6137670898438,47.368429829965315,Hulu (Pertanian/Perkebunan)
2025-10-20,BISI.JK,857.1773071289062,853.324838256836,853.8063916015625,53.84614884636334,Hulu (Pertanian/Perkebunan)
2025-10-21,BISI.JK,847.5460815429688,853.324838256836,853.8063916015625,51.21950013138167,Hulu (Pertanian/Perkebunan)
2025-10-22,BISI.JK,847.5460815429688,853.5656158447266,853.6137670898438,51.21950013138167,Hulu (Pertanian/Perkebunan)
2025-10-23,BISI.JK,842.7305297851562,852.8432769775391,853.2285192871094,44.73684298299653,Hulu (Pertanian/Perkebunan)
2025-10-24,BISI.JK,842.7305297851562,852.6024993896484,852.9395837402344,50.0,Hulu (Pertanian/Perkebunan)
2025-10-27,BISI.JK,847.5460815429688,852.36171875,853.13220703125,51.4285579781101,Hulu (Pertanian/Perkebunan)
2025-10-28,BISI.JK,852.3616943359375,852.8432769775391,853.2285192871094,43.33331080093386,Hulu (Pertanian/Perkebunan)
2025-10-29,BISI.JK,847.5460815429688,853.0840545654297,853.3248303222656,30.769189520938966,Hulu (Pertanian/Perkebunan)
2025-10-30,BISI.JK,847.5460815429688,853.3248321533204,853.3248303222656,33.333298126448,Hulu (Pertanian/Perkebunan)
2025-10-31,BISI.JK,857.1773071289062,853.0840515136719,853.3248303222656,50.0,Hulu (Pertanian/Perkebunan)
2025-11-03,BISI.JK,886.0709228515625,855.2510711669922,853.9027026367188,69.56522697502743,Hulu (Pertanian/Perkebunan)
2025-11-04,BISI.JK,881.2553100585938,857.1773101806641,854.1916381835938,69.56522697502743,Hulu (Pertanian/Perkebunan)
2025-11-05,BISI.JK,871.6241455078125,857.1773101806641,854.3842626953125,59.09094051522896,Hulu (Pertanian/Perkebunan)
2025-11-06,BISI.JK,866.8085327148438,855.7326293945313,854.2879504394531,61.904767652820915,Hulu (Pertanian/Perkebunan)
2025-11-07,BISI.JK,861.992919921875,854.5287292480468,854.1916381835938,52.63158596923307,Hulu (Pertanian/Perkebunan)
2025-11-10,BISI.JK,861.992919921875,854.7695098876953,854.3842626953125,58.823555725542555,Hulu (Pertanian/Perkebunan)
2025-11-11,BISI.JK,871.6241455078125,856.2141906738282,854.8658239746094,63.15792984616534,Hulu (Pertanian/Perkebunan)
2025-11-12,BISI.JK,861.992919921875,857.4180908203125,855.0584484863281,59.99998732554404,Hulu (Pertanian/Perkebunan)
2025-11-13,BISI.JK,861.992919921875,857.8996520996094,855.3473852539063,59.99998732554404,Hulu (Pertanian/Perkebunan)
2025-11-14,BISI.JK,866.8085327148438,859.1035522460937,855.540009765625,60.00001267444794,Hulu (Pertanian/Perkebunan)
2025-11-17,BISI.JK,861.992919921875,859.3443328857422,855.6363220214844,55.000006337223965,Hulu (Pertanian/Perkebunan)
2025-11-18,BISI.JK,861.992919921875,860.0666748046875,856.0215698242188,57.89474737488818,Hulu (Pertanian/Perkebunan)
2025-11-19,BISI.JK,866.8085327148438,861.0297973632812,856.5994421386719,60.00001267444794,Hulu (Pertanian/Perkebunan)
2025-11-20,BISI.JK,866.8085327148438,862.2336975097656,856.9846911621094,55.55556337928995,Hulu (Pertanian/Perkebunan)
2025-11-21,BISI.JK,871.6241455078125,863.6783782958985,857.3699401855469,38.46157595989416,Hulu (Pertanian/Perkebunan)
2025-11-24,BISI.JK,866.8085327148438,864.6415008544922,857.7551892089843,38.46157595989416,Hulu (Pertanian/Perkebunan)
2025-11-25,BISI.JK,866.8085327148438,865.3638427734375,857.9478137207032,45.45454545454545,Hulu (Pertanian/Perkebunan)
2025-11-26,BISI.JK,861.992919921875,866.0861846923829,857.9478137207032,45.45454545454545,Hulu (Pertanian/Perkebunan)
2025-11-27,BISI.JK,861.992919921875,866.8085266113281,857.8515014648438,50.0,Hulu (Pertanian/Perkebunan)
2025-11-28,BISI.JK,857.1773071289062,866.8085266113281,857.8515014648438,45.45454545454545,Hulu (Pertanian/Perkebunan)
2025-12-01,BISI.JK,857.1773071289062,865.3638458251953,857.8515014648438,33.33333333333333,Hulu (Pertanian/Perkebunan)
2025-12-02,BISI.JK,847.5460815429688,863.6783843994141,857.8515014648438,33.33333333333333,Hulu (Pertanian/Perkebunan)
2025-12-03,BISI.JK,847.5460815429688,862.4744812011719,857.9478125,33.33333333333333,Hulu (Pertanian/Perkebunan)
2025-12-04,BISI.JK,847.5460815429688,861.5113586425781,857.7551879882812,25.0,Hulu (Pertanian/Perkebunan)
2025-12-05,BISI.JK,847.5460815429688,860.7890167236328,857.7551879882812,28.57142857142857,Hulu (Pertanian/Perkebunan)
2025-12-08,BISI.JK,837.9149169921875,859.5851165771485,857.4662524414063,22.2222535171598,Hulu (Pertanian/Perkebunan)
2025-12-09,BISI.JK,833.0993041992188,857.6588745117188,857.2736279296874,11.1111267585799,Hulu (Pertanian/Perkebunan)
2025-12-10,BISI.JK,833.0993041992188,856.2141937255859,857.0810034179688,11.1111267585799,Hulu (Pertanian/Perkebunan)
2025-12-11,BISI.JK,833.0993041992188,854.7695129394531,856.88837890625,0.0,Hulu (Pertanian/Perkebunan)
2025-12-12,BISI.JK,837.9149169921875,853.3248321533204,856.4068188476563,12.50001980383118,Hulu (Pertanian/Perkebunan)
2025-12-15,BISI.JK,842.7305297851562,852.3617126464844,856.4068188476563,22.2222535171598,Hulu (Pertanian/Perkebunan)
2025-12-16,BISI.JK,837.9149169921875,851.1578125,856.3105065917969,22.2222535171598,Hulu (Pertanian/Perkebunan)
2025-12-17,BISI.JK,842.7305297851562,849.9539123535156,855.7326342773438,30.00003802334379,Hulu (Pertanian/Perkebunan)
2025-12-18,BISI.JK,833.0993041992188,848.2684509277344,854.4805773925781,27.27275869697472,Hulu (Pertanian/Perkebunan)
2025-12-19,BISI.JK,828.28369140625,846.1014282226563,853.3248327636719,25.00002640509429,Hulu (Pertanian/Perkebunan)
2025-12-22,BISI.JK,837.9149169921875,844.6567474365235,852.9395849609375,41.666710675157134,Hulu (Pertanian/Perkebunan)
2025-12-23,BISI.JK,837.9149169921875,843.2120666503906,852.8432727050781,41.666710675157134,Hulu (Pertanian/Perkebunan)
2025-12-24,BISI.JK,833.0993041992188,841.7673858642578,852.7469604492187,38.46157595989416,Hulu (Pertanian/Perkebunan)
2025-12-29,BISI.JK,837.9149169921875,840.5634857177735,852.4580249023437,42.85718165645922,Hulu (Pertanian/Perkebunan)
2025-12-30,BISI.JK,842.7305297851562,839.8411468505859,852.4580249023437,53.84615384615384,Hulu (Pertanian/Perkebunan)
2026-01-02,BISI.JK,847.5460815429688,839.359585571289,852.265400390625,61.53842404010584,Hulu (Pertanian/Perkebunan)
2026-01-05,BISI.JK,852.3616943359375,839.6003662109375,852.3617126464844,64.28568195295065,Hulu (Pertanian/Perkebunan)
2026-01-06,BISI.JK,852.3616943359375,839.8411468505859,852.4580249023437,64.28568195295065,Hulu (Pertanian/Perkebunan)
2026-01-07,BISI.JK,861.992919921875,840.5634887695312,852.8432727050781,66.66663850123871,Hulu (Pertanian/Perkebunan)
2026-01-08,BISI.JK,857.1773071289062,841.0450500488281,853.1322082519531,59.99996620148646,Hulu (Pertanian/Perkebunan)
2026-01-09,BISI.JK,857.1773071289062,842.008169555664,853.3248327636719,64.28568195295065,Hulu (Pertanian/Perkebunan)
2026-01-12,BISI.JK,847.5460815429688,842.7305084228516,853.2285205078125,53.3332939017342,Hulu (Pertanian/Perkebunan)
2026-01-13,BISI.JK,852.3616943359375,843.6936279296875,853.3248327636719,64.28568195295065,Hulu (Pertanian/Perkebunan)
2026-01-14,BISI.JK,866.8085327148438,845.3790893554688,853.7100817871094,74.99998019618451,Hulu (Pertanian/Perkebunan)
2026-01-15,BISI.JK,861.992919921875,846.5829895019531,853.8063940429688,66.66663850123871,Hulu (Pertanian/Perkebunan)
2026-01-19,BISI.JK,861.992919921875,847.546109008789,853.324833984375,66.66663850123871,Hulu (Pertanian/Perkebunan)
2026-01-20,BISI.JK,857.1773071289062,848.509228515625,852.8432739257812,66.66663850123871,Hulu (Pertanian/Perkebunan)
2026-01-21,BISI.JK,861.992919921875,849.4723480224609,852.6506494140625,66.66663850123871,Hulu (Pertanian/Perkebunan)
2026-01-22,BISI.JK,866.8085327148438,851.1578094482422,852.6506494140625,66.66663850123871,Hulu (Pertanian/Perkebunan)
2026-01-23,BISI.JK,866.8085327148438,853.0840515136719,852.7469616699219,64.28571428571428,Hulu (Pertanian/Perkebunan)
2026-01-26,BISI.JK,866.8085327148438,854.5287322998047,852.8432739257812,61.53846153846153,Hulu (Pertanian/Perkebunan)
2026-01-27,BISI.JK,861.992919921875,855.732632446289,852.6506494140625,57.14285714285714,Hulu (Pertanian/Perkebunan)
2026-01-28,BISI.JK,833.0993041992188,855.732632446289,852.0727770996094,33.333356804519994,Hulu (Pertanian/Perkebunan)
2026-01-29,BISI.JK,833.0993041992188,855.4918518066406,851.4949047851562,35.29414396077782,Hulu (Pertanian/Perkebunan)
2026-01-30,BISI.JK,847.5460815429688,855.7326293945313,851.1096557617187,44.999993662776035,Hulu (Pertanian/Perkebunan)
2026-02-02,BISI.JK,833.0993041992188,855.0102905273437,850.5317834472656,42.857160101299066,Hulu (Pertanian/Perkebunan)
2026-02-03,BISI.JK,837.9149169921875,854.2879516601563,850.0502233886718,42.857160101299066,Hulu (Pertanian/Perkebunan)
2026-02-04,BISI.JK,852.3616943359375,854.2879516601563,849.7612866210937,42.85712561297623,Hulu (Pertanian/Perkebunan)
2026-02-05,BISI.JK,866.8085327148438,854.5287322998047,849.7612866210937,52.17391783533453,Hulu (Pertanian/Perkebunan)
2026-02-06,BISI.JK,857.1773071289062,854.5287322998047,849.4723498535157,47.999995944173584,Hulu (Pertanian/Perkebunan)
2026-02-09,BISI.JK,857.1773071289062,854.5287322998047,849.2797253417968,50.0,Hulu (Pertanian/Perkebunan)
2026-02-10,BISI.JK,857.1773071289062,855.0102935791016,849.0871008300782,47.82608216466548,Hulu (Pertanian/Perkebunan)
2026-02-11,BISI.JK,857.1773071289062,855.25107421875,848.9907885742188,45.454534979784235,Hulu (Pertanian/Perkebunan)
2026-02-12,BISI.JK,852.3616943359375,854.5287322998047,848.7981640625,43.478246493996444,Hulu (Pertanian/Perkebunan)
2026-02-13,BISI.JK,852.3616943359375,854.0471710205078,848.7018518066407,43.478246493996444,Hulu (Pertanian/Perkebunan)
2026-02-18,BISI.JK,857.1773071289062,853.8063903808594,848.7018518066407,47.82608216466548,Hulu (Pertanian/Perkebunan)
2026-02-19,BISI.JK,857.1773071289062,853.8063903808594,848.8944763183594,64.7058779673148,Hulu (Pertanian/Perkebunan)
2026-02-20,BISI.JK,852.3616943359375,853.3248291015625,848.9907885742188,61.11109937550126,Hulu (Pertanian/Perkebunan)
2026-02-23,BISI.JK,857.1773071289062,852.8432678222656,849.1834130859374,56.250009901915575,Hulu (Pertanian/Perkebunan)
2026-02-24,BISI.JK,847.5460815429688,851.8801452636719,849.1834130859374,59.99996620148646,Hulu (Pertanian/Perkebunan)
2026-02-25,BISI.JK,852.3616943359375,851.1578033447265,849.4723486328126,59.99996620148646,Hulu (Pertanian/Perkebunan)
2026-02-26,BISI.JK,842.7305297851562,850.1946838378906,849.6649731445312,42.85718165645922,Hulu (Pertanian/Perkebunan)
2026-02-27,BISI.JK,852.3616943359375,851.1578033447265,850.0502209472656,38.46151596250311,Hulu (Pertanian/Perkebunan)
2026-03-02,BISI.JK,847.5460815429688,851.8801422119141,850.3391564941406,41.66664906325188,Hulu (Pertanian/Perkebunan)
2026-03-03,BISI.JK,857.1773071289062,852.361703491211,850.724404296875,50.0,Hulu (Pertanian/Perkebunan)
2026-03-04,BISI.JK,833.0993041992188,852.361703491211,850.5317797851562,36.84211228501786,Hulu (Pertanian/Perkebunan)
2026-03-05,BISI.JK,833.0993041992188,852.1209228515625,850.4354675292968,36.84211228501786,Hulu (Pertanian/Perkebunan)
2026-03-06,BISI.JK,828.28369140625,850.9170227050781,850.1465307617187,36.84211228501786,Hulu (Pertanian/Perkebunan)
2026-03-09,BISI.JK,837.9149169921875,849.4723419189453,850.2428430175781,42.857160101299066,Hulu (Pertanian/Perkebunan)
2026-03-10,BISI.JK,833.0993041992188,848.268441772461,850.3391552734375,38.0952467173162,Hulu (Pertanian/Perkebunan)
2026-03-11,BISI.JK,813.8369140625,846.1014221191406,849.8575952148437,32.00001419539248,Hulu (Pertanian/Perkebunan)
2026-03-12,BISI.JK,818.6524658203125,844.175180053711,849.4723461914062,35.9999898604288,Hulu (Pertanian/Perkebunan)
2026-03-13,BISI.JK,813.8369140625,842.0081604003906,849.0870983886718,31.99999594416947,Hulu (Pertanian/Perkebunan)
2026-03-16,BISI.JK,784.9432983398438,838.637240600586,848.027666015625,27.58620388240888,Hulu (Pertanian/Perkebunan)
2026-03-17,BISI.JK,804.2056884765625,836.2294403076172,847.2571691894532,34.374990098068736,Hulu (Pertanian/Perkebunan)
2026-03-25,BISI.JK,847.5460815429688,835.7478790283203,847.2571691894532,51.282038782575015,Hulu (Pertanian/Perkebunan)
2026-03-26,BISI.JK,837.9149169921875,834.7847595214844,846.9682336425781,46.15385115363666,Hulu (Pertanian/Perkebunan)
2026-03-27,BISI.JK,809.0213012695312,832.6177398681641,846.10142578125,40.90909352778272,Hulu (Pertanian/Perkebunan)
2026-03-30,BISI.JK,809.0213012695312,830.2099395751953,845.0419934082031,38.095232347179085,Hulu (Pertanian/Perkebunan)
2026-03-31,BISI.JK,799.3900756835938,827.8021392822266,843.8862487792969,41.02563102606001,Hulu (Pertanian/Perkebunan)
2026-04-01,BISI.JK,799.3900756835938,825.1535583496094,842.7305041503906,41.02563102606001,Hulu (Pertanian/Perkebunan)
2026-04-02,BISI.JK,804.2056884765625,823.2273162841797,841.8636962890625,43.58974108984834,Hulu (Pertanian/Perkebunan)
2026-04-06,BISI.JK,794.574462890625,820.3379547119141,840.7079516601563,38.461520962271685,Hulu (Pertanian/Perkebunan)
2026-04-07,BISI.JK,794.574462890625,817.6893737792968,839.2632702636719,39.47366928905897,Hulu (Pertanian/Perkebunan)
2026-04-08,BISI.JK,799.3900756835938,814.8000122070313,838.0112133789063,45.71427329847975,Hulu (Pertanian/Perkebunan)
2026-04-09,BISI.JK,799.3900756835938,813.11455078125,836.7591564941406,44.117650348044535,Hulu (Pertanian/Perkebunan)
2026-04-10,BISI.JK,799.3900756835938,811.4290893554687,835.6034118652344,45.454534979784235,Hulu (Pertanian/Perkebunan)
2026-04-13,BISI.JK,794.574462890625,809.7436279296875,834.2550427246093,53.57141402166517,Hulu (Pertanian/Perkebunan)
2026-04-14,BISI.JK,804.2056884765625,808.0581665039062,833.0029858398437,50.0,Hulu (Pertanian/Perkebunan)
2026-04-15,BISI.JK,794.574462890625,806.1319244384765,831.5583044433594,21.052659666368484,Hulu (Pertanian/Perkebunan)
2026-04-16,BISI.JK,804.2056884765625,805.6503631591797,830.3062475585938,31.578968433972832,Hulu (Pertanian/Perkebunan)
2026-04-17,BISI.JK,799.3900756835938,804.6872436523438,829.0541906738281,42.857142857142854,Hulu (Pertanian/Perkebunan)
2026-04-20,BISI.JK,789.7588500976562,803.4833404541016,828.1873815917969,37.5,Hulu (Pertanian/Perkebunan)
2026-04-21,BISI.JK,794.574462890625,803.9648986816406,827.416884765625,46.666666666666664,Hulu (Pertanian/Perkebunan)
2026-04-22,BISI.JK,780.127685546875,802.7609985351562,826.0685168457031,38.88891627193998,Hulu (Pertanian/Perkebunan)
2026-04-23,BISI.JK,760.865234375,798.4269561767578,824.6238354492187,28.571445815563962,Hulu (Pertanian/Perkebunan)
2026-04-24,BISI.JK,741.6028442382812,793.6113525390625,822.6975939941407,26.086985272845,Hulu (Pertanian/Perkebunan)
2026-04-27,BISI.JK,741.6028442382812,790.2404296875,820.4824169921875,26.086985272845,Hulu (Pertanian/Perkebunan)
2026-04-28,BISI.JK,731.9716186523438,786.3879455566406,817.7856787109375,20.833355337578567,Hulu (Pertanian/Perkebunan)
2026-04-29,BISI.JK,741.6028442382812,783.498583984375,815.474189453125,26.923103171925916,Hulu (Pertanian/Perkebunan)
2026-04-30,BISI.JK,722.3404541015625,779.6461029052734,812.7774523925781,23.33336290704517,Hulu (Pertanian/Perkebunan)
2026-05-04,BISI.JK,731.9716186523438,776.0343994140625,810.2733386230469,29.032264658924348,Hulu (Pertanian/Perkebunan)
2026-05-05,BISI.JK,731.9716186523438,772.9042572021484,807.7692248535157,24.137929527413306,Hulu (Pertanian/Perkebunan)
2026-05-06,BISI.JK,736.7872314453125,770.0148956298829,805.4577355957031,28.571435037987158,Hulu (Pertanian/Perkebunan)
2026-05-07,BISI.JK,746.41845703125,767.3663146972656,803.3388708496094,28.571435037987158,Hulu (Pertanian/Perkebunan)
2026-05-08,BISI.JK,746.41845703125,764.7177337646484,801.1236938476562,29.629638322671923,Hulu (Pertanian/Perkebunan)
2026-05-11,BISI.JK,751.2340698242188,762.3099334716796,799.0048291015624,34.61540336458074,Hulu (Pertanian/Perkebunan)
2026-05-12,BISI.JK,746.41845703125,759.902133178711,796.8859643554688,30.769242018748443,Hulu (Pertanian/Perkebunan)
2026-05-13,BISI.JK,736.7872314453125,756.5312103271484,794.4781628417969,31.99999797208781,Hulu (Pertanian/Perkebunan)
2026-05-14,BISI.JK,736.7872314453125,753.6418487548829,792.2629858398437,38.0952467173162,Hulu (Pertanian/Perkebunan)
2026-05-15,BISI.JK,736.7872314453125,750.2709259033203,789.9514965820313,47.05881914378866,Hulu (Pertanian/Perkebunan)
2026-05-18,BISI.JK,712.709228515625,745.9368835449219,787.3510705566406,36.36364160101396,Hulu (Pertanian/Perkebunan)
2026-05-19,BISI.JK,703.0780029296875,741.6028411865234,784.3653967285156,36.36364160101396,Hulu (Pertanian/Perkebunan)
2026-05-20,BISI.JK,698.2623901367188,736.7872375488281,781.3797229003907,28.571419949350457,Hulu (Pertanian/Perkebunan)
2026-05-21,BISI.JK,683.8156127929688,731.9716339111328,777.9124890136719,29.999993662772027,Hulu (Pertanian/Perkebunan)
2026-05-22,BISI.JK,693.4468383789062,728.6007141113281,775.1194396972656,30.00003802334379,Hulu (Pertanian/Perkebunan)
2026-05-25,BISI.JK,712.709228515625,727.1560333251953,772.7116381835938,41.66667986922078,Hulu (Pertanian/Perkebunan)
2026-05-26,BISI.JK,703.0780029296875,725.2297912597656,770.2075244140625,36.00000405582437,Hulu (Pertanian/Perkebunan)
2026-05-27,BISI.JK,703.0780029296875,723.7851104736328,767.5107861328125,30.434777816842043,Hulu (Pertanian/Perkebunan)
2026-05-28,BISI.JK,703.0780029296875,721.8588684082031,764.9103601074219,30.434777816842043,Hulu (Pertanian/Perkebunan)
2026-05-29,BISI.JK,712.709228515625,721.3773071289063,762.8878063964844,33.33333333333333,Hulu (Pertanian/Perkebunan)
2026-06-02,BISI.JK,707.8936157226562,720.1734069824219,760.6726293945312,33.33333333333333,Hulu (Pertanian/Perkebunan)
2026-06-03,BISI.JK,703.0780029296875,718.728726196289,758.457451171875,34.78261109157897,Hulu (Pertanian/Perkebunan)
2026-06-04,BISI.JK,679.0,715.8393646240235,756.3385852050782,28.571435037987158,Hulu (Pertanian/Perkebunan)
2026-06-05,BISI.JK,695.0,713.268441772461,754.1544714355468,36.14820791547162,Hulu (Pertanian/Perkebunan)
2026-06-08,BISI.JK,640.0,707.9475189208985,750.0035498046875,29.99844187488121,Hulu (Pertanian/Perkebunan)
2026-06-09,BISI.JK,650.0,702.8858154296875,746.2452514648437,35.42835407744019,Hulu (Pertanian/Perkebunan)
2026-06-10,BISI.JK,675.0,699.314892578125,743.5648254394531,44.25086456283425,Hulu (Pertanian/Perkebunan)
2026-06-11,BISI.JK,680.0,696.4755310058594,740.9843994140625,49.010808869253985,Hulu (Pertanian/Perkebunan)
2026-06-12,BISI.JK,695.0,694.3861694335938,738.8965979003906,50.39174941584739,Hulu (Pertanian/Perkebunan)
2026-06-15,BISI.JK,725.0,693.7968078613281,737.4087963867188,52.94077443956876,Hulu (Pertanian/Perkebunan)
2026-06-17,BISI.JK,700.0,693.1613464355469,735.3246826171875,49.31398843289003,Hulu (Pertanian/Perkebunan)
2026-06-18,BISI.JK,675.0,691.7574462890625,732.933193359375,44.36954524069113,Hulu (Pertanian/Perkebunan)
2026-06-19,BISI.JK,680.0,690.8443267822265,730.6417041015625,45.46316707438289,Hulu (Pertanian/Perkebunan)
2026-06-22,BISI.JK,670.0,690.1535461425781,728.0539025878907,41.61608145010635,Hulu (Pertanian/Perkebunan)
2026-06-23,BISI.JK,660.0,688.4812042236329,725.2661010742188,40.785919155904615,Hulu (Pertanian/Perkebunan)
2026-06-24,BISI.JK,655.0,685.5957427978516,722.3782995605469,40.75700320901697,Hulu (Pertanian/Perkebunan)
2026-06-25,BISI.JK,660.0,683.4418426513672,719.6868103027343,46.058091286307054,Hulu (Pertanian/Perkebunan)
2026-06-26,BISI.JK,650.0,680.7879425048828,716.6026965332031,40.42553191489362,Hulu (Pertanian/Perkebunan)
2026-06-29,BISI.JK,640.0,677.6340423583985,713.5112072753906,50.0,Hulu (Pertanian/Perkebunan)
2026-06-30,BISI.JK,650.0,674.4985809326172,710.4270935058594,50.0,Hulu (Pertanian/Perkebunan)
2026-07-01,BISI.JK,630.0,670.6039001464844,707.0392919921875,37.83783783783784,Hulu (Pertanian/Perkebunan)
2026-07-02,BISI.JK,630.0,666.95,703.8441149902344,36.111111111111114,Hulu (Pertanian/Perkebunan)
2026-07-03,BISI.JK,640.0,665.0,700.7526257324218,34.28571428571429,Hulu (Pertanian/Perkebunan)
2026-07-06,BISI.JK,640.0,662.25,697.9500720214844,20.689655172413794,Hulu (Pertanian/Perkebunan)
2026-07-07,BISI.JK,640.0,662.25,695.5327673339843,25.0,Hulu (Pertanian/Perkebunan)
2026-07-08,BISI.JK,630.0,661.25,693.3007104492187,28.57142857142857,Hulu (Pertanian/Perkebunan)
2026-07-09,BISI.JK,620.0,658.5,690.8686535644531,22.727272727272734,Hulu (Pertanian/Perkebunan)
2026-07-10,BISI.JK,635.0,656.25,688.9292211914062,34.78260869565217,Hulu (Pertanian/Perkebunan)
2026-07-13,BISI.JK,635.0,653.25,686.7971643066406,38.095238095238095,Hulu (Pertanian/Perkebunan)
2026-07-14,BISI.JK,630.0,648.5,684.9503552246093,38.095238095238095,Hulu (Pertanian/Perkebunan)
2026-07-15,BISI.JK,625.0,644.75,682.8109228515625,33.33333333333333,Hulu (Pertanian/Perkebunan)
2026-07-16,BISI.JK,640.0,643.0,680.9714904785156,45.45454545454546,Hulu (Pertanian/Perkebunan)
2026-07-17,BISI.JK,645.0,641.25,679.1357458496094,52.38095238095237,Hulu (Pertanian/Perkebunan)
2026-07-20,BISI.JK,660.0,640.75,677.4073767089844,54.54545454545455,Hulu (Pertanian/Perkebunan)
2023-01-02,CPIN.JK,5175.3720703125,,,,Menengah (Peternakan/Pakan/Protein)
2023-01-03,CPIN.JK,5266.56787109375,,,,Menengah (Peternakan/Pakan/Protein)
2023-01-04,CPIN.JK,5175.3720703125,,,,Menengah (Peternakan/Pakan/Protein)
2023-01-05,CPIN.JK,5334.96435546875,,,,Menengah (Peternakan/Pakan/Protein)
2023-01-06,CPIN.JK,5471.75927734375,,,,Menengah (Peternakan/Pakan/Protein)
2023-01-09,CPIN.JK,5699.7490234375,,,,Menengah (Peternakan/Pakan/Protein)
2023-01-10,CPIN.JK,5699.7490234375,,,,Menengah (Peternakan/Pakan/Protein)
2023-01-11,CPIN.JK,5676.9501953125,,,,Menengah (Peternakan/Pakan/Protein)
2023-01-12,CPIN.JK,5676.9501953125,,,,Menengah (Peternakan/Pakan/Protein)
2023-01-13,CPIN.JK,5654.15087890625,,,,Menengah (Peternakan/Pakan/Protein)
2023-01-16,CPIN.JK,5631.35205078125,,,,Menengah (Peternakan/Pakan/Protein)
2023-01-17,CPIN.JK,5585.75390625,,,,Menengah (Peternakan/Pakan/Protein)
2023-01-18,CPIN.JK,5585.75390625,,,,Menengah (Peternakan/Pakan/Protein)
2023-01-19,CPIN.JK,5517.35693359375,,,69.23076923076923,Menengah (Peternakan/Pakan/Protein)
2023-01-20,CPIN.JK,5426.16162109375,,,62.790739372905946,Menengah (Peternakan/Pakan/Protein)
2023-01-24,CPIN.JK,5448.96044921875,,,60.00004283361496,Menengah (Peternakan/Pakan/Protein)
2023-01-25,CPIN.JK,5357.763671875,,,59.99997858321545,Menengah (Peternakan/Pakan/Protein)
2023-01-26,CPIN.JK,5426.16162109375,,,55.555621656608736,Menengah (Peternakan/Pakan/Protein)
2023-01-27,CPIN.JK,5334.96435546875,,,41.17643353507052,Menengah (Peternakan/Pakan/Protein)
2023-01-30,CPIN.JK,5357.763671875,5475.178857421875,,20.000102800103477,Menengah (Peternakan/Pakan/Protein)
2023-01-31,CPIN.JK,5312.166015625,5482.0185546875,,18.518630155675666,Menengah (Peternakan/Pakan/Protein)
2023-02-01,CPIN.JK,5357.763671875,5486.578344726562,,25.00003824413527,Menengah (Peternakan/Pakan/Protein)
2023-02-02,CPIN.JK,5289.3671875,5492.278100585938,,22.580703104597973,Menengah (Peternakan/Pakan/Protein)
2023-02-03,CPIN.JK,5312.166015625,5491.13818359375,,25.806496184709133,Menengah (Peternakan/Pakan/Protein)
2023-02-06,CPIN.JK,5289.3671875,5482.018579101563,,25.806496184709133,Menengah (Peternakan/Pakan/Protein)
2023-02-07,CPIN.JK,5334.96435546875,5463.779345703125,,32.258026630041655,Menengah (Peternakan/Pakan/Protein)
2023-02-08,CPIN.JK,5243.76904296875,5440.9803466796875,,28.571419829877172,Menengah (Peternakan/Pakan/Protein)
2023-02-09,CPIN.JK,5289.3671875,5421.6011962890625,,35.29412505771512,Menengah (Peternakan/Pakan/Protein)
2023-02-10,CPIN.JK,5334.96435546875,5404.501904296875,,43.749907974679985,Menengah (Peternakan/Pakan/Protein)
2023-02-13,CPIN.JK,5243.76904296875,5383.9828125,,37.1428134350734,Menengah (Peternakan/Pakan/Protein)
2023-02-14,CPIN.JK,5312.166015625,5368.023510742188,,47.05883835075236,Menengah (Peternakan/Pakan/Protein)
2023-02-15,CPIN.JK,5312.166015625,5354.3441162109375,,41.935408098478916,Menengah (Peternakan/Pakan/Protein)
2023-02-16,CPIN.JK,5289.3671875,5339.5247802734375,,46.428612404838084,Menengah (Peternakan/Pakan/Protein)
2023-02-17,CPIN.JK,5289.3671875,5328.12529296875,,44.444444444444436,Menengah (Peternakan/Pakan/Protein)
2023-02-20,CPIN.JK,5380.5625,5325.8453369140625,,55.17241379310345,Menengah (Peternakan/Pakan/Protein)
2023-02-21,CPIN.JK,5334.96435546875,5320.145532226563,,48.275826416526776,Menengah (Peternakan/Pakan/Protein)
2023-02-22,CPIN.JK,5220.97021484375,5313.305859375,,45.16125912205785,Menengah (Peternakan/Pakan/Protein)
2023-02-23,CPIN.JK,5198.1708984375,5301.906323242188,,41.93542592717972,Menengah (Peternakan/Pakan/Protein)
2023-02-24,CPIN.JK,5129.7744140625,5291.646826171875,,39.39388826080354,Menengah (Peternakan/Pakan/Protein)
2023-02-27,CPIN.JK,5129.7744140625,5280.24736328125,,35.48386651053055,Menengah (Peternakan/Pakan/Protein)
2023-02-28,CPIN.JK,4901.7841796875,5259.728271484375,,29.729667153080186,Menengah (Peternakan/Pakan/Protein)
2023-03-01,CPIN.JK,5106.97509765625,5247.1888427734375,,40.90905772182139,Menengah (Peternakan/Pakan/Protein)
2023-03-02,CPIN.JK,4947.3818359375,5230.089575195312,,32.65305052053807,Menengah (Peternakan/Pakan/Protein)
2023-03-03,CPIN.JK,4810.587890625,5205.010668945312,,31.372519376963993,Menengah (Peternakan/Pakan/Protein)
2023-03-06,CPIN.JK,4787.7890625,5179.9317626953125,,26.530581025052427,Menengah (Peternakan/Pakan/Protein)
2023-03-07,CPIN.JK,4673.79443359375,5146.873266601562,,24.074049836934734,Menengah (Peternakan/Pakan/Protein)
2023-03-08,CPIN.JK,4742.19091796875,5121.794360351562,,28.571379400153063,Menengah (Peternakan/Pakan/Protein)
2023-03-09,CPIN.JK,4582.59765625,5086.455883789063,,25.39677197620081,Menengah (Peternakan/Pakan/Protein)
2023-03-10,CPIN.JK,4541.56005859375,5046.785668945313,,19.736826810187495,Menengah (Peternakan/Pakan/Protein)
2023-03-13,CPIN.JK,4550.68017578125,5012.1312255859375,5255.077314453125,20.945964523345765,Menengah (Peternakan/Pakan/Protein)
2023-03-14,CPIN.JK,4514.201171875,4972.232983398438,5241.853896484375,22.22221795762931,Menengah (Peternakan/Pakan/Protein)
2023-03-15,CPIN.JK,4559.798828125,4934.6146240234375,5227.718515625,25.35209515090547,Menengah (Peternakan/Pakan/Protein)
2023-03-16,CPIN.JK,4377.40771484375,4889.016650390625,5211.759228515625,23.3009597707224,Menengah (Peternakan/Pakan/Protein)
2023-03-17,CPIN.JK,4532.4404296875,4851.1703125,5195.70875,30.90376423780522,Menengah (Peternakan/Pakan/Protein)
2023-03-20,CPIN.JK,4486.8427734375,4806.484326171875,5176.010419921875,34.98348855225137,Menengah (Peternakan/Pakan/Protein)
2023-03-21,CPIN.JK,4532.4404296875,4766.358129882812,5152.664248046875,26.492495120279855,Menengah (Peternakan/Pakan/Protein)
2023-03-24,CPIN.JK,4673.79443359375,4738.999340820313,5132.14515625,38.63636455823126,Menengah (Peternakan/Pakan/Protein)
2023-03-27,CPIN.JK,4559.798828125,4707.080737304687,5109.80212890625,39.38221990689059,Menengah (Peternakan/Pakan/Protein)
2023-03-28,CPIN.JK,4628.19677734375,4682.00185546875,5088.827060546875,43.49444894940262,Menengah (Peternakan/Pakan/Protein)
2023-03-29,CPIN.JK,4650.99560546875,4658.062915039062,5068.763955078125,48.99599101698808,Menengah (Peternakan/Pakan/Protein)
2023-03-30,CPIN.JK,4628.19677734375,4644.383544921875,5048.700849609375,44.76991290805029,Menengah (Peternakan/Pakan/Protein)
2023-03-31,CPIN.JK,4550.68017578125,4616.568798828125,5027.999375,48.416344405298766,Menengah (Peternakan/Pakan/Protein)
2023-04-03,CPIN.JK,4395.64599609375,4588.982006835938,5004.197216796875,43.49592080325047,Menengah (Peternakan/Pakan/Protein)
2023-04-04,CPIN.JK,4295.33056640625,4563.219140625,4979.756689453125,39.47365454740152,Menengah (Peternakan/Pakan/Protein)
2023-04-05,CPIN.JK,4158.537109375,4531.75654296875,4954.40419921875,36.45833875569906,Menengah (Peternakan/Pakan/Protein)
2023-04-06,CPIN.JK,4030.86279296875,4499.6099609375,4926.04224609375,31.045772790947268,Menengah (Peternakan/Pakan/Protein)
2023-04-10,CPIN.JK,4131.17822265625,4469.059326171875,4901.510537109375,40.62499070452281,Menengah (Peternakan/Pakan/Protein)
2023-04-11,CPIN.JK,4085.580078125,4444.208447265625,4874.69890625,31.43940961109908,Menengah (Peternakan/Pakan/Protein)
2023-04-12,CPIN.JK,4094.699951171875,4421.865441894532,4849.893618164063,33.20314566970552,Menengah (Peternakan/Pakan/Protein)
2023-04-13,CPIN.JK,4131.17822265625,4400.890344238282,4825.361909179687,32.677199380263275,Menengah (Peternakan/Pakan/Protein)
2023-04-14,CPIN.JK,4094.699951171875,4379.915283203125,4801.012587890625,22.510864251842506,Menengah (Peternakan/Pakan/Protein)
2023-04-17,CPIN.JK,4140.2978515625,4358.940234375,4776.663271484375,28.703750066307705,Menengah (Peternakan/Pakan/Protein)
2023-04-18,CPIN.JK,4049.101806640625,4342.524938964843,4751.857963867187,21.266943550530414,Menengah (Peternakan/Pakan/Protein)
2023-04-26,CPIN.JK,4149.4169921875,4323.373767089844,4728.602983398438,26.890718114962283,Menengah (Peternakan/Pakan/Protein)
2023-04-27,CPIN.JK,4222.37353515625,4310.150305175781,4707.263110351562,32.1284594788236,Menengah (Peternakan/Pakan/Protein)
2023-04-28,CPIN.JK,4185.8955078125,4292.823059082031,4684.281733398438,33.33328871499636,Menengah (Peternakan/Pakan/Protein)
2023-05-02,CPIN.JK,4222.37353515625,4270.252014160156,4663.853823242188,41.121471476580595,Menengah (Peternakan/Pakan/Protein)
2023-05-03,CPIN.JK,4331.80908203125,4258.852526855469,4644.702661132813,51.85186103258827,Menengah (Peternakan/Pakan/Protein)
2023-05-04,CPIN.JK,4386.52734375,4246.769055175781,4625.733920898438,62.626283385324946,Menengah (Peternakan/Pakan/Protein)
2023-05-05,CPIN.JK,4368.28759765625,4232.633654785156,4608.224291992187,71.26434093547026,Menengah (Peternakan/Pakan/Protein)
2023-05-08,CPIN.JK,4267.97216796875,4214.622424316406,4587.3404150390625,58.620685410863715,Menengah (Peternakan/Pakan/Protein)
2023-05-09,CPIN.JK,4267.97216796875,4200.487023925782,4566.456538085938,62.195129117752494,Menengah (Peternakan/Pakan/Protein)
2023-05-10,CPIN.JK,4267.97216796875,4194.103332519531,4546.028637695313,61.72838812518116,Menengah (Peternakan/Pakan/Protein)
2023-05-11,CPIN.JK,4277.091796875,4193.191394042969,4525.783129882812,60.25641113645584,Menengah (Peternakan/Pakan/Protein)
2023-05-12,CPIN.JK,4322.689453125,4201.399011230469,4504.625668945312,65.82275907291029,Menengah (Peternakan/Pakan/Protein)
2023-05-15,CPIN.JK,4582.59765625,4228.985754394531,4489.578334960937,73.65851174136864,Menengah (Peternakan/Pakan/Protein)
2023-05-16,CPIN.JK,4541.56005859375,4249.504846191407,4475.990131835937,77.83508554720932,Menengah (Peternakan/Pakan/Protein)
2023-05-17,CPIN.JK,4559.798828125,4273.215783691407,4463.222690429688,75.56821500540288,Menengah (Peternakan/Pakan/Protein)
2023-05-19,CPIN.JK,4532.4404296875,4295.102807617188,4451.276010742187,70.48200115728272,Menengah (Peternakan/Pakan/Protein)
2023-05-22,CPIN.JK,4628.19677734375,4319.9537353515625,4441.244458007813,77.09503255891863,Menengah (Peternakan/Pakan/Protein)
2023-05-23,CPIN.JK,4523.3212890625,4341.384802246093,4433.675200195313,67.01036561435544,Menengah (Peternakan/Pakan/Protein)
2023-05-24,CPIN.JK,4650.99560546875,4366.919689941406,4424.555610351563,67.67680755601899,Menengah (Peternakan/Pakan/Protein)
2023-05-25,CPIN.JK,4650.99560546875,4397.014379882812,4418.627885742188,65.59141208771914,Menengah (Peternakan/Pakan/Protein)
2023-05-26,CPIN.JK,4719.39208984375,4425.513134765625,4416.803969726562,69.54319080445774,Menengah (Peternakan/Pakan/Protein)
2023-05-29,CPIN.JK,4787.7890625,4453.783911132812,4416.803969726562,80.00005636009593,Menengah (Peternakan/Pakan/Protein)
2023-05-30,CPIN.JK,4523.3212890625,4470.655200195312,4413.794506835938,61.29036436687558,Menengah (Peternakan/Pakan/Protein)
2023-05-31,CPIN.JK,4514.201171875,4485.24658203125,4409.234711914062,60.80001267876089,Menengah (Peternakan/Pakan/Protein)
2023-06-05,CPIN.JK,4468.60302734375,4492.086279296875,4406.954819335938,58.13953391847745,Menengah (Peternakan/Pakan/Protein)
2023-06-06,CPIN.JK,4468.60302734375,4496.1900634765625,4405.495678710938,56.45162195690124,Menengah (Peternakan/Pakan/Protein)
2023-06-07,CPIN.JK,4541.56005859375,4504.853686523437,4405.313276367187,47.82611619602278,Menengah (Peternakan/Pakan/Protein)
2023-06-08,CPIN.JK,4559.798828125,4519.44501953125,4406.225229492187,50.99007670291444,Menengah (Peternakan/Pakan/Protein)
2023-06-09,CPIN.JK,4582.59765625,4535.176293945313,4406.681206054687,51.231518778208454,Menengah (Peternakan/Pakan/Protein)
2023-06-12,CPIN.JK,4650.99560546875,4554.327465820313,4412.152963867187,56.13209095863785,Menengah (Peternakan/Pakan/Protein)
2023-06-13,CPIN.JK,4582.59765625,4569.602758789062,4413.156108398438,47.57275850471507,Menengah (Peternakan/Pakan/Protein)
2023-06-14,CPIN.JK,4628.19677734375,4584.878125,4415.983188476563,55.95854031089773,Menengah (Peternakan/Pakan/Protein)
2023-06-15,CPIN.JK,4650.99560546875,4588.298022460937,4418.354291992187,50.0,Menengah (Peternakan/Pakan/Protein)
2023-06-16,CPIN.JK,4742.19091796875,4598.329565429687,4419.722221679687,55.26311043379067,Menengah (Peternakan/Pakan/Protein)
2023-06-19,CPIN.JK,4742.19091796875,4607.449169921875,4423.370063476563,51.42855744213198,Menengah (Peternakan/Pakan/Protein)
2023-06-20,CPIN.JK,4764.990234375,4619.07666015625,4426.105932617187,48.48486421797811,Menengah (Peternakan/Pakan/Protein)
2023-06-21,CPIN.JK,4764.990234375,4625.916333007813,4428.3858251953125,74.76616807876528,Menengah (Peternakan/Pakan/Protein)
2023-06-22,CPIN.JK,4696.59375,4634.5799560546875,4429.753764648438,66.66666666666666,Menengah (Peternakan/Pakan/Protein)
2023-06-23,CPIN.JK,4742.19091796875,4639.139721679688,4433.583979492188,74.99995538176256,Menengah (Peternakan/Pakan/Protein)
2023-06-26,CPIN.JK,4764.990234375,4644.839453125,4440.9708642578125,75.9999691598897,Menengah (Peternakan/Pakan/Protein)
2023-06-27,CPIN.JK,4810.587890625,4649.399243164063,4451.276010742187,74.78985925226698,Menengah (Peternakan/Pakan/Protein)
2023-07-03,CPIN.JK,4947.3818359375,4657.378881835937,4467.052905273437,79.31030662885502,Menengah (Peternakan/Pakan/Protein)
2023-07-04,CPIN.JK,5015.77978515625,4682.001806640625,4486.751245117188,80.64515460456093,Menengah (Peternakan/Pakan/Protein)
2023-07-05,CPIN.JK,5015.77978515625,4707.080737304687,4504.4432763671875,78.57139579069106,Menengah (Peternakan/Pakan/Protein)
2023-07-06,CPIN.JK,4901.7841796875,4728.739794921875,4520.767358398438,73.33334761117442,Menengah (Peternakan/Pakan/Protein)
2023-07-07,CPIN.JK,4901.7841796875,4750.398852539062,4536.90904296875,71.4285386477587,Menengah (Peternakan/Pakan/Protein)
2023-07-10,CPIN.JK,4901.7841796875,4768.41005859375,4552.321162109375,70.37034392988619,Menengah (Peternakan/Pakan/Protein)
2023-07-11,CPIN.JK,4992.97998046875,4790.069116210938,4570.286762695312,70.37036743254112,Menengah (Peternakan/Pakan/Protein)
2023-07-12,CPIN.JK,4970.18115234375,4809.448291015625,4586.884428710938,67.85715924753669,Menengah (Peternakan/Pakan/Protein)
2023-07-13,CPIN.JK,4924.5830078125,4823.127661132812,4604.394052734375,62.06895023772633,Menengah (Peternakan/Pakan/Protein)
2023-07-14,CPIN.JK,4992.97998046875,4843.64677734375,4621.2653125,65.62498535961797,Menengah (Peternakan/Pakan/Protein)
2023-07-17,CPIN.JK,4947.3818359375,4859.606030273438,4635.765478515625,67.74185748315675,Menengah (Peternakan/Pakan/Protein)
2023-07-18,CPIN.JK,4856.18603515625,4869.865551757813,4649.1712890625,57.57575364247006,Menengah (Peternakan/Pakan/Protein)
2023-07-20,CPIN.JK,4742.19091796875,4869.865551757813,4659.56763671875,48.6486314401497,Menengah (Peternakan/Pakan/Protein)
2023-07-21,CPIN.JK,4719.39208984375,4868.725610351563,4667.319296875,44.444464274772194,Menengah (Peternakan/Pakan/Protein)
2023-07-24,CPIN.JK,4628.19677734375,4861.8859375,4672.152685546875,29.41183881235193,Menengah (Peternakan/Pakan/Protein)
2023-07-25,CPIN.JK,4559.798828125,4851.6263671875,4675.98291015625,20.588192682897642,Menengah (Peternakan/Pakan/Protein)
2023-07-26,CPIN.JK,4559.798828125,4844.78662109375,4681.819443359375,20.588192682897642,Menengah (Peternakan/Pakan/Protein)
2023-07-27,CPIN.JK,4541.56005859375,4834.755078125,4687.291201171875,23.489917933408123,Menengah (Peternakan/Pakan/Protein)
2023-07-28,CPIN.JK,4523.3212890625,4822.671630859375,4692.39818359375,22.87581607856751,Menengah (Peternakan/Pakan/Protein)
2023-07-31,CPIN.JK,4719.39208984375,4818.111840820313,4701.244189453125,39.795895509952544,Menengah (Peternakan/Pakan/Protein)
2023-08-01,CPIN.JK,4742.19091796875,4807.852294921875,4709.63421875,34.80659780152166,Menengah (Peternakan/Pakan/Protein)
2023-08-02,CPIN.JK,4650.99560546875,4789.6130859375,4711.002177734375,32.14284153292073,Menengah (Peternakan/Pakan/Protein)
2023-08-03,CPIN.JK,4628.19677734375,4770.233935546875,4712.734912109375,32.98429113897792,Menengah (Peternakan/Pakan/Protein)
2023-08-04,CPIN.JK,4582.59765625,4754.274609375,4713.190888671875,25.80639775514939,Menengah (Peternakan/Pakan/Protein)
2023-08-07,CPIN.JK,4650.99560546875,4741.735180664063,4715.5619921875,32.984329298342104,Menengah (Peternakan/Pakan/Protein)
2023-08-08,CPIN.JK,4673.79443359375,4730.335693359375,4716.4739453125,38.63638299555236,Menengah (Peternakan/Pakan/Protein)
2023-08-09,CPIN.JK,4833.38720703125,4722.3560546875,4722.675263671875,55.37636575292149,Menengah (Peternakan/Pakan/Protein)
2023-08-10,CPIN.JK,4787.7890625,4713.2364501953125,4725.4111328125,53.92670186421416,Menengah (Peternakan/Pakan/Protein)
2023-08-11,CPIN.JK,4787.7890625,4706.396752929688,4728.147001953125,60.23386869011365,Menengah (Peternakan/Pakan/Protein)
2023-08-14,CPIN.JK,4856.18603515625,4699.557055664062,4730.882880859375,69.00587834880207,Menengah (Peternakan/Pakan/Protein)
2023-08-15,CPIN.JK,4856.18603515625,4694.997265625,4732.2508203125,69.00587834880207,Menengah (Peternakan/Pakan/Protein)
2023-08-16,CPIN.JK,4810.587890625,4692.717358398438,4737.99615234375,66.66664650020056,Menengah (Peternakan/Pakan/Protein)
2023-08-18,CPIN.JK,4764.990234375,4693.85732421875,4743.01193359375,64.48084777698458,Menengah (Peternakan/Pakan/Protein)
2023-08-21,CPIN.JK,4764.990234375,4696.137231445313,4748.939677734375,53.57143676661922,Menengah (Peternakan/Pakan/Protein)
2023-08-22,CPIN.JK,4742.19091796875,4701.836938476563,4754.411435546875,50.0,Menengah (Peternakan/Pakan/Protein)
2023-08-23,CPIN.JK,4673.79443359375,4707.53671875,4757.056123046875,51.85183422490433,Menengah (Peternakan/Pakan/Protein)
2023-08-24,CPIN.JK,4673.79443359375,4713.236499023437,4759.33603515625,53.84611582828393,Menengah (Peternakan/Pakan/Protein)
2023-08-25,CPIN.JK,4696.59375,4720.98818359375,4761.61595703125,60.000085667046456,Menengah (Peternakan/Pakan/Protein)
2023-08-28,CPIN.JK,4764.990234375,4733.071630859375,4763.895849609375,59.99998286654668,Menengah (Peternakan/Pakan/Protein)
2023-08-29,CPIN.JK,4856.18603515625,4739.911328125,4769.3676171875,64.28570335876836,Menengah (Peternakan/Pakan/Protein)
2023-08-30,CPIN.JK,4742.19091796875,4739.911328125,4771.6475,42.30766062602966,Menengah (Peternakan/Pakan/Protein)
2023-08-31,CPIN.JK,4719.39208984375,4743.33115234375,4773.0154296875,43.99999314661867,Menengah (Peternakan/Pakan/Protein)
2023-09-01,CPIN.JK,4673.79443359375,4745.61103515625,4771.6475,40.74075249208569,Menengah (Peternakan/Pakan/Protein)
2023-09-04,CPIN.JK,4559.798828125,4744.47109375,4767.999658203125,27.586171244323623,Menengah (Peternakan/Pakan/Protein)
2023-09-05,CPIN.JK,4582.59765625,4741.051196289062,4764.351806640625,29.999950027449202,Menengah (Peternakan/Pakan/Protein)
2023-09-06,CPIN.JK,4559.798828125,4735.351416015625,4760.247978515625,31.034447106366258,Menengah (Peternakan/Pakan/Protein)
2023-09-07,CPIN.JK,4582.59765625,4722.811938476562,4757.968056640625,35.714220152610096,Menengah (Peternakan/Pakan/Protein)
2023-09-08,CPIN.JK,4477.72314453125,4707.308642578125,4752.678701171875,30.674820831091466,Menengah (Peternakan/Pakan/Protein)
2023-09-11,CPIN.JK,4559.798828125,4695.909130859375,4748.574873046875,38.636318003851386,Menengah (Peternakan/Pakan/Protein)
2023-09-12,CPIN.JK,4550.68017578125,4680.633837890625,4743.37671875,41.71777811063722,Menengah (Peternakan/Pakan/Protein)
2023-09-13,CPIN.JK,4559.798828125,4665.814477539063,4735.62505859375,42.42415982461503,Menengah (Peternakan/Pakan/Protein)
2023-09-14,CPIN.JK,4582.59765625,4654.414965820312,4726.961416015625,42.424122458039065,Menengah (Peternakan/Pakan/Protein)
2023-09-15,CPIN.JK,4628.19677734375,4647.57529296875,4719.209755859375,40.624997908508455,Menengah (Peternakan/Pakan/Protein)
2023-09-18,CPIN.JK,4514.201171875,4635.03583984375,4711.458095703125,27.27266827314658,Menengah (Peternakan/Pakan/Protein)
2023-09-19,CPIN.JK,4468.60302734375,4621.3564453125,4702.79447265625,29.99994288839106,Menengah (Peternakan/Pakan/Protein)
2023-09-20,CPIN.JK,4477.72314453125,4611.552880859375,4694.313251953125,31.97278168234321,Menengah (Peternakan/Pakan/Protein)
2023-09-21,CPIN.JK,4514.201171875,4603.573217773437,4684.73767578125,37.930986097520446,Menengah (Peternakan/Pakan/Protein)
2023-09-22,CPIN.JK,4532.4404296875,4595.365551757813,4675.982861328125,47.58067162593721,Menengah (Peternakan/Pakan/Protein)
2023-09-25,CPIN.JK,4532.4404296875,4583.738061523438,4668.140009765625,45.37818755770404,Menengah (Peternakan/Pakan/Protein)
2023-09-26,CPIN.JK,4901.7841796875,4586.01796875,4666.31609375,69.2308283699378,Menengah (Peternakan/Pakan/Protein)
2023-09-27,CPIN.JK,4901.7841796875,4593.997631835938,4665.404140625,68.42111789060061,Menengah (Peternakan/Pakan/Protein)
2023-09-29,CPIN.JK,4947.3818359375,4605.397119140625,4667.228056640625,79.09604109608102,Menengah (Peternakan/Pakan/Protein)
2023-10-02,CPIN.JK,4947.3818359375,4619.076489257813,4671.331875,76.72957457354985,Menengah (Peternakan/Pakan/Protein)
2023-10-03,CPIN.JK,5038.578125,4643.015454101563,4677.715595703125,80.22591657990056,Menengah (Peternakan/Pakan/Protein)
2023-10-04,CPIN.JK,4970.18115234375,4662.39462890625,4684.555283203125,73.68418086324115,Menengah (Peternakan/Pakan/Protein)
2023-10-05,CPIN.JK,5129.7744140625,4690.893408203125,4695.954794921875,77.27270514799937,Menengah (Peternakan/Pakan/Protein)
2023-10-06,CPIN.JK,5175.3720703125,4720.53212890625,4708.266259765625,77.27267196082678,Menengah (Peternakan/Pakan/Protein)
2023-10-09,CPIN.JK,5084.17626953125,4750.85478515625,4719.118583984375,79.06977439160143,Menengah (Peternakan/Pakan/Protein)
2023-10-10,CPIN.JK,5061.376953125,4775.93369140625,4729.879697265625,80.95237366776146,Menengah (Peternakan/Pakan/Protein)
2023-10-11,CPIN.JK,4970.18115234375,4796.908740234375,4734.895478515625,73.68420558245701,Menengah (Peternakan/Pakan/Protein)
2023-10-12,CPIN.JK,4650.99560546875,4801.468579101563,4733.071572265625,55.17243289250431,Menengah (Peternakan/Pakan/Protein)
2023-10-13,CPIN.JK,4742.19091796875,4809.4482421875,4734.895478515625,57.516336438420204,Menengah (Peternakan/Pakan/Protein)
2023-10-16,CPIN.JK,4742.19091796875,4815.14794921875,4737.175361328125,57.516336438420204,Menengah (Peternakan/Pakan/Protein)
2023-10-17,CPIN.JK,4764.990234375,4827.68740234375,4740.823212890625,43.478256821019755,Menengah (Peternakan/Pakan/Protein)
2023-10-18,CPIN.JK,4878.98486328125,4848.206494140625,4745.382998046875,49.01959302181533,Menengah (Peternakan/Pakan/Protein)
2023-10-19,CPIN.JK,4742.19091796875,4861.4298828125,4746.750927734375,41.818177570220826,Menengah (Peternakan/Pakan/Protein)
2023-10-20,CPIN.JK,4742.19091796875,4872.829370117188,4744.927001953125,41.818177570220826,Menengah (Peternakan/Pakan/Protein)
2023-10-23,CPIN.JK,4514.201171875,4871.917407226562,4739.455244140625,31.147519687665678,Menengah (Peternakan/Pakan/Protein)
2023-10-24,CPIN.JK,4605.39697265625,4875.565234375,4735.80740234375,37.09675079328563,Menengah (Peternakan/Pakan/Protein)
2023-10-25,CPIN.JK,4787.7890625,4869.865478515625,4734.439462890625,38.0952089567156,Menengah (Peternakan/Pakan/Protein)
2023-10-26,CPIN.JK,4605.39697265625,4855.046118164062,4729.423681640625,31.884036378772038,Menengah (Peternakan/Pakan/Protein)
2023-10-27,CPIN.JK,4970.18115234375,4856.186083984375,4732.615546875,46.9135750241005,Menengah (Peternakan/Pakan/Protein)
2023-10-30,CPIN.JK,4947.3818359375,4856.186083984375,4736.26337890625,46.9135750241005,Menengah (Peternakan/Pakan/Protein)
2023-10-31,CPIN.JK,5289.3671875,4868.725537109375,4746.75091796875,57.608698941614804,Menengah (Peternakan/Pakan/Protein)
2023-11-01,CPIN.JK,4901.7841796875,4865.305688476563,4749.942783203125,55.78946442931142,Menengah (Peternakan/Pakan/Protein)
2023-11-02,CPIN.JK,4901.7841796875,4853.906176757812,4754.502578125,53.84615927728962,Menengah (Peternakan/Pakan/Protein)
2023-11-03,CPIN.JK,5015.77978515625,4845.9265625,4761.34228515625,56.25001673185397,Menengah (Peternakan/Pakan/Protein)
2023-11-06,CPIN.JK,4992.97998046875,4841.366748046875,4767.270009765625,55.20832380547417,Menengah (Peternakan/Pakan/Protein)
2023-11-07,CPIN.JK,5061.376953125,4841.366748046875,4773.197744140625,54.25531745227081,Menengah (Peternakan/Pakan/Protein)
2023-11-08,CPIN.JK,5175.3720703125,4851.626293945313,4779.58146484375,60.215047325288154,Menengah (Peternakan/Pakan/Protein)
2023-11-09,CPIN.JK,5152.57373046875,4876.7052001953125,4787.78912109375,59.57448068890912,Menengah (Peternakan/Pakan/Protein)
2023-11-10,CPIN.JK,5106.97509765625,4894.944409179688,4795.54078125,65.11625937885921,Menengah (Peternakan/Pakan/Protein)
2023-11-13,CPIN.JK,5106.97509765625,4913.183618164063,4804.20439453125,63.41461949478398,Menengah (Peternakan/Pakan/Protein)
2023-11-14,CPIN.JK,4992.97998046875,4924.58310546875,4812.868017578125,55.69619223677929,Menengah (Peternakan/Pakan/Protein)
2023-11-15,CPIN.JK,4970.18115234375,4929.142919921875,4820.6196875,61.111101195947235,Menengah (Peternakan/Pakan/Protein)
2023-11-16,CPIN.JK,4924.5830078125,4938.262524414063,4827.91537109375,48.27585952238438,Menengah (Peternakan/Pakan/Protein)
2023-11-17,CPIN.JK,5110.41650390625,4956.673803710937,4838.471748046875,55.487984273788605,Menengah (Peternakan/Pakan/Protein)
2023-11-20,CPIN.JK,5017.49951171875,4981.838720703125,4849.267275390625,39.00487487376396,Menengah (Peternakan/Pakan/Protein)
2023-11-21,CPIN.JK,5017.49951171875,5002.44384765625,4858.4212890625,56.81699327980265,Menengah (Peternakan/Pakan/Protein)
2023-11-22,CPIN.JK,5063.9580078125,5016.252294921875,4868.686845703125,59.058112515954484,Menengah (Peternakan/Pakan/Protein)
2023-11-23,CPIN.JK,5040.72900390625,5038.018896484375,4878.30544921875,51.550760265865435,Menengah (Peternakan/Pakan/Protein)
2023-11-24,CPIN.JK,4901.35400390625,5034.5775390625,4884.680576171875,45.02570252508224,Menengah (Peternakan/Pakan/Protein)
2023-11-27,CPIN.JK,4901.35400390625,5032.276147460938,4890.143720703125,40.61555942063514,Menengah (Peternakan/Pakan/Protein)
2023-11-28,CPIN.JK,4901.35400390625,5012.87548828125,4897.88677734375,31.450223018172665,Menengah (Peternakan/Pakan/Protein)
2023-11-29,CPIN.JK,4692.29150390625,5002.400854492187,4902.360546875,25.116280543110648,Menengah (Peternakan/Pakan/Protein)
2023-11-30,CPIN.JK,4831.6669921875,4998.894995117187,4909.439423828125,36.48652729557023,Menengah (Peternakan/Pakan/Protein)
2023-12-01,CPIN.JK,4645.8330078125,4980.39765625,4912.072060546875,30.85716579055436,Menengah (Peternakan/Pakan/Protein)
2023-12-04,CPIN.JK,4669.06201171875,4964.2017578125,4914.8044921875,35.45771807372593,Menengah (Peternakan/Pakan/Protein)
2023-12-05,CPIN.JK,4738.74951171875,4948.070385742188,4918.930673828125,40.02965196801896,Menengah (Peternakan/Pakan/Protein)
2023-12-06,CPIN.JK,4692.29150390625,4923.916357421875,4914.7408203125,40.000016816127,Menengah (Peternakan/Pakan/Protein)
2023-12-07,CPIN.JK,4627.25,4897.650170898438,4909.25013671875,26.78574025928934,Menengah (Peternakan/Pakan/Protein)
2023-12-08,CPIN.JK,4669.06201171875,4875.7545166015625,4903.683740234375,32.39436619718309,Menengah (Peternakan/Pakan/Protein)
2023-12-11,CPIN.JK,4715.5205078125,4856.181787109375,4899.046513671875,35.426019113278485,Menengah (Peternakan/Pakan/Protein)
2023-12-12,CPIN.JK,4645.8330078125,4838.824438476562,4891.191611328125,30.26315789473685,Menengah (Peternakan/Pakan/Protein)
2023-12-13,CPIN.JK,4692.29150390625,4824.929956054688,4885.633818359375,33.905584239020115,Menengah (Peternakan/Pakan/Protein)
2023-12-14,CPIN.JK,4761.97900390625,4816.799755859375,4878.27791015625,43.11926826657822,Menengah (Peternakan/Pakan/Protein)
2023-12-15,CPIN.JK,4645.8330078125,4793.570581054688,4867.68712890625,38.68312525815667,Menengah (Peternakan/Pakan/Protein)
2023-12-18,CPIN.JK,4617.9580078125,4773.593505859375,4858.362763671875,37.75100215140179,Menengah (Peternakan/Pakan/Protein)
2023-12-19,CPIN.JK,4715.5205078125,4758.494555664062,4851.445634765625,51.111102806846596,Menengah (Peternakan/Pakan/Protein)
2023-12-20,CPIN.JK,4669.06201171875,4738.749755859375,4845.423251953125,41.463373369077885,Menengah (Peternakan/Pakan/Protein)
2023-12-21,CPIN.JK,4669.06201171875,4720.16640625,4845.784580078125,51.515141864007,Menengah (Peternakan/Pakan/Protein)
2023-12-22,CPIN.JK,4645.8330078125,4707.390356445312,4843.857421875,48.484858135993,Menengah (Peternakan/Pakan/Protein)
2023-12-27,CPIN.JK,4627.25,4693.68515625,4841.558603515625,42.20781746819841,Menengah (Peternakan/Pakan/Protein)
2023-12-28,CPIN.JK,4669.06201171875,4682.070556640625,4839.6400390625,48.36598792917975,Menengah (Peternakan/Pakan/Protein)
2023-12-29,CPIN.JK,4669.06201171875,4680.90908203125,4835.44158203125,53.23737634561453,Menengah (Peternakan/Pakan/Protein)
2024-01-02,CPIN.JK,4669.06201171875,4672.778833007813,4833.97900390625,50.0,Menengah (Peternakan/Pakan/Protein)
2024-01-03,CPIN.JK,4617.9580078125,4671.385083007813,4831.494345703125,41.984724250252725,Menengah (Peternakan/Pakan/Protein)
2024-01-04,CPIN.JK,4608.66650390625,4668.365307617188,4833.38365234375,46.610179304177585,Menengah (Peternakan/Pakan/Protein)
2024-01-05,CPIN.JK,4599.37451171875,4661.396557617188,4833.263203125,40.90904747891291,Menengah (Peternakan/Pakan/Protein)
2024-01-08,CPIN.JK,4571.49951171875,4655.356958007813,4828.937412109375,29.702907448646172,Menengah (Peternakan/Pakan/Protein)
2024-01-09,CPIN.JK,4478.58349609375,4647.9236328125,4826.401142578125,31.249993157471224,Menengah (Peternakan/Pakan/Protein)
2024-01-10,CPIN.JK,4432.125,4636.0767822265625,4815.64001953125,29.999978979761707,Menengah (Peternakan/Pakan/Protein)
2024-01-11,CPIN.JK,4329.916015625,4616.796557617187,4803.290703125,8.910799392287046,Menengah (Peternakan/Pakan/Protein)
2024-01-12,CPIN.JK,4348.49951171875,4601.9298828125,4784.473349609375,13.684156956804571,Menengah (Peternakan/Pakan/Protein)
2024-01-15,CPIN.JK,4394.9580078125,4587.063208007812,4774.336826171875,21.904750465197054,Menengah (Peternakan/Pakan/Protein)
2024-01-16,CPIN.JK,4394.9580078125,4568.712158203125,4764.200302734375,22.99998108182531,Menengah (Peternakan/Pakan/Protein)
2024-01-17,CPIN.JK,4394.9580078125,4556.168408203125,4751.7838671875,23.958296839966366,Menengah (Peternakan/Pakan/Protein)
2024-01-18,CPIN.JK,4348.49951171875,4542.695483398437,4738.8942578125,14.43304107380456,Menengah (Peternakan/Pakan/Protein)
2024-01-19,CPIN.JK,4302.04150390625,4522.021533203125,4723.707548828125,13.084169064995535,Menengah (Peternakan/Pakan/Protein)
2024-01-22,CPIN.JK,4237.0,4500.418432617187,4704.940107421875,11.570302490716813,Menengah (Peternakan/Pakan/Protein)
2024-01-23,CPIN.JK,4227.7080078125,4478.350732421875,4686.44279296875,12.500046919984527,Menengah (Peternakan/Pakan/Protein)
2024-01-24,CPIN.JK,4274.16650390625,4459.767407226563,4669.78662109375,20.000052550356386,Menengah (Peternakan/Pakan/Protein)
2024-01-25,CPIN.JK,4264.87451171875,4441.6486328125,4652.944609375,20.000052550356386,Menengah (Peternakan/Pakan/Protein)
2024-01-26,CPIN.JK,4181.24951171875,4417.2580078125,4636.71,18.181868850213945,Menengah (Peternakan/Pakan/Protein)
2024-01-29,CPIN.JK,4227.7080078125,4395.1903076171875,4621.860537109375,27.868879292001253,Menengah (Peternakan/Pakan/Protein)
2024-01-30,CPIN.JK,4209.125,4372.19345703125,4607.551376953125,29.31039481600139,Menengah (Peternakan/Pakan/Protein)
2024-01-31,CPIN.JK,4162.66650390625,4349.428881835937,4588.596376953125,32.692387372956986,Menengah (Peternakan/Pakan/Protein)
2024-02-01,CPIN.JK,4125.5,4325.270556640625,4570.75638671875,27.77784806123094,Menengah (Peternakan/Pakan/Protein)
2024-02-02,CPIN.JK,4311.3330078125,4310.868481445313,4556.633056640625,43.47826086956522,Menengah (Peternakan/Pakan/Protein)
2024-02-05,CPIN.JK,4385.6669921875,4301.57685546875,4543.067236328125,49.35069543971718,Menengah (Peternakan/Pakan/Protein)
2024-02-06,CPIN.JK,4497.16650390625,4302.506005859375,4532.195986328125,56.17978390551313,Menengah (Peternakan/Pakan/Protein)
2024-02-07,CPIN.JK,4376.375,4299.718505859375,4521.69640625,51.54641911969856,Menengah (Peternakan/Pakan/Protein)
2024-02-12,CPIN.JK,4413.5419921875,4303.8998046875,4511.940166015625,56.250023948758965,Menengah (Peternakan/Pakan/Protein)
2024-02-13,CPIN.JK,4422.8330078125,4307.616479492188,4502.36974609375,61.111091647982065,Menengah (Peternakan/Pakan/Protein)
2024-02-15,CPIN.JK,4552.91650390625,4315.514404296875,4499.58224609375,66.99030265492053,Menengah (Peternakan/Pakan/Protein)
2024-02-16,CPIN.JK,4459.99951171875,4318.7664794921875,4492.148896484375,59.25924303998505,Menengah (Peternakan/Pakan/Protein)
2024-02-19,CPIN.JK,4413.5419921875,4319.6956787109375,4487.503076171875,57.14290406295176,Menengah (Peternakan/Pakan/Protein)
2024-02-20,CPIN.JK,4459.99951171875,4325.270678710937,4483.321826171875,63.888915921065184,Menengah (Peternakan/Pakan/Protein)
2024-02-21,CPIN.JK,4385.6669921875,4329.451953125,4476.26017578125,57.657710971712625,Menengah (Peternakan/Pakan/Protein)
2024-02-22,CPIN.JK,4459.99951171875,4340.6019287109375,4471.6143359375,61.53847535847827,Menengah (Peternakan/Pakan/Protein)
2024-02-23,CPIN.JK,4404.25,4349.429028320313,4467.1543359375,61.01699746109137,Menengah (Peternakan/Pakan/Protein)
2024-02-26,CPIN.JK,4562.20849609375,4363.831127929688,4465.017265625,67.93899315438046,Menengah (Peternakan/Pakan/Protein)
2024-02-27,CPIN.JK,4543.625,4377.76865234375,4461.57935546875,61.061996700007626,Menengah (Peternakan/Pakan/Protein)
2024-02-28,CPIN.JK,4543.625,4395.887426757812,4459.5351953125,58.095253824687,Menengah (Peternakan/Pakan/Protein)
2024-02-29,CPIN.JK,4497.16650390625,4409.3603515625,4455.6326953125,50.0,Menengah (Peternakan/Pakan/Protein)
2024-03-01,CPIN.JK,4580.79150390625,4427.943676757813,4452.0089453125,61.70215977517273,Menengah (Peternakan/Pakan/Protein)
2024-03-04,CPIN.JK,4552.91650390625,4447.4561767578125,4450.150615234375,58.064519774585946,Menengah (Peternakan/Pakan/Protein)
2024-03-05,CPIN.JK,4487.875,4465.574926757812,4447.548955078125,53.53538248886086,Menengah (Peternakan/Pakan/Protein)
2024-03-06,CPIN.JK,4543.625,4477.189526367188,4444.111044921875,49.450557065664626,Menengah (Peternakan/Pakan/Protein)
2024-03-07,CPIN.JK,4738.74951171875,4494.84365234375,4445.504794921875,64.70594296501156,Menengah (Peternakan/Pakan/Protein)
2024-03-08,CPIN.JK,4808.43701171875,4510.407177734375,4448.292294921875,70.33495108769716,Menengah (Peternakan/Pakan/Protein)
2024-03-13,CPIN.JK,4785.2080078125,4530.848828125,4451.079794921875,67.15691552802775,Menengah (Peternakan/Pakan/Protein)
2024-03-14,CPIN.JK,4878.12451171875,4554.077954101563,4456.09728515625,75.48077433229226,Menengah (Peternakan/Pakan/Protein)
2024-03-15,CPIN.JK,4854.8955078125,4575.681079101562,4459.813955078125,71.57363980864145,Menengah (Peternakan/Pakan/Protein)
2024-03-18,CPIN.JK,4785.2080078125,4587.295654296875,4462.136875,70.49999684697089,Menengah (Peternakan/Pakan/Protein)
2024-03-19,CPIN.JK,4947.81201171875,4611.686279296875,4467.711875,70.64675290178127,Menengah (Peternakan/Pakan/Protein)
2024-03-20,CPIN.JK,4924.5830078125,4637.238330078125,4473.844375,70.29704052113468,Menengah (Peternakan/Pakan/Protein)
2024-03-21,CPIN.JK,4901.35400390625,4659.3060546875,4479.698125,68.59905368429978,Menengah (Peternakan/Pakan/Protein)
2024-03-22,CPIN.JK,4924.5830078125,4686.25185546875,4486.202294921875,72.77231200041209,Menengah (Peternakan/Pakan/Protein)
2024-03-25,CPIN.JK,4924.5830078125,4709.481030273438,4493.26396484375,70.10872824792439,Menengah (Peternakan/Pakan/Protein)
2024-03-26,CPIN.JK,4854.8955078125,4732.0133056640625,4500.790205078125,66.8394027861051,Menengah (Peternakan/Pakan/Protein)
2024-03-27,CPIN.JK,4808.43701171875,4744.324731445313,4508.3164453125,68.25397090201744,Menengah (Peternakan/Pakan/Protein)
2024-03-28,CPIN.JK,4878.12451171875,4761.04970703125,4519.280615234375,68.75000342125878,Menengah (Peternakan/Pakan/Protein)
2024-04-01,CPIN.JK,4831.6669921875,4775.451806640625,4528.94396484375,56.25006979373243,Menengah (Peternakan/Pakan/Protein)
2024-04-02,CPIN.JK,4971.04150390625,4799.145556640625,4540.465634765625,60.00004804625894,Menengah (Peternakan/Pakan/Protein)
2024-04-03,CPIN.JK,4854.8955078125,4812.850756835937,4549.664384765625,53.8461621381557,Menengah (Peternakan/Pakan/Protein)
2024-04-04,CPIN.JK,4947.81201171875,4832.595532226563,4560.72146484375,53.8461621381557,Menengah (Peternakan/Pakan/Protein)
2024-04-05,CPIN.JK,4901.35400390625,4853.269482421875,4571.7785546875,52.50001445140623,Menengah (Peternakan/Pakan/Protein)
2024-04-16,CPIN.JK,4669.06201171875,4859.541333007813,4579.11896484375,44.68083488711475,Menengah (Peternakan/Pakan/Protein)
2024-04-17,CPIN.JK,4715.5205078125,4858.3798828125,4588.689375,38.09522856226261,Menengah (Peternakan/Pakan/Protein)
2024-04-18,CPIN.JK,4515.75,4843.745532226562,4594.45021484375,32.25805357949581,Menengah (Peternakan/Pakan/Protein)
2024-04-19,CPIN.JK,4599.37451171875,4834.453857421875,4600.954375,37.54785924027634,Menengah (Peternakan/Pakan/Protein)
2024-04-22,CPIN.JK,4636.541015625,4822.374682617187,4608.387705078125,38.257543788129,Menengah (Peternakan/Pakan/Protein)
2024-04-23,CPIN.JK,4645.8330078125,4811.921557617187,4617.679375,38.7217896572679,Menengah (Peternakan/Pakan/Protein)
2024-04-24,CPIN.JK,4599.37451171875,4802.6298828125,4625.112705078125,39.46358209255735,Menengah (Peternakan/Pakan/Protein)
2024-04-25,CPIN.JK,4669.06201171875,4788.6923828125,4634.3114453125,44.360894828633946,Menengah (Peternakan/Pakan/Protein)
2024-04-26,CPIN.JK,4478.58349609375,4766.392407226563,4640.62978515625,35.27397186314688,Menengah (Peternakan/Pakan/Protein)
2024-04-29,CPIN.JK,4645.8330078125,4753.616357421875,4651.0364453125,43.71066147551278,Menengah (Peternakan/Pakan/Protein)
2024-04-30,CPIN.JK,4599.37451171875,4737.355932617187,4656.797275390625,36.57715682761462,Menengah (Peternakan/Pakan/Protein)
2024-05-02,CPIN.JK,4515.75,4716.914282226562,4659.398935546875,37.457038591949335,Menengah (Peternakan/Pakan/Protein)
2024-05-03,CPIN.JK,4645.8330078125,4706.461157226562,4662.372265625,39.13042408452234,Menengah (Peternakan/Pakan/Protein)
2024-05-06,CPIN.JK,4924.5830078125,4712.26845703125,4673.33642578125,50.71632815005653,Menengah (Peternakan/Pakan/Protein)
2024-05-07,CPIN.JK,4924.5830078125,4714.591381835938,4683.55724609375,59.19734428259038,Menengah (Peternakan/Pakan/Protein)
2024-05-08,CPIN.JK,4924.5830078125,4719.2371826171875,4693.59224609375,57.785480341007535,Menengah (Peternakan/Pakan/Protein)
2024-05-13,CPIN.JK,4808.43701171875,4711.106958007813,4698.70265625,61.623613373972404,Menengah (Peternakan/Pakan/Protein)
2024-05-14,CPIN.JK,4901.35400390625,4713.4298828125,4707.52974609375,61.90478390392,Menengah (Peternakan/Pakan/Protein)
2024-05-15,CPIN.JK,4994.2705078125,4715.7528076171875,4719.14431640625,63.50879418574034,Menengah (Peternakan/Pakan/Protein)
2024-05-16,CPIN.JK,4994.2705078125,4720.3986328125,4729.829736328125,63.2508965152519,Menengah (Peternakan/Pakan/Protein)
2024-05-17,CPIN.JK,4901.35400390625,4732.013232421875,4740.1434765625,61.09217539029068,Menengah (Peternakan/Pakan/Protein)
2024-05-20,CPIN.JK,4854.8955078125,4738.981982421875,4748.041396484375,56.94445812947204,Menengah (Peternakan/Pakan/Protein)
2024-05-21,CPIN.JK,4808.43701171875,4753.6163330078125,4756.12513671875,63.813209840393775,Menengah (Peternakan/Pakan/Protein)
2024-05-22,CPIN.JK,4854.8955078125,4766.3923828125,4761.978876953125,59.74025974025974,Menengah (Peternakan/Pakan/Protein)
2024-05-27,CPIN.JK,4831.6669921875,4776.148681640625,4767.739716796875,61.061994230607354,Menengah (Peternakan/Pakan/Protein)
2024-05-28,CPIN.JK,4878.12451171875,4787.763256835938,4774.42970703125,67.88990427611677,Menengah (Peternakan/Pakan/Protein)
2024-05-29,CPIN.JK,4831.6669921875,4799.377880859375,4781.119716796875,60.00005255054049,Menengah (Peternakan/Pakan/Protein)
2024-05-30,CPIN.JK,4831.6669921875,4807.508129882813,4786.1372265625,42.857175030967305,Menengah (Peternakan/Pakan/Protein)
2024-05-31,CPIN.JK,4831.6669921875,4825.1623046875,4791.712236328125,42.857175030967305,Menengah (Peternakan/Pakan/Protein)
2024-06-03,CPIN.JK,4859.70361328125,4835.8558349609375,4799.14880859375,45.21856910805495,Menengah (Peternakan/Pakan/Protein)
2024-06-04,CPIN.JK,4859.70361328125,4848.872290039062,4805.470380859375,54.55860618512298,Menengah (Peternakan/Pakan/Protein)
2024-06-05,CPIN.JK,4883.0673828125,4867.2381591796875,4808.35673828125,48.14444135055299,Menengah (Peternakan/Pakan/Protein)
2024-06-06,CPIN.JK,4883.0673828125,4879.099877929688,4809.849345703125,36.09390570351121,Menengah (Peternakan/Pakan/Protein)
2024-06-07,CPIN.JK,4883.0673828125,4877.024096679687,4811.806533203125,36.09390570351121,Menengah (Peternakan/Pakan/Protein)
2024-06-10,CPIN.JK,4859.70361328125,4873.780126953125,4811.438115234375,43.694745867951866,Menengah (Peternakan/Pakan/Protein)
2024-06-11,CPIN.JK,4766.2470703125,4865.863330078125,4809.665146484375,38.251677296446616,Menengah (Peternakan/Pakan/Protein)
2024-06-12,CPIN.JK,4836.3388671875,4867.2584228515625,4810.687763671875,53.479775854278486,Menengah (Peternakan/Pakan/Protein)
2024-06-13,CPIN.JK,4766.2470703125,4860.503076171875,4807.05646484375,39.55966480883845,Menengah (Peternakan/Pakan/Protein)
2024-06-14,CPIN.JK,4579.3359375,4839.75634765625,4800.1515234375,28.551684408348663,Menengah (Peternakan/Pakan/Protein)
2024-06-19,CPIN.JK,4504.5712890625,4815.27138671875,4792.215869140625,19.70556020619813,Menengah (Peternakan/Pakan/Protein)
2024-06-20,CPIN.JK,4467.18896484375,4793.563134765625,4783.06798828125,19.99995177170655,Menengah (Peternakan/Pakan/Protein)
2024-06-21,CPIN.JK,4467.18896484375,4774.177807617188,4773.920107421875,19.99995177170655,Menengah (Peternakan/Pakan/Protein)
2024-06-24,CPIN.JK,4766.2470703125,4772.068310546875,4772.147138671875,46.391702045833306,Menengah (Peternakan/Pakan/Protein)
2024-06-25,CPIN.JK,4696.1552734375,4764.131298828125,4769.90150390625,41.37926774466035,Menengah (Peternakan/Pakan/Protein)
2024-06-26,CPIN.JK,4742.88330078125,4759.692114257812,4767.1966796875,44.131423844990785,Menengah (Peternakan/Pakan/Protein)
2024-06-27,CPIN.JK,4696.1552734375,4750.59365234375,4764.4864453125,40.825660808577375,Menengah (Peternakan/Pakan/Protein)
2024-06-28,CPIN.JK,4742.88330078125,4746.154467773437,4759.92328125,43.42103393737015,Menengah (Peternakan/Pakan/Protein)
2024-07-01,CPIN.JK,4766.2470703125,4742.883471679687,4758.1503125,44.635165801110425,Menengah (Peternakan/Pakan/Protein)
2024-07-02,CPIN.JK,4742.88330078125,4738.444287109375,4754.05173828125,44.635165801110425,Menengah (Peternakan/Pakan/Protein)
2024-07-03,CPIN.JK,4812.97509765625,4736.107861328125,4752.28416015625,52.19299069768081,Menengah (Peternakan/Pakan/Protein)
2024-07-04,CPIN.JK,4906.43115234375,4738.44423828125,4757.03154296875,53.21890644767934,Menengah (Peternakan/Pakan/Protein)
2024-07-05,CPIN.JK,4929.79541015625,4740.7806396484375,4761.317041015625,57.84756998445701,Menengah (Peternakan/Pakan/Protein)
2024-07-08,CPIN.JK,4929.79541015625,4743.117041015625,4769.59794921875,70.49181544772502,Menengah (Peternakan/Pakan/Protein)
2024-07-09,CPIN.JK,4953.1591796875,4746.621630859375,4776.673642578125,77.90698522130378,Menengah (Peternakan/Pakan/Protein)
2024-07-10,CPIN.JK,5069.97900390625,4757.135400390625,4785.34240234375,84.1269946580594,Menengah (Peternakan/Pakan/Protein)
2024-07-11,CPIN.JK,5163.4345703125,4776.994775390625,4795.69443359375,85.64593923412944,Menengah (Peternakan/Pakan/Protein)
2024-07-12,CPIN.JK,5186.79833984375,4794.517749023437,4807.44291015625,80.00001393261213,Menengah (Peternakan/Pakan/Protein)
2024-07-15,CPIN.JK,5140.07080078125,4813.208935546875,4816.8630859375,82.7586728748493,Menengah (Peternakan/Pakan/Protein)
2024-07-16,CPIN.JK,5069.97900390625,4837.7410888671875,4828.69099609375,73.33337977540614,Menengah (Peternakan/Pakan/Protein)
2024-07-17,CPIN.JK,5116.70654296875,4868.3478515625,4838.108466796875,80.00005573052619,Menengah (Peternakan/Pakan/Protein)
2024-07-18,CPIN.JK,5186.79833984375,4904.3283203125,4849.856943359375,80.64521130862494,Menengah (Peternakan/Pakan/Protein)
2024-07-19,CPIN.JK,5116.70654296875,4936.80419921875,4861.87607421875,72.72731878555591,Menengah (Peternakan/Pakan/Protein)
2024-07-22,CPIN.JK,5116.70654296875,4954.327172851563,4871.293544921875,75.00003265459665,Menengah (Peternakan/Pakan/Protein)
2024-07-23,CPIN.JK,5046.61474609375,4971.850146484375,4873.7341796875,65.62502857277207,Menengah (Peternakan/Pakan/Protein)
2024-07-24,CPIN.JK,5046.61474609375,4987.03671875,4876.174814453125,60.714296377017114,Menengah (Peternakan/Pakan/Protein)
2024-07-25,CPIN.JK,5069.97900390625,5005.7279052734375,4879.082734375,60.714296377017114,Menengah (Peternakan/Pakan/Protein)
2024-07-26,CPIN.JK,4953.1591796875,5016.24169921875,4881.977177734375,51.51514191967584,Menengah (Peternakan/Pakan/Protein)
2024-07-29,CPIN.JK,4836.3388671875,5019.7462890625,4880.676875,43.24320813182816,Menengah (Peternakan/Pakan/Protein)
2024-07-30,CPIN.JK,4859.70361328125,5025.5873046875,4877.985537109375,36.36365363545975,Menengah (Peternakan/Pakan/Protein)
2024-07-31,CPIN.JK,4883.0673828125,5029.0919189453125,4875.761474609375,30.000027865204856,Menengah (Peternakan/Pakan/Protein)
2024-08-01,CPIN.JK,4906.43115234375,5029.0919189453125,4875.863017578125,30.000027865204856,Menengah (Peternakan/Pakan/Protein)
2024-08-02,CPIN.JK,4906.43115234375,5027.9237060546875,4876.89373046875,32.14286780555672,Menengah (Peternakan/Pakan/Protein)
2024-08-05,CPIN.JK,4812.97509765625,5022.082690429687,4876.9844921875,31.034480273616808,Menengah (Peternakan/Pakan/Protein)
2024-08-06,CPIN.JK,4766.2470703125,5012.737084960938,4875.2115234375,24.137975764520206,Menengah (Peternakan/Pakan/Protein)
2024-08-07,CPIN.JK,4953.1591796875,5006.89609375,4877.6413671875,35.294179114294025,Menengah (Peternakan/Pakan/Protein)
2024-08-08,CPIN.JK,4906.43115234375,4994.045922851563,4878.2075,36.36368817897525,Menengah (Peternakan/Pakan/Protein)
2024-08-09,CPIN.JK,4836.3388671875,4976.52294921875,4878.3009375,33.33337203490339,Menengah (Peternakan/Pakan/Protein)
2024-08-12,CPIN.JK,4812.97509765625,4960.1681640625,4877.927099609375,35.29415741995126,Menengah (Peternakan/Pakan/Protein)
2024-08-13,CPIN.JK,4812.97509765625,4947.31796875,4877.55326171875,35.29415741995126,Menengah (Peternakan/Pakan/Protein)
2024-08-14,CPIN.JK,4836.3388671875,4933.299584960938,4877.085966796875,35.294117647058826,Menengah (Peternakan/Pakan/Protein)
2024-08-15,CPIN.JK,4859.70361328125,4916.944848632813,4877.085966796875,43.333377453087344,Menengah (Peternakan/Pakan/Protein)
2024-08-16,CPIN.JK,4812.97509765625,4901.758276367187,4875.68412109375,48.14817108238083,Menengah (Peternakan/Pakan/Protein)
2024-08-19,CPIN.JK,4672.79150390625,4879.562524414063,4871.478603515625,37.5,Menengah (Peternakan/Pakan/Protein)
2024-08-20,CPIN.JK,4766.2470703125,4865.544140625,4869.142197265625,42.85712579684392,Menengah (Peternakan/Pakan/Protein)
2024-08-21,CPIN.JK,4719.51953125,4849.189379882812,4866.338515625,38.88891146483097,Menengah (Peternakan/Pakan/Protein)
2024-08-22,CPIN.JK,4742.88330078125,4832.8345947265625,4865.871240234375,40.5405466468598,Menengah (Peternakan/Pakan/Protein)
2024-08-23,CPIN.JK,4696.1552734375,4819.984399414063,4863.067568359375,42.85715138729742,Menengah (Peternakan/Pakan/Protein)
2024-08-26,CPIN.JK,4672.79150390625,4811.80703125,4861.19845703125,44.117670561030586,Menengah (Peternakan/Pakan/Protein)
2024-08-27,CPIN.JK,4742.88330078125,4805.966015625,4864.469404296875,34.482748680667,Menengah (Peternakan/Pakan/Protein)
2024-08-28,CPIN.JK,4672.79150390625,4795.452221679688,4867.83380859375,33.33333333333333,Menengah (Peternakan/Pakan/Protein)
2024-08-29,CPIN.JK,4626.0634765625,4781.433837890625,4871.011298828125,34.48277353073438,Menengah (Peternakan/Pakan/Protein)
2024-08-30,CPIN.JK,4541.95361328125,4763.2099609375,4872.506591796875,31.645591386471253,Menengah (Peternakan/Pakan/Protein)
2024-09-02,CPIN.JK,4532.60791015625,4749.1916015625,4867.83380859375,31.25001632727701,Menengah (Peternakan/Pakan/Protein)
2024-09-03,CPIN.JK,4532.60791015625,4737.5096435546875,4864.562861328125,29.032292859786523,Menengah (Peternakan/Pakan/Protein)
2024-09-04,CPIN.JK,4513.9169921875,4715.547534179687,4859.98353515625,25.973988962917275,Menengah (Peternakan/Pakan/Protein)
2024-09-05,CPIN.JK,4532.60791015625,4696.856372070312,4856.712587890625,29.729697289771224,Menengah (Peternakan/Pakan/Protein)
2024-09-06,CPIN.JK,4476.53466796875,4678.866162109375,4851.385615234375,33.84613529676548,Menengah (Peternakan/Pakan/Protein)
2024-09-09,CPIN.JK,4485.8798828125,4662.511401367187,4845.778271484375,23.21420907576072,Menengah (Peternakan/Pakan/Protein)
2024-09-10,CPIN.JK,4513.9169921875,4647.55849609375,4841.1989453125,29.629604545137894,Menengah (Peternakan/Pakan/Protein)
2024-09-11,CPIN.JK,4448.49755859375,4628.166430664062,4833.90939453125,23.07689559639681,Menengah (Peternakan/Pakan/Protein)
2024-09-12,CPIN.JK,4532.60791015625,4611.8116455078125,4826.4329296875,36.00001003149052,Menengah (Peternakan/Pakan/Protein)
2024-09-13,CPIN.JK,4485.8798828125,4595.456884765625,4817.554619140625,34.61537534071279,Menengah (Peternakan/Pakan/Protein)
2024-09-17,CPIN.JK,4635.4091796875,4593.5877685546875,4811.66689453125,42.17687171543912,Menengah (Peternakan/Pakan/Protein)
2024-09-18,CPIN.JK,4616.71826171875,4586.111328125,4804.938076171875,45.588251112944896,Menengah (Peternakan/Pakan/Protein)
2024-09-19,CPIN.JK,4719.51953125,4586.111328125,4797.92888671875,56.75678156374882,Menengah (Peternakan/Pakan/Protein)
2024-09-20,CPIN.JK,4672.79150390625,4582.60673828125,4788.116025390625,59.999985072198314,Menengah (Peternakan/Pakan/Protein)
2024-09-23,CPIN.JK,4635.4091796875,4579.56943359375,4777.0882421875,57.534241673173725,Menengah (Peternakan/Pakan/Protein)
2024-09-24,CPIN.JK,4598.02685546875,4575.831201171875,4766.24736328125,54.54544837694061,Menengah (Peternakan/Pakan/Protein)
2024-09-25,CPIN.JK,4598.02685546875,4568.58837890625,4756.8083203125,55.999974921298154,Menengah (Peternakan/Pakan/Protein)
2024-09-26,CPIN.JK,4560.64453125,4562.981030273438,4745.687080078125,51.948043135895176,Menengah (Peternakan/Pakan/Protein)
2024-09-27,CPIN.JK,4485.8798828125,4555.971850585937,4731.6687109375,50.63288627755464,Menengah (Peternakan/Pakan/Protein)
2024-09-30,CPIN.JK,4392.42431640625,4548.495385742188,4717.18306640625,44.31820003455444,Menengah (Peternakan/Pakan/Protein)
2024-10-01,CPIN.JK,4411.11572265625,4542.4207763671875,4703.07125,43.67817127373422,Menengah (Peternakan/Pakan/Protein)
2024-10-02,CPIN.JK,4420.4609375,4536.813427734375,4690.548173828125,48.14815531513192,Menengah (Peternakan/Pakan/Protein)
2024-10-03,CPIN.JK,4429.806640625,4532.60791015625,4678.21201171875,42.46575832682628,Menengah (Peternakan/Pakan/Protein)
2024-10-04,CPIN.JK,4448.49755859375,4528.402392578125,4665.7823828125,47.142853944040105,Menengah (Peternakan/Pakan/Protein)
2024-10-07,CPIN.JK,4523.26220703125,4530.73876953125,4657.184443359375,40.32256841243049,Menengah (Peternakan/Pakan/Protein)
2024-10-08,CPIN.JK,4532.60791015625,4533.075170898437,4651.10982421875,42.62293537434776,Menengah (Peternakan/Pakan/Protein)
2024-10-09,CPIN.JK,4532.60791015625,4534.009716796875,4644.56791015625,29.99998955053725,Menengah (Peternakan/Pakan/Protein)
2024-10-10,CPIN.JK,4569.990234375,4540.0843505859375,4638.3063671875,38.77551455621226,Menengah (Peternakan/Pakan/Protein)
2024-10-11,CPIN.JK,4541.95361328125,4540.5516357421875,4631.01681640625,39.58334920709214,Menengah (Peternakan/Pakan/Protein)
2024-10-14,CPIN.JK,4626.0634765625,4547.560815429688,4625.409462890625,52.830181239248624,Menengah (Peternakan/Pakan/Protein)
2024-10-15,CPIN.JK,4644.7548828125,4548.028100585938,4622.04505859375,54.54547181730526,Menengah (Peternakan/Pakan/Protein)
2024-10-16,CPIN.JK,4719.51953125,4553.1681640625,4621.1105078125,64.40680667774193,Menengah (Peternakan/Pakan/Protein)
2024-10-17,CPIN.JK,4672.79150390625,4550.831762695312,4615.503154296875,67.85715951764513,Menengah (Peternakan/Pakan/Protein)
2024-10-18,CPIN.JK,4766.2470703125,4555.504541015625,4612.69947265625,85.71427238588389,Menengah (Peternakan/Pakan/Protein)
2024-10-21,CPIN.JK,4719.51953125,4559.71005859375,4610.3630859375,77.96612420887267,Menengah (Peternakan/Pakan/Protein)
2024-10-22,CPIN.JK,4663.44580078125,4562.981005859375,4607.3725,70.31249617329132,Menengah (Peternakan/Pakan/Protein)
2024-10-23,CPIN.JK,4742.88330078125,4570.223828125,4605.9706640625,73.42656984956423,Menengah (Peternakan/Pakan/Protein)
2024-10-24,CPIN.JK,4812.97509765625,4582.840356445313,4605.503388671875,75.32467973075671,Menengah (Peternakan/Pakan/Protein)
2024-10-25,CPIN.JK,4812.97509765625,4599.1951171875,4604.568818359375,72.46377140814846,Menengah (Peternakan/Pakan/Protein)
2024-10-28,CPIN.JK,4789.611328125,4619.054467773438,4604.10154296875,69.50356134171169,Menengah (Peternakan/Pakan/Protein)
2024-10-29,CPIN.JK,4929.79541015625,4644.988452148437,4609.24162109375,74.85382975811025,Menengah (Peternakan/Pakan/Protein)
2024-10-30,CPIN.JK,4789.611328125,4663.445971679687,4609.70890625,62.176161595160984,Menengah (Peternakan/Pakan/Protein)
2024-10-31,CPIN.JK,4906.43115234375,4687.277197265625,4613.447138671875,68.39621572012022,Menengah (Peternakan/Pakan/Protein)
2024-11-01,CPIN.JK,4569.990234375,4693.351831054688,4609.98927734375,47.74437183079115,Menengah (Peternakan/Pakan/Protein)
2024-11-04,CPIN.JK,4654.1005859375,4699.89375,4609.14818359375,50.35714738879356,Menengah (Peternakan/Pakan/Protein)
2024-11-05,CPIN.JK,4579.3359375,4702.230151367187,4607.279072265625,44.64286380704935,Menengah (Peternakan/Pakan/Protein)
2024-11-06,CPIN.JK,4742.88330078125,4712.743920898438,4607.279072265625,52.45901414685152,Menengah (Peternakan/Pakan/Protein)
2024-11-07,CPIN.JK,4569.990234375,4712.743920898438,4605.223046875,43.47827356806749,Menengah (Peternakan/Pakan/Protein)
2024-11-08,CPIN.JK,4541.95361328125,4712.743920898438,4603.540849609375,44.025162812690894,Menengah (Peternakan/Pakan/Protein)
2024-11-11,CPIN.JK,4448.49755859375,4703.865625,4601.671728515625,42.944790978851074,Menengah (Peternakan/Pakan/Protein)
2024-11-12,CPIN.JK,4485.8798828125,4695.921875,4600.73716796875,41.324924983130884,Menengah (Peternakan/Pakan/Protein)
2024-11-13,CPIN.JK,4551.29931640625,4687.5108642578125,4601.11099609375,41.13926143537114,Menengah (Peternakan/Pakan/Protein)
2024-11-14,CPIN.JK,4560.64453125,4681.903515625,4602.045546875,41.50944016224914,Menengah (Peternakan/Pakan/Protein)
2024-11-15,CPIN.JK,4476.53466796875,4667.417895507812,4600.92408203125,39.87916514212997,Menengah (Peternakan/Pakan/Protein)
2024-11-18,CPIN.JK,4448.49755859375,4653.866796875,4600.36333984375,33.22474295019116,Menengah (Peternakan/Pakan/Protein)
2024-11-19,CPIN.JK,4439.15234375,4642.652124023438,4599.4287890625,36.559145825795866,Menengah (Peternakan/Pakan/Protein)
2024-11-20,CPIN.JK,4401.77001953125,4625.596459960938,4597.185849609375,29.38931267264546,Menengah (Peternakan/Pakan/Protein)
2024-11-21,CPIN.JK,4355.04150390625,4602.699780273438,4595.316728515625,38.4999804072676,Menengah (Peternakan/Pakan/Protein)
2024-11-22,CPIN.JK,4392.42431640625,4581.6722412109375,4592.513056640625,35.26316397336599,Menengah (Peternakan/Pakan/Protein)
2024-11-25,CPIN.JK,4373.73291015625,4560.8783203125,4590.2701171875,37.640443831566614,Menengah (Peternakan/Pakan/Protein)
2024-11-26,CPIN.JK,4364.38720703125,4532.60791015625,4584.849677734375,22.06900378630101,Menengah (Peternakan/Pakan/Protein)
2024-11-28,CPIN.JK,4439.15234375,4515.0849609375,4581.298359375,38.70973178681822,Menengah (Peternakan/Pakan/Protein)
2024-11-29,CPIN.JK,4364.38720703125,4487.982763671875,4574.195712890625,35.82091880021959,Menengah (Peternakan/Pakan/Protein)
2024-12-02,CPIN.JK,4411.11572265625,4480.039038085937,4568.962197265625,46.774250634127434,Menengah (Peternakan/Pakan/Protein)
2024-12-03,CPIN.JK,4429.806640625,4468.8243408203125,4564.850146484375,45.000043539215774,Menengah (Peternakan/Pakan/Protein)
2024-12-04,CPIN.JK,4654.1005859375,4472.562573242188,4565.97162109375,57.1428280628187,Menengah (Peternakan/Pakan/Protein)
2024-12-05,CPIN.JK,4607.37255859375,4465.787036132812,4566.15853515625,53.086417364101074,Menengah (Peternakan/Pakan/Protein)
2024-12-06,CPIN.JK,4588.681640625,4466.721606445312,4566.71927734375,58.10807662246611,Menengah (Peternakan/Pakan/Protein)
2024-12-09,CPIN.JK,4588.681640625,4469.0580078125,4568.7753125,60.56337095370097,Menengah (Peternakan/Pakan/Protein)
2024-12-10,CPIN.JK,4607.37255859375,4477.0017578125,4573.07427734375,62.49993650526426,Menengah (Peternakan/Pakan/Protein)
2024-12-11,CPIN.JK,4663.44580078125,4485.880053710937,4578.12087890625,68.91882350781518,Menengah (Peternakan/Pakan/Protein)
2024-12-12,CPIN.JK,4626.0634765625,4489.61826171875,4582.2329296875,69.86297644225436,Menengah (Peternakan/Pakan/Protein)
2024-12-13,CPIN.JK,4626.0634765625,4492.889208984375,4586.15806640625,68.11588276940435,Menengah (Peternakan/Pakan/Protein)
2024-12-16,CPIN.JK,4560.64453125,4497.094702148437,4588.401005859375,63.513499201817645,Menengah (Peternakan/Pakan/Protein)
2024-12-17,CPIN.JK,4523.26220703125,4500.832934570312,4588.401005859375,61.038960157745954,Menengah (Peternakan/Pakan/Protein)
2024-12-18,CPIN.JK,4439.15234375,4500.832934570312,4586.53189453125,50.0,Menengah (Peternakan/Pakan/Protein)
2024-12-19,CPIN.JK,4298.96826171875,4495.692846679687,4581.8591015625,45.8823587263458,Menengah (Peternakan/Pakan/Protein)
2024-12-20,CPIN.JK,4355.04150390625,4495.692846679687,4577.560126953125,46.511577044208565,Menengah (Peternakan/Pakan/Protein)
2024-12-23,CPIN.JK,4532.60791015625,4502.7020263671875,4577.373212890625,55.33980287035614,Menengah (Peternakan/Pakan/Protein)
2024-12-24,CPIN.JK,4420.4609375,4505.038427734375,4573.261162109375,36.263719228622804,Menengah (Peternakan/Pakan/Protein)
2024-12-27,CPIN.JK,4448.49755859375,4509.2439453125,4569.336015625,40.449421052507994,Menengah (Peternakan/Pakan/Protein)
2024-12-30,CPIN.JK,4448.49755859375,4509.711206054688,4563.915576171875,41.37928135304959,Menengah (Peternakan/Pakan/Protein)
2025-01-02,CPIN.JK,4495.2255859375,4516.253125,4560.3642578125,44.565200107220576,Menengah (Peternakan/Pakan/Protein)
2025-01-03,CPIN.JK,4476.53466796875,4519.524072265625,4554.570009765625,42.39131422444539,Menengah (Peternakan/Pakan/Protein)
2025-01-06,CPIN.JK,4504.5712890625,4523.2623046875,4550.271044921875,40.44945601158129,Menengah (Peternakan/Pakan/Protein)
2025-01-07,CPIN.JK,4504.5712890625,4515.78583984375,4547.0935546875,42.35296070141707,Menengah (Peternakan/Pakan/Protein)
2025-01-08,CPIN.JK,4513.9169921875,4511.113061523438,4542.514228515625,43.02328407101259,Menengah (Peternakan/Pakan/Protein)
2025-01-09,CPIN.JK,4485.8798828125,4505.972973632813,4535.97232421875,45.121952773565425,Menengah (Peternakan/Pakan/Protein)
2025-01-10,CPIN.JK,4411.11572265625,4497.094677734375,4527.93513671875,43.02328407101259,Menengah (Peternakan/Pakan/Protein)
2025-01-13,CPIN.JK,4261.5859375,4479.805346679687,4517.37462890625,39.784932342620614,Menengah (Peternakan/Pakan/Protein)
2025-01-14,CPIN.JK,4205.51220703125,4456.908666992187,4502.88896484375,44.047607200169175,Menengah (Peternakan/Pakan/Protein)
2025-01-15,CPIN.JK,4298.96826171875,4440.55390625,4493.076103515625,46.590927981950955,Menengah (Peternakan/Pakan/Protein)
2025-01-16,CPIN.JK,4233.54931640625,4420.928198242187,4479.618466796875,28.947382893975202,Menengah (Peternakan/Pakan/Protein)
2025-01-17,CPIN.JK,4355.04150390625,4410.648046875,4475.3194921875,45.45452078050647,Menengah (Peternakan/Pakan/Protein)
2025-01-20,CPIN.JK,4327.0048828125,4400.835180664062,4468.777578125,41.55843450871613,Menengah (Peternakan/Pakan/Protein)
2025-01-21,CPIN.JK,4308.3134765625,4394.293237304688,4463.35712890625,40.506309022043716,Menengah (Peternakan/Pakan/Protein)
2025-01-22,CPIN.JK,4485.8798828125,4403.638818359375,4458.217060546875,49.46235894647072,Menengah (Peternakan/Pakan/Protein)
2025-01-23,CPIN.JK,4401.77001953125,4405.975244140625,4454.85265625,46.00000208989037,Menengah (Peternakan/Pakan/Protein)
2025-01-24,CPIN.JK,4439.15234375,4401.302465820312,4452.796630859375,46.53466217236834,Menengah (Peternakan/Pakan/Protein)
2025-01-30,CPIN.JK,4317.6591796875,4396.162377929688,4450.17986328125,41.22805731062443,Menengah (Peternakan/Pakan/Protein)
2025-01-31,CPIN.JK,4364.38720703125,4391.956860351563,4447.750009765625,43.220324349023876,Menengah (Peternakan/Pakan/Protein)
2025-02-03,CPIN.JK,4373.73291015625,4388.2186279296875,4444.198681640625,44.827590866281746,Menengah (Peternakan/Pakan/Protein)
2025-02-04,CPIN.JK,4373.73291015625,4382.143994140625,4440.46044921875,48.14812664723844,Menengah (Peternakan/Pakan/Protein)
2025-02-05,CPIN.JK,4373.73291015625,4377.00390625,4438.4044140625,56.521731722982935,Menengah (Peternakan/Pakan/Protein)
2025-02-06,CPIN.JK,4298.96826171875,4366.7237548828125,4435.413828125,55.31915839696566,Menengah (Peternakan/Pakan/Protein)
2025-02-07,CPIN.JK,4298.96826171875,4356.443603515625,4432.610146484375,50.0,Menengah (Peternakan/Pakan/Protein)
2025-02-10,CPIN.JK,4308.3134765625,4346.163427734375,4430.741015625,55.12816991883588,Menengah (Peternakan/Pakan/Protein)
2025-02-11,CPIN.JK,4242.89453125,4334.01416015625,4428.498076171875,41.666672713801916,Menengah (Peternakan/Pakan/Protein)
2025-02-12,CPIN.JK,4298.96826171875,4328.406787109375,4426.628955078125,48.00001114607418,Menengah (Peternakan/Pakan/Protein)
2025-02-13,CPIN.JK,4233.54931640625,4327.004956054688,4423.825283203125,45.00003591998595,Menengah (Peternakan/Pakan/Protein)
2025-02-14,CPIN.JK,4270.931640625,4330.275927734375,4421.956171875,32.30770591053337,Menengah (Peternakan/Pakan/Protein)
2025-02-17,CPIN.JK,4289.62255859375,4329.808642578125,4418.965576171875,39.65513203243654,Menengah (Peternakan/Pakan/Protein)
2025-02-18,CPIN.JK,4345.69580078125,4335.415966796875,4418.591748046875,41.666601357558655,Menengah (Peternakan/Pakan/Protein)
2025-02-19,CPIN.JK,4336.3505859375,4334.481420898437,4417.0964453125,52.08336508088551,Menengah (Peternakan/Pakan/Protein)
2025-02-20,CPIN.JK,4308.3134765625,4333.546850585937,4414.66658203125,43.47822136304316,Menengah (Peternakan/Pakan/Protein)
2025-02-21,CPIN.JK,4355.04150390625,4335.883251953125,4408.685400390625,47.99997074147376,Menengah (Peternakan/Pakan/Protein)
2025-02-24,CPIN.JK,4345.69580078125,4328.874047851563,4403.451865234375,47.05878134585084,Menengah (Peternakan/Pakan/Protein)
2025-02-25,CPIN.JK,4196.1669921875,4318.593896484375,4395.601572265625,35.820880391714965,Menengah (Peternakan/Pakan/Protein)
2025-02-26,CPIN.JK,4214.85791015625,4307.379174804688,4388.12509765625,42.622922737216086,Menengah (Peternakan/Pakan/Protein)
2025-02-27,CPIN.JK,4140.09326171875,4298.50087890625,4378.77951171875,37.68112430336806,Menengah (Peternakan/Pakan/Protein)
2025-02-28,CPIN.JK,3915.79931640625,4276.071484375,4363.82658203125,27.173901314986182,Menengah (Peternakan/Pakan/Protein)
2025-03-03,CPIN.JK,4130.748046875,4263.9222412109375,4353.9202734375,44.444465945395756,Menengah (Peternakan/Pakan/Protein)
2025-03-04,CPIN.JK,3981.218505859375,4244.296520996094,4341.023374023437,35.59321396003833,Menengah (Peternakan/Pakan/Protein)
2025-03-05,CPIN.JK,4476.53466796875,4249.436608886719,4339.341176757813,57.92683723281805,Menengah (Peternakan/Pakan/Protein)
2025-03-06,CPIN.JK,4102.7109375,4239.623742675782,4330.930151367187,45.49999464465454,Menengah (Peternakan/Pakan/Protein)
2025-03-07,CPIN.JK,4027.946533203125,4226.07265625,4322.70603515625,43.20389155951643,Menengah (Peternakan/Pakan/Protein)
2025-03-10,CPIN.JK,4224.20361328125,4221.867163085937,4321.2107421875,47.058833264064326,Menengah (Peternakan/Pakan/Protein)
2025-03-11,CPIN.JK,4027.946533203125,4211.119763183594,4314.668842773437,43.153532278350454,Menengah (Peternakan/Pakan/Protein)
2025-03-12,CPIN.JK,4074.67431640625,4199.905065917968,4305.5101708984375,44.855975970552315,Menengah (Peternakan/Pakan/Protein)
2025-03-13,CPIN.JK,4093.365478515625,4192.8958740234375,4298.96826171875,44.16667274404133,Menengah (Peternakan/Pakan/Protein)
2025-03-14,CPIN.JK,3962.52734375,4177.475659179688,4289.248857421875,41.89724136407126,Menengah (Peternakan/Pakan/Protein)
2025-03-17,CPIN.JK,4037.2919921875,4164.859130859375,4281.02474609375,46.53061050404756,Menengah (Peternakan/Pakan/Protein)
2025-03-18,CPIN.JK,4055.983154296875,4150.373498535157,4272.239897460938,46.53061620533218,Menengah (Peternakan/Pakan/Protein)
2025-03-19,CPIN.JK,4205.51220703125,4143.831579589843,4266.819448242188,51.383396270990296,Menengah (Peternakan/Pakan/Protein)
2025-03-20,CPIN.JK,4205.51220703125,4138.691516113281,4260.838266601562,56.76855416969732,Menengah (Peternakan/Pakan/Protein)
2025-03-21,CPIN.JK,4186.8212890625,4130.280505371094,4254.483266601563,51.44230141258576,Menengah (Peternakan/Pakan/Protein)
2025-03-24,CPIN.JK,4112.056640625,4118.598547363281,4246.446059570312,53.500000457163814,Menengah (Peternakan/Pakan/Protein)
2025-03-25,CPIN.JK,4112.056640625,4114.393029785157,4238.969594726563,36.73467465564758,Menengah (Peternakan/Pakan/Protein)
2025-03-26,CPIN.JK,4186.8212890625,4112.991198730469,4234.483706054688,53.913053157352174,Menengah (Peternakan/Pakan/Protein)
2025-03-27,CPIN.JK,4102.7109375,4111.122082519531,4231.306206054687,53.44826693156659,Menengah (Peternakan/Pakan/Protein)
2025-04-08,CPIN.JK,3719.5419921875,4101.309216308594,4221.586801757812,30.1470415923135,Menengah (Peternakan/Pakan/Protein)
2025-04-09,CPIN.JK,3784.961181640625,4084.019873046875,4211.30666015625,39.34424930697386,Menengah (Peternakan/Pakan/Protein)
2025-04-10,CPIN.JK,3906.453857421875,4080.281640625,4204.764750976563,43.07692307692308,Menengah (Peternakan/Pakan/Protein)
2025-04-11,CPIN.JK,3850.38037109375,4048.97392578125,4194.671528320312,40.298507462686565,Menengah (Peternakan/Pakan/Protein)
2025-04-14,CPIN.JK,4037.2919921875,4045.702978515625,4188.877270507813,52.857142857142854,Menengah (Peternakan/Pakan/Protein)
2025-04-15,CPIN.JK,3971.872802734375,4042.8992919921875,4182.14845703125,47.48200992660761,Menengah (Peternakan/Pakan/Protein)
2025-04-16,CPIN.JK,3981.218505859375,4030.750036621094,4172.055229492187,47.101449824062975,Menengah (Peternakan/Pakan/Protein)
2025-04-17,CPIN.JK,3962.52734375,4027.4790771484377,4163.270375976563,39.516143983348286,Menengah (Peternakan/Pakan/Protein)
2025-04-21,CPIN.JK,3887.7626953125,4018.13349609375,4152.242583007813,37.121227114114355,Menengah (Peternakan/Pakan/Protein)
2025-04-22,CPIN.JK,3784.961181640625,4002.71328125,4141.588623046875,34.75177830564384,Menengah (Peternakan/Pakan/Protein)
2025-04-23,CPIN.JK,3915.79931640625,4000.3768798828123,4132.616865234375,42.857142857142854,Menengah (Peternakan/Pakan/Protein)
2025-04-24,CPIN.JK,3999.909423828125,3998.5077514648438,4125.140395507812,46.15383971310895,Menengah (Peternakan/Pakan/Protein)
2025-04-25,CPIN.JK,4130.748046875,4002.24599609375,4120.280698242187,48.14815770411418,Menengah (Peternakan/Pakan/Protein)
2025-04-28,CPIN.JK,4168.1298828125,4000.3768798828123,4116.168637695312,52.22929427589617,Menengah (Peternakan/Pakan/Protein)
2025-04-29,CPIN.JK,4149.43896484375,3997.5732177734376,4113.178051757813,69.49153217790109,Menengah (Peternakan/Pakan/Protein)
2025-04-30,CPIN.JK,4420.4609375,4009.2552001953127,4115.607905273438,74.28571908393357,Menengah (Peternakan/Pakan/Protein)
2025-05-02,CPIN.JK,4429.806640625,4025.1427001953125,4118.037768554687,71.87500574005715,Menengah (Peternakan/Pakan/Protein)
2025-05-05,CPIN.JK,4345.69580078125,4036.824658203125,4120.093793945312,70.228978558287,Menengah (Peternakan/Pakan/Protein)
2025-05-06,CPIN.JK,4485.8798828125,4051.777587890625,4123.832026367188,69.04759930187745,Menengah (Peternakan/Pakan/Protein)
2025-05-07,CPIN.JK,4532.60791015625,4073.2724365234376,4129.813198242187,74.193533436016,Menengah (Peternakan/Pakan/Protein)
2025-05-08,CPIN.JK,4532.60791015625,4113.925732421875,4135.046723632812,73.98372222480627,Menengah (Peternakan/Pakan/Protein)
2025-05-09,CPIN.JK,4485.8798828125,4148.971667480469,4138.971870117188,72.2221991855237,Menengah (Peternakan/Pakan/Protein)
2025-05-14,CPIN.JK,4616.71826171875,4184.484887695313,4144.392319335938,79.54542935739872,Menengah (Peternakan/Pakan/Protein)
2025-05-15,CPIN.JK,4588.681640625,4221.399951171875,4149.438940429687,84.677403894062,Menengah (Peternakan/Pakan/Protein)
2025-05-16,CPIN.JK,4607.37255859375,4249.903979492187,4155.420122070313,83.03569512617241,Menengah (Peternakan/Pakan/Protein)
2025-05-19,CPIN.JK,4541.95361328125,4278.408020019531,4159.1583642578125,76.36363506825033,Menengah (Peternakan/Pakan/Protein)
2025-05-20,CPIN.JK,4504.5712890625,4304.575659179687,4162.335874023437,69.99998955054818,Menengah (Peternakan/Pakan/Protein)
2025-05-21,CPIN.JK,4569.990234375,4334.948803710938,4169.8123388671875,70.87378690024734,Menengah (Peternakan/Pakan/Protein)
2025-05-22,CPIN.JK,4560.64453125,4368.5928955078125,4176.728071289062,71.56859983086244,Menengah (Peternakan/Pakan/Protein)
2025-05-23,CPIN.JK,4560.64453125,4407.377062988281,4185.139096679687,60.273947111517,Menengah (Peternakan/Pakan/Protein)
2025-05-26,CPIN.JK,4513.9169921875,4437.282946777344,4197.101450195312,55.84415936901616,Menengah (Peternakan/Pakan/Protein)
2025-05-27,CPIN.JK,4523.26220703125,4463.4505859375,4204.951733398438,63.768152156299735,Menengah (Peternakan/Pakan/Protein)
2025-05-28,CPIN.JK,4523.26220703125,4483.0762939453125,4215.792607421875,53.70370907894673,Menengah (Peternakan/Pakan/Protein)
2025-06-02,CPIN.JK,4569.990234375,4503.1693115234375,4217.66171875,53.70370907894673,Menengah (Peternakan/Pakan/Protein)
2025-06-03,CPIN.JK,4577.6357421875,4524.579150390625,4227.16021484375,54.394621441227294,Menengah (Peternakan/Pakan/Protein)
2025-06-04,CPIN.JK,4720.9853515625,4539.60537109375,4241.020991210938,69.30487441102603,Menengah (Peternakan/Pakan/Protein)
2025-06-05,CPIN.JK,4644.5322265625,4550.341650390625,4249.427563476563,52.507829952020906,Menengah (Peternakan/Pakan/Protein)
2025-06-10,CPIN.JK,4615.8623046875,4563.8499755859375,4261.18587890625,52.447933157431834,Menengah (Peternakan/Pakan/Protein)
2025-06-11,CPIN.JK,4701.8720703125,4574.649584960937,4273.729833984375,57.59038771826752,Menengah (Peternakan/Pakan/Protein)
2025-06-12,CPIN.JK,4749.6552734375,4585.501953125,4286.8556298828125,67.16943114475791,Menengah (Peternakan/Pakan/Protein)
2025-06-13,CPIN.JK,4682.7587890625,4593.009497070312,4301.260258789062,64.04437821545017,Menengah (Peternakan/Pakan/Protein)
2025-06-16,CPIN.JK,4587.1923828125,4598.075122070312,4312.258266601562,51.29432788268091,Menengah (Peternakan/Pakan/Protein)
2025-06-17,CPIN.JK,4644.5322265625,4599.4658203125,4324.029248046875,55.886734784783755,Menengah (Peternakan/Pakan/Protein)
2025-06-18,CPIN.JK,4577.6357421875,4598.913525390625,4331.47171875,51.09000309478435,Menengah (Peternakan/Pakan/Protein)
2025-06-19,CPIN.JK,4501.1826171875,4593.604028320313,4337.385126953125,49.21308879544654,Menengah (Peternakan/Pakan/Protein)
2025-06-20,CPIN.JK,4443.84228515625,4588.698461914062,4342.525546875,45.36711165394216,Menengah (Peternakan/Pakan/Protein)
2025-06-23,CPIN.JK,4214.48291015625,4574.19404296875,4344.574072265625,35.7900692722326,Menengah (Peternakan/Pakan/Protein)
2025-06-24,CPIN.JK,4386.50244140625,4565.0196533203125,4350.06298828125,42.42901426464028,Menengah (Peternakan/Pakan/Protein)
2025-06-25,CPIN.JK,4405.61572265625,4557.268212890625,4354.438876953125,42.968732848292184,Menengah (Peternakan/Pakan/Protein)
2025-06-26,CPIN.JK,4443.84228515625,4551.4281005859375,4361.26150390625,37.606821184099914,Menengah (Peternakan/Pakan/Protein)
2025-06-30,CPIN.JK,4491.6259765625,4550.313549804688,4376.70318359375,42.982462430699044,Menengah (Peternakan/Pakan/Protein)
2025-07-01,CPIN.JK,4453.39892578125,4546.820385742188,4390.0719384765625,42.608683289326436,Menengah (Peternakan/Pakan/Protein)
2025-07-02,CPIN.JK,4443.84228515625,4542.849389648438,4400.81970703125,37.383171768597855,Menengah (Peternakan/Pakan/Protein)
2025-07-03,CPIN.JK,4548.9658203125,4541.798168945313,4414.791416015625,40.707981407462334,Menengah (Peternakan/Pakan/Protein)
2025-07-04,CPIN.JK,4376.94580078125,4531.763671875,4421.5844921875,37.096780174813226,Menengah (Peternakan/Pakan/Protein)
2025-07-07,CPIN.JK,4529.8525390625,4522.20703125,4432.744086914063,47.69231313419532,Menengah (Peternakan/Pakan/Protein)
2025-07-08,CPIN.JK,4501.1826171875,4515.03955078125,4443.143369140625,44.09450244402873,Menengah (Peternakan/Pakan/Protein)
2025-07-09,CPIN.JK,4644.5322265625,4516.473046875,4456.783466796875,52.59258670530076,Menengah (Peternakan/Pakan/Protein)
2025-07-10,CPIN.JK,4644.5322265625,4513.6060546875,4471.918857421875,55.90549755597127,Menengah (Peternakan/Pakan/Protein)
2025-07-11,CPIN.JK,4720.9853515625,4512.17255859375,4490.639340820312,61.24030762125846,Menengah (Peternakan/Pakan/Protein)
2025-07-14,CPIN.JK,4615.8623046875,4508.827734375,4504.640600585937,68.1034304296637,Menengah (Peternakan/Pakan/Protein)
2025-07-15,CPIN.JK,4606.3056640625,4509.7833984375,4516.768525390625,61.61615744570825,Menengah (Peternakan/Pakan/Protein)
2025-07-16,CPIN.JK,4558.5224609375,4505.48291015625,4525.324013671875,57.84314265692021,Menengah (Peternakan/Pakan/Protein)
2025-07-17,CPIN.JK,4802.216796875,4516.711962890625,4538.005751953125,65.18217551518381,Menengah (Peternakan/Pakan/Protein)
2025-07-18,CPIN.JK,4730.5419921875,4528.179931640625,4549.6278125,59.9206188292656,Menengah (Peternakan/Pakan/Protein)
2025-07-21,CPIN.JK,4730.5419921875,4542.514916992188,4555.82943359375,61.88525190898518,Menengah (Peternakan/Pakan/Protein)
2025-07-22,CPIN.JK,4720.9853515625,4567.8400390625,4561.6530078125,61.88525190898518,Menengah (Peternakan/Pakan/Protein)
2025-07-23,CPIN.JK,4802.216796875,4588.625756835938,4570.783427734375,61.0878566273426,Menengah (Peternakan/Pakan/Protein)
2025-07-24,CPIN.JK,4730.5419921875,4604.8720703125,4575.676669921875,66.97249254575786,Menengah (Peternakan/Pakan/Protein)
2025-07-25,CPIN.JK,4768.7685546875,4621.118383789062,4580.3998828125,62.886597938144334,Menengah (Peternakan/Pakan/Protein)
2025-07-28,CPIN.JK,4749.6552734375,4634.019848632813,4584.740830078125,63.541666666666664,Menengah (Peternakan/Pakan/Protein)
2025-07-29,CPIN.JK,4692.3154296875,4645.965673828125,4588.869541015625,52.87356321839081,Menengah (Peternakan/Pakan/Protein)
2025-07-30,CPIN.JK,4673.2021484375,4657.433666992188,4589.99921875,51.68539325842697,Menengah (Peternakan/Pakan/Protein)
2025-07-31,CPIN.JK,4711.4287109375,4665.556811523437,4592.45416015625,49.411764705882355,Menengah (Peternakan/Pakan/Protein)
2025-08-01,CPIN.JK,4558.5224609375,4674.63564453125,4591.477158203125,46.666666666666664,Menengah (Peternakan/Pakan/Protein)
2025-08-04,CPIN.JK,4587.1923828125,4677.50263671875,4592.38193359375,48.913043478260875,Menengah (Peternakan/Pakan/Protein)
2025-08-05,CPIN.JK,4491.6259765625,4677.0248046875,4592.12302734375,46.391752577319586,Menengah (Peternakan/Pakan/Protein)
2025-08-06,CPIN.JK,4415.17236328125,4665.556811523437,4589.026669921875,24.52828612284901,Menengah (Peternakan/Pakan/Protein)
2025-08-07,CPIN.JK,4329.16259765625,4649.788330078125,4584.39703125,24.0740588885742,Menengah (Peternakan/Pakan/Protein)
2025-08-08,CPIN.JK,4300.49267578125,4628.763696289063,4579.193994140625,23.214271594094825,Menengah (Peternakan/Pakan/Protein)
2025-08-11,CPIN.JK,4262.26611328125,4611.08388671875,4574.1609765625,22.413779940273614,Menengah (Peternakan/Pakan/Protein)
2025-08-12,CPIN.JK,4262.26611328125,4593.881909179688,4568.9410546875,14.01272973301927,Menengah (Peternakan/Pakan/Protein)
2025-08-13,CPIN.JK,4281.37939453125,4580.024755859375,4564.1033984375,17.808206713947854,Menengah (Peternakan/Pakan/Protein)
2025-08-14,CPIN.JK,4252.70947265625,4552.549389648438,4557.757783203125,12.499991129624576,Menengah (Peternakan/Pakan/Protein)
2025-08-15,CPIN.JK,4243.15283203125,4528.179931640625,4551.068125,12.676047216023449,Menengah (Peternakan/Pakan/Protein)
2025-08-19,CPIN.JK,4319.60595703125,4507.633129882813,4543.040537109375,23.28765493362411,Menengah (Peternakan/Pakan/Protein)
2025-08-20,CPIN.JK,4310.04931640625,4487.086328125,4536.35087890625,23.61109435595752,Menengah (Peternakan/Pakan/Protein)
2025-08-21,CPIN.JK,4329.16259765625,4463.433618164063,4530.616884765625,21.428555787746504,Menengah (Peternakan/Pakan/Protein)
2025-08-22,CPIN.JK,4319.60595703125,4442.88681640625,4522.9715625,27.272701937181196,Menengah (Peternakan/Pakan/Protein)
2025-08-25,CPIN.JK,4281.37939453125,4418.517358398438,4513.606044921875,21.42855187754384,Menengah (Peternakan/Pakan/Protein)
2025-08-26,CPIN.JK,4233.59619140625,4392.714404296875,4504.62279296875,23.529388192227202,Menengah (Peternakan/Pakan/Protein)
2025-08-27,CPIN.JK,4185.81298828125,4367.3892822265625,4496.595205078125,25.0,Menengah (Peternakan/Pakan/Protein)
2025-08-28,CPIN.JK,4185.81298828125,4343.01982421875,4487.4208203125,30.769230769230774,Menengah (Peternakan/Pakan/Protein)
2025-08-29,CPIN.JK,4080.689697265625,4311.482873535157,4477.481899414062,25.531901015834052,Menengah (Peternakan/Pakan/Protein)
2025-09-01,CPIN.JK,4109.35986328125,4289.024743652344,4469.645444335937,32.608714969127405,Menengah (Peternakan/Pakan/Protein)
2025-09-02,CPIN.JK,4138.02978515625,4266.566613769532,4463.529194335937,36.73470770956874,Menengah (Peternakan/Pakan/Protein)
2025-09-03,CPIN.JK,4233.59619140625,4253.665124511719,4463.9114599609375,45.614039019186905,Menengah (Peternakan/Pakan/Protein)
2025-09-04,CPIN.JK,4319.60595703125,4248.886804199219,4462.573530273437,55.555551049968486,Menengah (Peternakan/Pakan/Protein)
2025-09-08,CPIN.JK,4329.16259765625,4248.886804199219,4461.044467773438,57.14285134995949,Menengah (Peternakan/Pakan/Protein)
2025-09-09,CPIN.JK,4281.37939453125,4247.931140136719,4457.795209960937,46.666669505186405,Menengah (Peternakan/Pakan/Protein)
2025-09-10,CPIN.JK,4290.93603515625,4249.364636230469,4453.7814111328125,48.3333347525932,Menengah (Peternakan/Pakan/Protein)
2025-09-11,CPIN.JK,4472.51220703125,4259.876940917969,4454.163676757813,59.740253277108515,Menengah (Peternakan/Pakan/Protein)
2025-09-12,CPIN.JK,4491.6259765625,4270.389270019531,4455.119350585937,61.53847917422694,Menengah (Peternakan/Pakan/Protein)
2025-09-15,CPIN.JK,4539.4091796875,4284.724255371094,4454.928217773438,67.08861782833932,Menengah (Peternakan/Pakan/Protein)
2025-09-16,CPIN.JK,4596.7490234375,4302.404064941406,4459.324282226563,73.75000159666666,Menengah (Peternakan/Pakan/Protein)
2025-09-17,CPIN.JK,4644.5322265625,4318.650378417969,4461.617875976563,79.99999361333332,Menengah (Peternakan/Pakan/Protein)
2025-09-18,CPIN.JK,4720.9853515625,4339.197180175781,4466.013930664062,81.81817390082551,Menengah (Peternakan/Pakan/Protein)
2025-09-19,CPIN.JK,4850.0,4365.239050292968,4470.123286132813,94.47514280028285,Menengah (Peternakan/Pakan/Protein)
2025-09-22,CPIN.JK,4539.4091796875,4376.229211425782,4468.020825195313,68.75001330556692,Menengah (Peternakan/Pakan/Protein)
2025-09-23,CPIN.JK,4577.6357421875,4391.042028808593,4465.153833007813,69.00827754935895,Menengah (Peternakan/Pakan/Protein)
2025-09-24,CPIN.JK,4472.51220703125,4402.987829589843,4462.286831054687,60.24589305741804,Menengah (Peternakan/Pakan/Protein)
2025-09-25,CPIN.JK,4606.3056640625,4424.012463378906,4462.286831054687,61.811029482464726,Menengah (Peternakan/Pakan/Protein)
2025-09-26,CPIN.JK,4625.4189453125,4445.992761230469,4463.624760742187,62.10938045735722,Menengah (Peternakan/Pakan/Protein)
2025-09-29,CPIN.JK,4587.1923828125,4471.317895507813,4459.324272460937,62.598430106929904,Menengah (Peternakan/Pakan/Protein)
2025-09-30,CPIN.JK,4453.39892578125,4488.519848632813,4453.7814111328125,56.071419708300915,Menengah (Peternakan/Pakan/Protein)
2025-10-01,CPIN.JK,4472.51220703125,4505.243969726563,4448.620815429687,50.0,Menengah (Peternakan/Pakan/Protein)
2025-10-02,CPIN.JK,4472.51220703125,4517.189770507813,4443.651352539063,49.17353365298337,Menengah (Peternakan/Pakan/Protein)
2025-10-03,CPIN.JK,4625.4189453125,4532.480419921875,4440.1153955078125,53.4090856308554,Menengah (Peternakan/Pakan/Protein)
2025-10-06,CPIN.JK,4548.9658203125,4543.4705810546875,4436.483872070313,48.13433120368238,Menengah (Peternakan/Pakan/Protein)
2025-10-07,CPIN.JK,4539.4091796875,4556.3720703125,4431.896684570313,45.76923742043198,Menengah (Peternakan/Pakan/Protein)
2025-10-08,CPIN.JK,4520.2958984375,4567.840063476562,4427.309497070312,41.532272020806516,Menengah (Peternakan/Pakan/Protein)
2025-10-09,CPIN.JK,4644.5322265625,4576.441064453125,4426.353833007813,41.29556096321861,Menengah (Peternakan/Pakan/Protein)
2025-10-10,CPIN.JK,4520.2958984375,4577.874560546875,4423.295708007812,49.038463428006594,Menengah (Peternakan/Pakan/Protein)
2025-10-13,CPIN.JK,4491.6259765625,4575.485400390625,4418.899653320313,45.63107663002501,Menengah (Peternakan/Pakan/Protein)
2025-10-14,CPIN.JK,4453.39892578125,4568.317895507813,4416.797182617188,48.95833555092405,Menengah (Peternakan/Pakan/Protein)
2025-10-15,CPIN.JK,4434.28564453125,4557.80556640625,4413.739047851563,39.2857034240422,Menengah (Peternakan/Pakan/Protein)
2025-10-16,CPIN.JK,4644.5322265625,4553.98291015625,4416.797172851562,50.961536571993406,Menengah (Peternakan/Pakan/Protein)
2025-10-17,CPIN.JK,4749.6552734375,4548.965673828125,4423.486831054687,57.657643558377096,Menengah (Peternakan/Pakan/Protein)
2025-10-20,CPIN.JK,4720.9853515625,4558.044482421875,4431.323286132812,64.00000408746564,Menengah (Peternakan/Pakan/Protein)
2025-10-21,CPIN.JK,4673.2021484375,4562.822802734375,4438.777475585937,60.19418438935294,Menengah (Peternakan/Pakan/Protein)
2025-10-22,CPIN.JK,4945.56640625,4586.475512695312,4452.4434814453125,68.82129026417394,Menengah (Peternakan/Pakan/Protein)
2025-10-23,CPIN.JK,4993.35009765625,4605.827734375,4467.065161132812,65.97510461413086,Menengah (Peternakan/Pakan/Protein)
2025-10-24,CPIN.JK,4921.6748046875,4620.64052734375,4479.871069335937,66.24997232445617,Menengah (Peternakan/Pakan/Protein)
2025-10-27,CPIN.JK,4897.783203125,4636.170068359375,4492.7725439453125,65.43207280733995,Menengah (Peternakan/Pakan/Protein)
2025-10-28,CPIN.JK,4850.0,4656.0001220703125,4504.909487304688,63.85539894234786,Menengah (Peternakan/Pakan/Protein)
2025-10-29,CPIN.JK,4826.1083984375,4673.679931640625,4515.039536132813,58.333318393769844,Menengah (Peternakan/Pakan/Protein)
2025-10-30,CPIN.JK,4577.6357421875,4678.936108398438,4520.391264648438,52.3622009230591,Menengah (Peternakan/Pakan/Protein)
2025-10-31,CPIN.JK,4462.95556640625,4670.812939453125,4523.067124023438,48.89704211102499,Menengah (Peternakan/Pakan/Protein)
2025-11-03,CPIN.JK,4558.5224609375,4671.290771484375,4527.845454101563,53.87325045903019,Menengah (Peternakan/Pakan/Protein)
2025-11-04,CPIN.JK,4520.2958984375,4670.335107421875,4532.623784179687,53.12501219675323,Menengah (Peternakan/Pakan/Protein)
2025-11-05,CPIN.JK,4596.7490234375,4674.157763671875,4539.8868408203125,48.07692610019635,Menengah (Peternakan/Pakan/Protein)
2025-11-06,CPIN.JK,4548.9658203125,4669.379443359375,4547.149897460938,41.532272020806516,Menengah (Peternakan/Pakan/Protein)
2025-11-07,CPIN.JK,4415.17236328125,4664.123266601562,4551.737084960938,38.14815165248986,Menengah (Peternakan/Pakan/Protein)
2025-11-10,CPIN.JK,4462.95556640625,4662.68974609375,4559.38240234375,41.85184834751015,Menengah (Peternakan/Pakan/Protein)
2025-11-11,CPIN.JK,4491.6259765625,4664.601098632813,4567.027724609375,28.31056300568325,Menengah (Peternakan/Pakan/Protein)
2025-11-12,CPIN.JK,4529.8525390625,4669.379443359375,4574.8641796875,27.649798664228626,Menengah (Peternakan/Pakan/Protein)
2025-11-13,CPIN.JK,4548.9658203125,4664.601123046875,4581.171572265625,31.06799873010833,Menengah (Peternakan/Pakan/Protein)
2025-11-14,CPIN.JK,4596.7490234375,4656.955810546875,4586.71443359375,35.071118967479464,Menengah (Peternakan/Pakan/Protein)
2025-11-17,CPIN.JK,4405.61572265625,4641.187329101563,4588.24349609375,30.705413895933347,Menengah (Peternakan/Pakan/Protein)
2025-11-18,CPIN.JK,4491.6259765625,4632.1085205078125,4592.448427734375,36.22050570273369,Menengah (Peternakan/Pakan/Protein)
2025-11-19,CPIN.JK,4539.4091796875,4611.8006591796875,4597.417890625,48.11321300390719,Menengah (Peternakan/Pakan/Protein)
2025-11-20,CPIN.JK,4520.2958984375,4588.14794921875,4598.373564453125,53.12501829511362,Menengah (Peternakan/Pakan/Protein)
2025-11-21,CPIN.JK,4529.8525390625,4568.5568359375,4599.138095703125,48.27586611916597,Menengah (Peternakan/Pakan/Protein)
2025-11-24,CPIN.JK,4520.2958984375,4549.682470703125,4598.755830078125,50.0,Menengah (Peternakan/Pakan/Protein)
2025-11-25,CPIN.JK,4501.1826171875,4532.2416015625,4596.844501953125,43.58976038568865,Menengah (Peternakan/Pakan/Protein)
2025-11-26,CPIN.JK,4548.9658203125,4518.38447265625,4594.933173828125,50.0,Menengah (Peternakan/Pakan/Protein)
2025-11-27,CPIN.JK,4462.95556640625,4512.650463867188,4589.772578125,53.42464794647106,Menengah (Peternakan/Pakan/Protein)
2025-11-28,CPIN.JK,4424.72900390625,4510.7391357421875,4581.267158203125,47.2222301069836,Menengah (Peternakan/Pakan/Protein)
2025-12-01,CPIN.JK,4501.1826171875,4507.872143554688,4580.502626953125,50.649348925847086,Menengah (Peternakan/Pakan/Protein)
2025-12-02,CPIN.JK,4539.4091796875,4508.827807617187,4579.738095703125,50.649348925847086,Menengah (Peternakan/Pakan/Protein)
2025-12-03,CPIN.JK,4568.0791015625,4507.394311523438,4581.64943359375,51.282047922862276,Menengah (Peternakan/Pakan/Protein)
2025-12-04,CPIN.JK,4558.5224609375,4507.872143554688,4580.69376953125,47.29730476161543,Menengah (Peternakan/Pakan/Protein)
2025-12-05,CPIN.JK,4558.5224609375,4515.0396484375,4579.35583984375,64.8148200713224,Menengah (Peternakan/Pakan/Protein)
2025-12-08,CPIN.JK,4587.1923828125,4521.251489257813,4579.35583984375,60.416644490759566,Menengah (Peternakan/Pakan/Protein)
2025-12-09,CPIN.JK,4462.95556640625,4519.81796875,4579.54697265625,42.85711678915363,Menengah (Peternakan/Pakan/Protein)
2025-12-10,CPIN.JK,4405.61572265625,4513.606127929687,4578.20904296875,39.9999829689106,Menengah (Peternakan/Pakan/Protein)
2025-12-11,CPIN.JK,4271.82275390625,4499.748974609375,4574.19525390625,31.506853150181385,Menengah (Peternakan/Pakan/Protein)
2025-12-12,CPIN.JK,4300.49267578125,4484.9361572265625,4567.696728515625,34.66666394169097,Menengah (Peternakan/Pakan/Protein)
2025-12-15,CPIN.JK,4386.50244140625,4483.980493164063,4564.4474609375,42.682909352379916,Menengah (Peternakan/Pakan/Protein)
2025-12-16,CPIN.JK,4357.83251953125,4477.2908203125,4560.815927734375,37.49999201667174,Menengah (Peternakan/Pakan/Protein)
2025-12-17,CPIN.JK,4329.16259765625,4466.778491210937,4556.99326171875,40.540553603115306,Menengah (Peternakan/Pakan/Protein)
2025-12-18,CPIN.JK,4376.94580078125,4459.610986328125,4551.641533203125,46.66667120829592,Menengah (Peternakan/Pakan/Protein)
2025-12-19,CPIN.JK,4434.28564453125,4454.8326416015625,4549.921328125,45.20544781232918,Menengah (Peternakan/Pakan/Protein)
2025-12-22,CPIN.JK,4348.27587890625,4446.231640625,4547.054326171875,37.179462825318986,Menengah (Peternakan/Pakan/Protein)
2025-12-23,CPIN.JK,4329.16259765625,4437.630639648438,4544.569599609375,33.766211360642856,Menengah (Peternakan/Pakan/Protein)
2025-12-24,CPIN.JK,4386.50244140625,4429.507470703125,4543.613935546875,39.024365928201355,Menengah (Peternakan/Pakan/Protein)
2025-12-29,CPIN.JK,4338.71923828125,4423.295654296875,4537.49767578125,36.781587594295154,Menengah (Peternakan/Pakan/Protein)
2025-12-30,CPIN.JK,4310.04931640625,4417.561669921875,4528.705556640625,33.33331375732999,Menengah (Peternakan/Pakan/Protein)
2026-01-02,CPIN.JK,4338.71923828125,4409.438500976563,4521.060234375,41.558441558441565,Menengah (Peternakan/Pakan/Protein)
2026-01-05,CPIN.JK,4367.38916015625,4400.8375,4514.943974609375,47.2972972972973,Menengah (Peternakan/Pakan/Protein)
2026-01-06,CPIN.JK,4376.94580078125,4391.280834960938,4503.5715625,59.01639344262295,Menengah (Peternakan/Pakan/Protein)
2026-01-07,CPIN.JK,4348.27587890625,4380.768505859375,4490.670078125,54.09836065573771,Menengah (Peternakan/Pakan/Protein)
2026-01-08,CPIN.JK,4300.49267578125,4367.867016601563,4478.246435546875,42.10526315789474,Menengah (Peternakan/Pakan/Protein)
2026-01-09,CPIN.JK,4290.93603515625,4353.05419921875,4466.1094921875,43.63636363636363,Menengah (Peternakan/Pakan/Protein)
2026-01-12,CPIN.JK,4281.37939453125,4343.975390625,4454.737080078125,45.283018867924525,Menengah (Peternakan/Pakan/Protein)
2026-01-13,CPIN.JK,4319.60595703125,4339.67490234375,4444.60703125,44.23076923076923,Menengah (Peternakan/Pakan/Protein)
2026-01-14,CPIN.JK,4348.27587890625,4343.49755859375,4440.019833984375,40.816326530612244,Menengah (Peternakan/Pakan/Protein)
2026-01-15,CPIN.JK,4367.38916015625,4346.8423828125,4438.108505859375,52.38095238095238,Menengah (Peternakan/Pakan/Protein)
2026-01-19,CPIN.JK,4233.59619140625,4339.1970703125,4431.60998046875,40.74074074074074,Menengah (Peternakan/Pakan/Protein)
2026-01-20,CPIN.JK,4224.03955078125,4332.507421875,4425.684853515625,32.65306122448979,Menengah (Peternakan/Pakan/Protein)
2026-01-21,CPIN.JK,4252.70947265625,4328.684765625,4418.8040625,40.42553191489362,Menengah (Peternakan/Pakan/Protein)
2026-01-22,CPIN.JK,4300.49267578125,4324.862109375,4413.834599609375,48.97959183673469,Menengah (Peternakan/Pakan/Protein)
2026-01-23,CPIN.JK,4166.69970703125,4311.4828125,4408.865146484375,35.0,Menengah (Peternakan/Pakan/Protein)
2026-01-26,CPIN.JK,4195.36962890625,4303.8375,4403.513427734375,35.0,Menengah (Peternakan/Pakan/Protein)
2026-01-27,CPIN.JK,4166.69970703125,4295.71435546875,4397.01490234375,32.25806451612904,Menengah (Peternakan/Pakan/Protein)
2026-01-28,CPIN.JK,4166.69970703125,4284.72421875,4389.751845703125,33.89830508474576,Menengah (Peternakan/Pakan/Protein)
2026-01-29,CPIN.JK,4118.91650390625,4273.73408203125,4381.150859375,33.89830508474576,Menengah (Peternakan/Pakan/Protein)
2026-01-30,CPIN.JK,4233.59619140625,4269.91142578125,4373.887802734375,45.714285714285715,Menengah (Peternakan/Pakan/Protein)
2026-02-02,CPIN.JK,4243.15283203125,4265.13310546875,4370.638544921875,47.142857142857146,Menengah (Peternakan/Pakan/Protein)
2026-02-03,CPIN.JK,4329.16259765625,4263.22177734375,4367.38927734375,50.66666666666667,Menengah (Peternakan/Pakan/Protein)
2026-02-04,CPIN.JK,4252.70947265625,4257.0099609375,4361.655283203125,43.75,Menengah (Peternakan/Pakan/Protein)
2026-02-05,CPIN.JK,4319.60595703125,4255.57646484375,4357.641484375,47.05882352941176,Menengah (Peternakan/Pakan/Protein)
2026-02-06,CPIN.JK,4290.93603515625,4255.0986328125,4352.863154296875,54.054054054054056,Menengah (Peternakan/Pakan/Protein)
2026-02-09,CPIN.JK,4329.16259765625,4257.0099609375,4349.04048828125,57.14285714285714,Menengah (Peternakan/Pakan/Protein)
2026-02-10,CPIN.JK,4252.70947265625,4255.57646484375,4344.071025390625,50.0,Menengah (Peternakan/Pakan/Protein)
2026-02-11,CPIN.JK,4281.37939453125,4253.66513671875,4338.719296875,48.75,Menengah (Peternakan/Pakan/Protein)
2026-02-12,CPIN.JK,4214.48291015625,4246.97548828125,4333.74984375,53.42465753424657,Menengah (Peternakan/Pakan/Protein)
2026-02-13,CPIN.JK,4109.35986328125,4234.0740234375,4327.4424609375,44.44444444444444,Menengah (Peternakan/Pakan/Protein)
2026-02-18,CPIN.JK,4080.689697265625,4226.428698730469,4319.032602539062,44.44443042705552,Menengah (Peternakan/Pakan/Protein)
2026-02-19,CPIN.JK,4080.689697265625,4219.261206054687,4309.858212890625,44.44443042705552,Menengah (Peternakan/Pakan/Protein)
2026-02-20,CPIN.JK,4138.02978515625,4213.5272216796875,4301.2572265625,51.21951143525629,Menengah (Peternakan/Pakan/Protein)
2026-02-23,CPIN.JK,4233.59619140625,4210.182397460938,4294.758701171875,50.0,Menengah (Peternakan/Pakan/Protein)
2026-02-24,CPIN.JK,4166.69970703125,4210.182397460938,4286.92224609375,45.3488399725997,Menengah (Peternakan/Pakan/Protein)
2026-02-25,CPIN.JK,4147.58642578125,4207.793237304688,4278.130126953125,37.97469132169483,Menengah (Peternakan/Pakan/Protein)
2026-02-26,CPIN.JK,4214.48291015625,4210.182397460938,4273.160673828125,47.43589911549524,Menengah (Peternakan/Pakan/Protein)
2026-02-27,CPIN.JK,4061.576416015625,4204.926232910157,4266.279887695313,34.482757608138044,Menengah (Peternakan/Pakan/Protein)
2026-03-02,CPIN.JK,3765.3203125,4187.246423339844,4256.149838867187,26.086955555891237,Menengah (Peternakan/Pakan/Protein)
2026-03-03,CPIN.JK,3822.66015625,4166.699621582031,4246.593188476562,27.35042529758603,Menengah (Peternakan/Pakan/Protein)
2026-03-04,CPIN.JK,3507.290771484375,4129.906518554688,4229.008955078125,22.535208987104866,Menengah (Peternakan/Pakan/Protein)
2026-03-05,CPIN.JK,3516.847412109375,4089.2907592773436,4212.189252929687,21.428570125169585,Menengah (Peternakan/Pakan/Protein)
2026-03-06,CPIN.JK,3459.507568359375,4049.6306640625,4194.79615234375,21.582732358504032,Menengah (Peternakan/Pakan/Protein)
2026-03-09,CPIN.JK,3354.38427734375,4001.369580078125,4174.344921875,21.582728391835218,Menengah (Peternakan/Pakan/Protein)
2026-03-10,CPIN.JK,3344.82763671875,3954.06416015625,4152.55576171875,21.897808449534963,Menengah (Peternakan/Pakan/Protein)
2026-03-11,CPIN.JK,3469.064208984375,3911.0592407226563,4134.971528320312,28.666671435379016,Menengah (Peternakan/Pakan/Protein)
2026-03-12,CPIN.JK,3516.847412109375,3874.2661376953124,4118.725224609375,28.187912443820878,Menengah (Peternakan/Pakan/Protein)
2026-03-13,CPIN.JK,3440.394287109375,3832.2168823242187,4099.8030615234375,21.768705946102074,Menengah (Peternakan/Pakan/Protein)
2026-03-16,CPIN.JK,3793.990234375,3811.192248535156,4088.9084814453126,38.98304595486407,Menengah (Peternakan/Pakan/Protein)
2026-03-17,CPIN.JK,3793.990234375,3795.4237670898438,4078.5872998046875,39.4285660898373,Menengah (Peternakan/Pakan/Protein)
2026-03-25,CPIN.JK,3956.453369140625,3789.211950683594,4070.941982421875,42.70270285198933,Menengah (Peternakan/Pakan/Protein)
2026-03-26,CPIN.JK,3851.330078125,3777.7439697265627,4060.62080078125,43.88888786386802,Menengah (Peternakan/Pakan/Protein)
2026-03-27,CPIN.JK,3918.226806640625,3766.7538208007813,4051.4464208984373,55.12820743765097,Menengah (Peternakan/Pakan/Protein)
2026-03-30,CPIN.JK,3832.216796875,3746.684851074219,4041.1252392578126,50.31446500460161,Menengah (Peternakan/Pakan/Protein)
2026-03-31,CPIN.JK,3918.226806640625,3734.2612060546876,4033.479921875,65.92592073949824,Menengah (Peternakan/Pakan/Protein)
2026-04-01,CPIN.JK,3966.010009765625,3725.1823852539064,4026.9814013671876,66.9064683412534,Menengah (Peternakan/Pakan/Protein)
2026-04-02,CPIN.JK,4061.576416015625,3717.537060546875,4022.585341796875,72.02795841074746,Menengah (Peternakan/Pakan/Protein)
2026-04-06,CPIN.JK,3966.010009765625,3712.758740234375,4015.5134228515626,72.53520987396678,Menengah (Peternakan/Pakan/Protein)
2026-04-07,CPIN.JK,4042.463134765625,3726.6158813476563,4009.39716796875,74.49664061306518,Menengah (Peternakan/Pakan/Protein)
2026-04-08,CPIN.JK,4290.93603515625,3750.029675292969,4007.86810546875,76.54320423065491,Menengah (Peternakan/Pakan/Protein)
2026-04-09,CPIN.JK,4204.92626953125,3784.9114501953127,4007.29470703125,71.6867467098272,Menengah (Peternakan/Pakan/Protein)
2026-04-10,CPIN.JK,4204.92626953125,3819.315393066406,4006.91244140625,75.3164512958387,Menengah (Peternakan/Pakan/Protein)
2026-04-13,CPIN.JK,4118.91650390625,3852.28583984375,4004.23658203125,63.076927309507326,Menengah (Peternakan/Pakan/Protein)
2026-04-14,CPIN.JK,4138.02978515625,3891.468115234375,4000.98732421875,63.63636715518866,Menengah (Peternakan/Pakan/Protein)
2026-04-15,CPIN.JK,4204.92626953125,3934.473046875,4001.75185546875,60.65573701836408,Menengah (Peternakan/Pakan/Protein)
2026-04-16,CPIN.JK,4271.82275390625,3974.610974121094,4003.28091796875,68.64407330077792,Menengah (Peternakan/Pakan/Protein)
2026-04-17,CPIN.JK,4329.16259765625,4015.2267333984373,4006.53017578125,68.37606725633651,Menengah (Peternakan/Pakan/Protein)
2026-04-20,CPIN.JK,4281.37939453125,4057.275988769531,4008.82376953125,70.79647338148169,Menengah (Peternakan/Pakan/Protein)
2026-04-21,CPIN.JK,4300.49267578125,4082.601110839844,4012.45529296875,68.86793203133567,Menengah (Peternakan/Pakan/Protein)
2026-04-22,CPIN.JK,4195.36962890625,4102.670080566406,4011.69076171875,60.714294675179495,Menengah (Peternakan/Pakan/Protein)
2026-04-23,CPIN.JK,4099.80322265625,4109.837573242187,4008.82376953125,51.78572528317483,Menengah (Peternakan/Pakan/Protein)
2026-04-24,CPIN.JK,3956.453369140625,4115.093737792969,4001.3695849609376,49.57264975927159,Menengah (Peternakan/Pakan/Protein)
2026-04-27,CPIN.JK,3889.556640625,4113.660229492188,3994.1065283203125,43.103441820844196,Menengah (Peternakan/Pakan/Protein)
2026-04-28,CPIN.JK,3908.670166015625,4117.482897949219,3985.8878125,28.260873790802137,Menengah (Peternakan/Pakan/Protein)
2026-04-29,CPIN.JK,3927.783447265625,4117.960729980468,3978.6247607421874,32.94117682417544,Menengah (Peternakan/Pakan/Protein)
2026-04-30,CPIN.JK,3832.216796875,4111.271069335938,3968.6858447265627,29.473679398410837,Menengah (Peternakan/Pakan/Protein)
2026-05-04,CPIN.JK,3908.670166015625,4103.625756835938,3961.80505859375,38.297874653387474,Menengah (Peternakan/Pakan/Protein)
2026-05-05,CPIN.JK,3908.670166015625,4100.758764648437,3954.3508740234374,36.95652596471283,Menengah (Peternakan/Pakan/Protein)
2026-05-06,CPIN.JK,3860.88671875,4091.6799438476564,3947.2789501953125,30.000005677034636,Menengah (Peternakan/Pakan/Protein)
2026-05-07,CPIN.JK,4032.906494140625,4078.778466796875,3945.7498828125,37.623771642252755,Menengah (Peternakan/Pakan/Protein)
2026-05-08,CPIN.JK,3870.443359375,4062.0543212890625,3941.5449560546876,28.571444863936705,Menengah (Peternakan/Pakan/Protein)
2026-05-11,CPIN.JK,3851.330078125,4044.37451171875,3936.957763671875,29.357813431632465,Menengah (Peternakan/Pakan/Protein)
2026-05-12,CPIN.JK,3803.546875,4028.6060302734377,3930.26810546875,26.785733836724035,Menengah (Peternakan/Pakan/Protein)
2026-05-13,CPIN.JK,3975.566650390625,4020.482873535156,3925.1075146484377,40.33614239144552,Menengah (Peternakan/Pakan/Protein)
2026-05-14,CPIN.JK,3975.566650390625,4009.014892578125,3921.284853515625,44.03669810779044,Menengah (Peternakan/Pakan/Protein)
2026-05-15,CPIN.JK,3975.566650390625,3994.2020874023438,3917.8444580078126,51.063827474273985,Menengah (Peternakan/Pakan/Protein)
2026-05-18,CPIN.JK,4013.793212890625,3978.4336181640624,3913.8306640625,57.14285714285714,Menengah (Peternakan/Pakan/Protein)
2026-05-19,CPIN.JK,3880.0,3958.3646484375,3910.1991357421875,48.54367944751762,Menengah (Peternakan/Pakan/Protein)
2026-05-20,CPIN.JK,3985.123291015625,3942.5961791992186,3914.5951953125,52.67856654081899,Menengah (Peternakan/Pakan/Protein)
2026-05-21,CPIN.JK,4080.689697265625,3936.8621826171875,3919.7557861328123,61.607135729168924,Menengah (Peternakan/Pakan/Protein)
2026-05-22,CPIN.JK,4157.14306640625,3939.7291748046873,3932.75283203125,61.607135729168924,Menengah (Peternakan/Pakan/Protein)
2026-05-25,CPIN.JK,4204.92626953125,3952.1528198242186,3946.5144091796874,63.24785391677248,Menengah (Peternakan/Pakan/Protein)
2026-05-26,CPIN.JK,4281.37939453125,3971.7439575195312,3962.951845703125,68.33333120444445,Menengah (Peternakan/Pakan/Protein)
2026-05-27,CPIN.JK,4281.37939453125,3990.3794189453124,3981.491748046875,62.74509460156341,Menengah (Peternakan/Pakan/Protein)
2026-05-28,CPIN.JK,4281.37939453125,4008.059216308594,4000.222783203125,75.29411729347171,Menengah (Peternakan/Pakan/Protein)
2026-05-29,CPIN.JK,4080.689697265625,4020.482861328125,4012.45529296875,61.538459648915094,Menengah (Peternakan/Pakan/Protein)
2026-06-02,CPIN.JK,3880.0,4019.049353027344,4019.7183447265625,53.33332907555555,Menengah (Peternakan/Pakan/Protein)
2026-06-03,CPIN.JK,3860.0,4016.6158447265625,4028.110458984375,44.191337925834915,Menengah (Peternakan/Pakan/Protein)
2026-06-04,CPIN.JK,3420.0,3994.5715087890626,4020.630654296875,30.63928942922344,Menengah (Peternakan/Pakan/Protein)
2026-06-05,CPIN.JK,3380.0,3961.9261840820313,4012.350849609375,29.80826868705296,Menengah (Peternakan/Pakan/Protein)
2026-06-08,CPIN.JK,3150.0,3925.904016113281,3996.2217822265625,24.084420651791916,Menengah (Peternakan/Pakan/Protein)
2026-06-09,CPIN.JK,3300.0,3898.337512207031,3985.1951806640627,32.76639516697665,Menengah (Peternakan/Pakan/Protein)
2026-06-10,CPIN.JK,3240.0,3870.1601684570314,3971.63064453125,27.250026275557175,Menengah (Peternakan/Pakan/Protein)
2026-06-11,CPIN.JK,3260.0,3834.3818359375,3960.18630859375,23.73068510300105,Menengah (Peternakan/Pakan/Protein)
2026-06-12,CPIN.JK,3300.0,3800.6035034179686,3947.8217724609376,21.908290741987187,Menengah (Peternakan/Pakan/Protein)
2026-06-15,CPIN.JK,3410.0,3772.3251708984376,3936.701572265625,24.96819533064094,Menengah (Peternakan/Pakan/Protein)
2026-06-17,CPIN.JK,3350.0,3739.1355102539064,3922.4700439453127,20.364273651141872,Menengah (Peternakan/Pakan/Protein)
2026-06-18,CPIN.JK,3340.0,3712.1355102539064,3909.94984375,20.235498268576706,Menengah (Peternakan/Pakan/Protein)
2026-06-19,CPIN.JK,3320.0,3678.879345703125,3895.5005810546877,19.982772420627356,Menengah (Peternakan/Pakan/Protein)
2026-06-22,CPIN.JK,3170.0,3633.344860839844,3873.0818603515627,20.635978981756637,Menengah (Peternakan/Pakan/Protein)
2026-06-23,CPIN.JK,3150.0,3582.9877075195313,3851.9833349609376,23.357664233576642,Menengah (Peternakan/Pakan/Protein)
2026-06-24,CPIN.JK,3120.0,3528.7413940429688,3830.2848095703125,23.18840579710144,Menengah (Peternakan/Pakan/Protein)
2026-06-25,CPIN.JK,3210.0,3475.1724243164062,3812.1064794921876,39.80582524271844,Menengah (Peternakan/Pakan/Protein)
2026-06-26,CPIN.JK,3160.0,3419.1034545898438,3792.5458837890624,39.42307692307692,Menengah (Peternakan/Pakan/Protein)
2026-06-29,CPIN.JK,3100.0,3360.0344848632812,3770.4473583984377,47.12643678160919,Menengah (Peternakan/Pakan/Protein)
2026-06-30,CPIN.JK,3400.0,3326.0,3753.0109033203125,54.90196078431373,Menengah (Peternakan/Pakan/Protein)
2026-07-01,CPIN.JK,3170.0,3290.5,3729.8276513671876,47.05882352941176,Menengah (Peternakan/Pakan/Protein)
2026-07-02,CPIN.JK,3110.0,3253.0,3706.4000634765625,43.90243902439024,Menengah (Peternakan/Pakan/Protein)
2026-07-03,CPIN.JK,3080.0,3236.0,3681.9902099609376,40.98360655737705,Menengah (Peternakan/Pakan/Protein)
2026-07-06,CPIN.JK,3070.0,3220.5,3659.4828173828123,34.82142857142857,Menengah (Peternakan/Pakan/Protein)
2026-07-07,CPIN.JK,3180.0,3222.0,3641.0867529296875,42.73504273504273,Menengah (Peternakan/Pakan/Protein)
2026-07-08,CPIN.JK,3060.0,3210.0,3623.157685546875,39.0625,Menengah (Peternakan/Pakan/Protein)
2026-07-09,CPIN.JK,3070.0,3201.5,3606.766552734375,40.15748031496063,Menengah (Peternakan/Pakan/Protein)
2026-07-10,CPIN.JK,3120.0,3194.5,3590.9931494140624,47.863247863247864,Menengah (Peternakan/Pakan/Protein)
2026-07-13,CPIN.JK,3120.0,3185.5,3574.83748046875,48.69565217391304,Menengah (Peternakan/Pakan/Protein)
2026-07-14,CPIN.JK,3100.0,3170.0,3560.19314453125,49.122807017543856,Menengah (Peternakan/Pakan/Protein)
2026-07-15,CPIN.JK,3070.0,3156.0,3543.4197412109374,43.51851851851852,Menengah (Peternakan/Pakan/Protein)
2026-07-16,CPIN.JK,3110.0,3144.5,3527.446337890625,47.663551401869164,Menengah (Peternakan/Pakan/Protein)
2026-07-17,CPIN.JK,3120.0,3134.5,3512.628603515625,50.98039215686275,Menengah (Peternakan/Pakan/Protein)
2026-07-20,CPIN.JK,3110.0,3131.5,3494.1704736328124,30.13698630136986,Menengah (Peternakan/Pakan/Protein)
2023-01-02,JPFA.JK,1113.41796875,,,,Menengah (Peternakan/Pakan/Protein)
2023-01-03,JPFA.JK,1130.0361328125,,,,Menengah (Peternakan/Pakan/Protein)
2023-01-04,JPFA.JK,1138.3453369140625,,,,Menengah (Peternakan/Pakan/Protein)
2023-01-05,JPFA.JK,1125.881591796875,,,,Menengah (Peternakan/Pakan/Protein)
2023-01-06,JPFA.JK,1146.654296875,,,,Menengah (Peternakan/Pakan/Protein)
2023-01-09,JPFA.JK,1142.4998779296875,,,,Menengah (Peternakan/Pakan/Protein)
2023-01-10,JPFA.JK,1130.0361328125,,,,Menengah (Peternakan/Pakan/Protein)
2023-01-11,JPFA.JK,1130.0361328125,,,,Menengah (Peternakan/Pakan/Protein)
2023-01-12,JPFA.JK,1092.6453857421875,,,,Menengah (Peternakan/Pakan/Protein)
2023-01-13,JPFA.JK,1105.10888671875,,,,Menengah (Peternakan/Pakan/Protein)
2023-01-16,JPFA.JK,1092.6453857421875,,,,Menengah (Peternakan/Pakan/Protein)
2023-01-17,JPFA.JK,1092.6453857421875,,,,Menengah (Peternakan/Pakan/Protein)
2023-01-18,JPFA.JK,1071.87255859375,,,,Menengah (Peternakan/Pakan/Protein)
2023-01-19,JPFA.JK,1076.027099609375,,,38.46153846153846,Menengah (Peternakan/Pakan/Protein)
2023-01-20,JPFA.JK,1088.49072265625,,,42.857142857142854,Menengah (Peternakan/Pakan/Protein)
2023-01-24,JPFA.JK,1092.6453857421875,,,38.46158482423697,Menengah (Peternakan/Pakan/Protein)
2023-01-25,JPFA.JK,1092.6453857421875,,,35.13513513513513,Menengah (Peternakan/Pakan/Protein)
2023-01-26,JPFA.JK,1117.572509765625,,,47.49999632719681,Menengah (Peternakan/Pakan/Protein)
2023-01-27,JPFA.JK,1113.41796875,,,38.888870751586246,Menengah (Peternakan/Pakan/Protein)
2023-01-30,JPFA.JK,1117.572509765625,1110.509832763672,,41.66661905628609,Menengah (Peternakan/Pakan/Protein)
2023-01-31,JPFA.JK,1121.7271728515625,1110.92529296875,,47.0588641971041,Menengah (Peternakan/Pakan/Protein)
2023-02-01,JPFA.JK,1113.41796875,1110.094384765625,,44.44444444444444,Menengah (Peternakan/Pakan/Protein)
2023-02-02,JPFA.JK,1125.881591796875,1109.4711975097657,,63.33327130392029,Menengah (Peternakan/Pakan/Protein)
2023-02-03,JPFA.JK,1134.1907958984375,1109.8866577148438,,62.06897949217266,Menengah (Peternakan/Pakan/Protein)
2023-02-06,JPFA.JK,1138.3453369140625,1109.471209716797,,70.37028169964371,Menengah (Peternakan/Pakan/Protein)
2023-02-07,JPFA.JK,1134.1907958984375,1109.0557556152344,,67.85706790240053,Menengah (Peternakan/Pakan/Protein)
2023-02-08,JPFA.JK,1142.4998779296875,1109.6789428710938,,83.99993888486026,Menengah (Peternakan/Pakan/Protein)
2023-02-09,JPFA.JK,1117.572509765625,1109.05576171875,,66.66660137273952,Menengah (Peternakan/Pakan/Protein)
2023-02-10,JPFA.JK,1130.0361328125,1110.9252990722657,,66.66660137273952,Menengah (Peternakan/Pakan/Protein)
2023-02-13,JPFA.JK,1117.572509765625,1111.5484802246094,,59.374928265865755,Menengah (Peternakan/Pakan/Protein)
2023-02-14,JPFA.JK,1117.572509765625,1112.7948364257813,,59.374928265865755,Menengah (Peternakan/Pakan/Protein)
2023-02-15,JPFA.JK,1096.7999267578125,1113.0025634765625,,41.93555419280665,Menengah (Peternakan/Pakan/Protein)
2023-02-16,JPFA.JK,1092.6453857421875,1114.0412048339845,,41.93555419280665,Menengah (Peternakan/Pakan/Protein)
2023-02-17,JPFA.JK,1096.7999267578125,1115.0798461914062,,41.93555419280665,Menengah (Peternakan/Pakan/Protein)
2023-02-20,JPFA.JK,1105.10888671875,1115.9107543945313,,43.74995982881105,Menengah (Peternakan/Pakan/Protein)
2023-02-21,JPFA.JK,1096.7999267578125,1116.1184814453125,,43.75004017126272,Menengah (Peternakan/Pakan/Protein)
2023-02-22,JPFA.JK,1100.9544677734375,1116.533935546875,,40.000039176548135,Menengah (Peternakan/Pakan/Protein)
2023-02-23,JPFA.JK,1109.263427734375,1116.1184814453125,,39.999921646750245,Menengah (Peternakan/Pakan/Protein)
2023-02-24,JPFA.JK,1088.49072265625,1114.872119140625,,32.352852215739844,Menengah (Peternakan/Pakan/Protein)
2023-02-27,JPFA.JK,1088.49072265625,1113.4180297851562,,33.33324429557331,Menengah (Peternakan/Pakan/Protein)
2023-02-28,JPFA.JK,1117.572509765625,1113.2102966308594,,42.10520618361403,Menengah (Peternakan/Pakan/Protein)
2023-03-01,JPFA.JK,1100.9544677734375,1112.5871215820312,,44.4444625817915,Menengah (Peternakan/Pakan/Protein)
2023-03-02,JPFA.JK,1071.87255859375,1109.886669921875,,32.499948580679856,Menengah (Peternakan/Pakan/Protein)
2023-03-03,JPFA.JK,1063.5633544921875,1106.3552978515625,,33.333257993721205,Menengah (Peternakan/Pakan/Protein)
2023-03-06,JPFA.JK,1038.63623046875,1101.3698425292969,,28.888833751434845,Menengah (Peternakan/Pakan/Protein)
2023-03-07,JPFA.JK,1042.790771484375,1096.7998413085938,,34.14627154682809,Menengah (Peternakan/Pakan/Protein)
2023-03-08,JPFA.JK,1013.7089233398438,1090.3602935791016,,29.787155565266346,Menengah (Peternakan/Pakan/Protein)
2023-03-09,JPFA.JK,1013.7089233398438,1085.1671142578125,,28.260786944492438,Menengah (Peternakan/Pakan/Protein)
2023-03-10,JPFA.JK,1022.0179443359375,1079.7662048339844,,28.260809856141123,Menengah (Peternakan/Pakan/Protein)
2023-03-13,JPFA.JK,984.6270751953125,1073.1189331054688,1098.9602001953126,24.52823232718022,Menengah (Peternakan/Pakan/Protein)
2023-03-14,JPFA.JK,984.6270751953125,1066.471661376953,1096.3843823242187,23.076851359529257,Menengah (Peternakan/Pakan/Protein)
2023-03-15,JPFA.JK,959.699951171875,1059.6166625976562,1092.9776586914063,17.857125992246196,Menengah (Peternakan/Pakan/Protein)
2023-03-16,JPFA.JK,897.3816528320312,1049.8534759521485,1088.1583850097657,15.151489519506896,Menengah (Peternakan/Pakan/Protein)
2023-03-17,JPFA.JK,934.7725219726562,1041.7521057128906,1084.3362036132812,25.333308782725354,Menengah (Peternakan/Pakan/Protein)
2023-03-20,JPFA.JK,922.3088989257812,1032.6121063232422,1079.8492956542968,16.901384261681926,Menengah (Peternakan/Pakan/Protein)
2023-03-21,JPFA.JK,909.8453979492188,1023.2643798828125,1075.1962060546875,17.142832557603626,Menengah (Peternakan/Pakan/Protein)
2023-03-24,JPFA.JK,943.0816650390625,1015.3707397460937,1071.4571166992187,28.168984358220214,Menengah (Peternakan/Pakan/Protein)
2023-03-27,JPFA.JK,963.8543701171875,1008.1002868652344,1068.1334814453126,33.783770906177224,Menengah (Peternakan/Pakan/Protein)
2023-03-28,JPFA.JK,972.1634521484375,1002.2839233398438,1065.7238427734376,38.57140278687815,Menengah (Peternakan/Pakan/Protein)
2023-03-29,JPFA.JK,959.699951171875,995.844384765625,1062.8156640625,36.11109977530621,Menengah (Peternakan/Pakan/Protein)
2023-03-30,JPFA.JK,955.5452880859375,987.7430236816406,1060.073662109375,39.39392118170679,Menengah (Peternakan/Pakan/Protein)
2023-03-31,JPFA.JK,934.7725219726562,979.4339263916015,1056.9162048339845,36.61969208078255,Menengah (Peternakan/Pakan/Protein)
2023-04-03,JPFA.JK,934.7725219726562,972.5789245605469,1054.1742041015625,34.78259480983526,Menengah (Peternakan/Pakan/Protein)
2023-04-04,JPFA.JK,930.6180419921875,965.9316589355469,1051.2660229492187,39.34425716244082,Menengah (Peternakan/Pakan/Protein)
2023-04-05,JPFA.JK,918.154296875,959.9075622558594,1047.8592944335937,37.49997704501381,Menengah (Peternakan/Pakan/Protein)
2023-04-06,JPFA.JK,918.154296875,953.6757385253907,1044.36947265625,41.379264052750464,Menengah (Peternakan/Pakan/Protein)
2023-04-10,JPFA.JK,934.7725219726562,949.7289184570312,1041.2120153808594,59.57446808510638,Menengah (Peternakan/Pakan/Protein)
2023-04-11,JPFA.JK,922.3088989257812,945.1589172363281,1037.3067431640625,46.34146341463415,Menengah (Peternakan/Pakan/Protein)
2023-04-12,JPFA.JK,913.9999389648438,939.7580169677734,1033.3183825683593,47.50003489160464,Menengah (Peternakan/Pakan/Protein)
2023-04-13,JPFA.JK,905.6907958984375,935.8112030029297,1029.0807482910157,48.71793036604031,Menengah (Peternakan/Pakan/Protein)
2023-04-14,JPFA.JK,909.8453979492188,932.072119140625,1024.8431127929687,37.500040171170504,Menengah (Peternakan/Pakan/Protein)
2023-04-17,JPFA.JK,931.6119384765625,930.6677185058594,1021.2069921875,37.96379249219171,Menengah (Peternakan/Pakan/Protein)
2023-04-18,JPFA.JK,927.2586059570312,932.1615661621094,1017.2345324707031,32.72672376835453,Menengah (Peternakan/Pakan/Protein)
2023-04-26,JPFA.JK,935.9652709960938,932.2212036132812,1013.2700219726562,40.598394951112105,Menengah (Peternakan/Pakan/Protein)
2023-04-27,JPFA.JK,922.9053344726562,932.251025390625,1008.9612219238281,37.9229386771382,Menengah (Peternakan/Pakan/Protein)
2023-04-28,JPFA.JK,905.491943359375,932.0333526611328,1004.3872448730468,38.889735488750844,Menengah (Peternakan/Pakan/Protein)
2023-05-02,JPFA.JK,909.8453369140625,930.3715362548828,999.7341540527344,40.84407895120319,Menengah (Peternakan/Pakan/Protein)
2023-05-03,JPFA.JK,935.9652709960938,928.9770812988281,996.1020092773438,51.69118177911806,Menengah (Peternakan/Pakan/Protein)
2023-05-04,JPFA.JK,966.4385375976562,928.6908355712891,992.8300573730469,63.709245577229474,Menengah (Peternakan/Pakan/Protein)
2023-05-05,JPFA.JK,944.6719360351562,927.9394348144531,989.3720458984375,56.70085379918893,Menengah (Peternakan/Pakan/Protein)
2023-05-08,JPFA.JK,922.9053344726562,926.3074371337891,985.4787023925782,47.07727764960403,Menengah (Peternakan/Pakan/Protein)
2023-05-09,JPFA.JK,922.9053344726562,925.714077758789,982.000810546875,50.156501740865664,Menengah (Peternakan/Pakan/Protein)
2023-05-10,JPFA.JK,927.2586059570312,925.3383819580079,978.6930749511719,53.55276069606175,Menengah (Peternakan/Pakan/Protein)
2023-05-11,JPFA.JK,949.0252685546875,926.2587432861328,975.7375817871093,60.830683091252126,Menengah (Peternakan/Pakan/Protein)
2023-05-12,JPFA.JK,966.4385375976562,928.6729553222656,972.9641748046874,63.26528977217777,Menengah (Peternakan/Pakan/Protein)
2023-05-15,JPFA.JK,1023.0317993164062,933.9168304443359,971.4888122558593,68.42105522074795,Menengah (Peternakan/Pakan/Protein)
2023-05-16,JPFA.JK,1014.3250732421875,937.8944580078125,969.7562243652344,67.24136388963086,Menengah (Peternakan/Pakan/Protein)
2023-05-17,JPFA.JK,1023.0317993164062,942.9306030273438,968.031591796875,67.24137180837769,Menengah (Peternakan/Pakan/Protein)
2023-05-19,JPFA.JK,1018.6784057617188,948.1645263671875,966.6353454589844,69.64281690592205,Menengah (Peternakan/Pakan/Protein)
2023-05-22,JPFA.JK,1057.8583984375,955.7729064941407,966.0226989746094,78.6885098953715,Menengah (Peternakan/Pakan/Protein)
2023-05-23,JPFA.JK,1036.091796875,962.0852264404297,964.3930847167969,72.30768401163041,Menengah (Peternakan/Pakan/Protein)
2023-05-24,JPFA.JK,1053.505126953125,968.1798858642578,963.4440979003906,71.42856824935556,Menengah (Peternakan/Pakan/Protein)
2023-05-25,JPFA.JK,1075.271728515625,975.5805419921875,963.5120812988281,70.49179913400252,Menengah (Peternakan/Pakan/Protein)
2023-05-26,JPFA.JK,1110.0982666015625,984.2871917724609,964.4427795410156,79.68747775091762,Menengah (Peternakan/Pakan/Protein)
2023-05-29,JPFA.JK,1101.391845703125,993.2115173339844,965.6978918457031,83.6065961864174,Menengah (Peternakan/Pakan/Protein)
2023-05-30,JPFA.JK,1031.7384033203125,999.5238403320312,965.4768444824218,66.23374755258493,Menengah (Peternakan/Pakan/Protein)
2023-05-31,JPFA.JK,1040.4451904296875,1006.0538330078125,966.0115698242188,66.66666666666666,Menengah (Peternakan/Pakan/Protein)
2023-06-05,JPFA.JK,1027.3851318359375,1010.6248260498047,966.2850939941407,61.842091184567,Menengah (Peternakan/Pakan/Protein)
2023-06-06,JPFA.JK,1023.0317993164062,1013.4544891357422,966.30537109375,58.90410169619131,Menengah (Peternakan/Pakan/Protein)
2023-06-07,JPFA.JK,1053.505126953125,1018.8961486816406,967.6829321289063,55.223880597014926,Menengah (Peternakan/Pakan/Protein)
2023-06-08,JPFA.JK,1049.15185546875,1025.2084747314452,968.973427734375,56.06062987843944,Menengah (Peternakan/Pakan/Protein)
2023-06-09,JPFA.JK,1062.2117919921875,1032.1737976074219,971.0236645507813,56.71642353232662,Menengah (Peternakan/Pakan/Protein)
2023-06-12,JPFA.JK,1092.68505859375,1040.445120239258,974.9297326660156,61.643849034295876,Menengah (Peternakan/Pakan/Protein)
2023-06-13,JPFA.JK,1066.5650634765625,1046.3221099853515,977.5655834960937,51.42857314534852,Menengah (Peternakan/Pakan/Protein)
2023-06-14,JPFA.JK,1066.5650634765625,1051.328436279297,980.4507067871094,55.384610406978254,Menengah (Peternakan/Pakan/Protein)
2023-06-15,JPFA.JK,1079.6251220703125,1054.1581024169923,983.8463012695313,54.687504107522,Menengah (Peternakan/Pakan/Protein)
2023-06-16,JPFA.JK,1079.6251220703125,1057.4231048583983,986.5771704101562,50.84747011291364,Menengah (Peternakan/Pakan/Protein)
2023-06-19,JPFA.JK,1075.271728515625,1060.0351013183595,988.805517578125,42.307719269864386,Menengah (Peternakan/Pakan/Protein)
2023-06-20,JPFA.JK,1066.5650634765625,1062.4294342041017,990.6935498046874,42.30767364159331,Menengah (Peternakan/Pakan/Protein)
2023-06-21,JPFA.JK,1097.038330078125,1064.3884307861329,993.4403173828125,67.44183847542335,Menengah (Peternakan/Pakan/Protein)
2023-06-22,JPFA.JK,1114.45166015625,1068.3064239501953,996.6184448242187,68.88884803952114,Menengah (Peternakan/Pakan/Protein)
2023-06-23,JPFA.JK,1153.6314697265625,1073.3127410888671,1000.9956237792969,78.43134290199227,Menengah (Peternakan/Pakan/Protein)
2023-06-26,JPFA.JK,1131.864990234375,1076.1424041748046,1004.9374731445313,72.72729358400375,Menengah (Peternakan/Pakan/Protein)
2023-06-27,JPFA.JK,1166.6915283203125,1078.9720672607423,1009.6589428710937,73.21429376168885,Menengah (Peternakan/Pakan/Protein)
2023-07-03,JPFA.JK,1205.8714599609375,1084.1960479736329,1015.4132861328125,78.1249958924726,Menengah (Peternakan/Pakan/Protein)
2023-07-04,JPFA.JK,1227.63818359375,1093.9910369873046,1021.6029638671876,78.78788522513926,Menengah (Peternakan/Pakan/Protein)
2023-07-05,JPFA.JK,1197.1649169921875,1101.8270233154296,1026.850811767578,68.18182783770888,Menengah (Peternakan/Pakan/Protein)
2023-07-06,JPFA.JK,1197.1649169921875,1110.3160125732422,1032.3479321289062,75.00002336725947,Menengah (Peternakan/Pakan/Protein)
2023-07-07,JPFA.JK,1201.5181884765625,1119.24033203125,1038.0982971191406,75.4098541514971,Menengah (Peternakan/Pakan/Protein)
2023-07-10,JPFA.JK,1179.7515869140625,1125.5526550292968,1043.579512939453,68.25397955786448,Menengah (Peternakan/Pakan/Protein)
2023-07-11,JPFA.JK,1179.7515869140625,1132.0826416015625,1048.97763671875,68.25397955786448,Menengah (Peternakan/Pakan/Protein)
2023-07-12,JPFA.JK,1171.044921875,1137.5242980957032,1053.7662963867188,67.1875232759988,Menengah (Peternakan/Pakan/Protein)
2023-07-13,JPFA.JK,1188.458251953125,1142.3129577636719,1058.9902893066405,71.2121540421775,Menengah (Peternakan/Pakan/Protein)
2023-07-14,JPFA.JK,1197.1649169921875,1148.842950439453,1064.2142822265625,68.85249518825673,Menengah (Peternakan/Pakan/Protein)
2023-07-17,JPFA.JK,1201.5181884765625,1155.5906066894531,1069.7865393066406,67.24140515050384,Menengah (Peternakan/Pakan/Protein)
2023-07-18,JPFA.JK,1192.8115234375,1161.2499267578125,1075.532930908203,58.82356498823664,Menengah (Peternakan/Pakan/Protein)
2023-07-20,JPFA.JK,1184.10498046875,1166.4739196777343,1081.018123779297,62.500029209088,Menengah (Peternakan/Pakan/Protein)
2023-07-21,JPFA.JK,1144.925048828125,1169.9565856933593,1085.1973193359374,44.897991884215884,Menengah (Peternakan/Pakan/Protein)
2023-07-24,JPFA.JK,1131.864990234375,1173.22158203125,1088.505848388672,30.23257482140353,Menengah (Peternakan/Pakan/Protein)
2023-07-25,JPFA.JK,1127.5115966796875,1174.7452453613282,1092.1626416015624,20.51278548497845,Menengah (Peternakan/Pakan/Protein)
2023-07-26,JPFA.JK,1110.0982666015625,1174.5275756835938,1095.9065002441407,22.222178949532974,Menengah (Peternakan/Pakan/Protein)
2023-07-27,JPFA.JK,1097.038330078125,1171.6979187011718,1099.38916015625,20.51278548497845,Menengah (Peternakan/Pakan/Protein)
2023-07-28,JPFA.JK,1114.45166015625,1170.8272521972656,1103.1330212402345,26.190477780084834,Menengah (Peternakan/Pakan/Protein)
2023-07-31,JPFA.JK,1162.3382568359375,1170.6095886230469,1107.3992810058594,45.83332846515769,Menengah (Peternakan/Pakan/Protein)
2023-08-01,JPFA.JK,1105.7449951171875,1165.6032653808593,1110.18541015625,36.065569249015134,Menengah (Peternakan/Pakan/Protein)
2023-08-02,JPFA.JK,1079.6251220703125,1158.2026123046876,1111.3172766113282,33.8461618103767,Menengah (Peternakan/Pakan/Protein)
2023-08-03,JPFA.JK,1088.331787109375,1152.7609558105469,1112.797410888672,31.746036691481947,Menengah (Peternakan/Pakan/Protein)
2023-08-04,JPFA.JK,1083.9783935546875,1147.101629638672,1114.0163427734376,29.032252228783136,Menengah (Peternakan/Pakan/Protein)
2023-08-07,JPFA.JK,1083.9783935546875,1141.2246398925781,1115.322342529297,27.868861501969747,Menengah (Peternakan/Pakan/Protein)
2023-08-08,JPFA.JK,1127.5115966796875,1138.6126403808594,1116.7154064941406,39.13042948190949,Menengah (Peternakan/Pakan/Protein)
2023-08-09,JPFA.JK,1192.8115234375,1139.2656372070312,1119.8498010253907,51.21949634821336,Menengah (Peternakan/Pakan/Protein)
2023-08-10,JPFA.JK,1166.6915283203125,1139.0479675292968,1122.1135290527343,53.164533149235,Menengah (Peternakan/Pakan/Protein)
2023-08-11,JPFA.JK,1192.8115234375,1139.2656311035157,1124.4643249511719,58.53657702537546,Menengah (Peternakan/Pakan/Protein)
2023-08-14,JPFA.JK,1201.5181884765625,1139.4832946777344,1126.292723388672,60.24096751874334,Menengah (Peternakan/Pakan/Protein)
2023-08-15,JPFA.JK,1184.10498046875,1138.6126342773437,1127.9469860839845,60.24098787053845,Menengah (Peternakan/Pakan/Protein)
2023-08-16,JPFA.JK,1192.8115234375,1138.6126342773437,1131.168448486328,63.41463998468019,Menengah (Peternakan/Pakan/Protein)
2023-08-18,JPFA.JK,1166.6915283203125,1137.741961669922,1133.6933752441407,57.142852374029644,Menengah (Peternakan/Pakan/Protein)
2023-08-21,JPFA.JK,1153.6314697265625,1138.1772827148438,1136.2183020019531,48.684190136609864,Menengah (Peternakan/Pakan/Protein)
2023-08-22,JPFA.JK,1136.2183837890625,1138.394952392578,1138.4820336914063,55.22390308456329,Menengah (Peternakan/Pakan/Protein)
2023-08-23,JPFA.JK,1136.2183837890625,1138.8302917480469,1140.136298828125,60.655748255039974,Menengah (Peternakan/Pakan/Protein)
2023-08-24,JPFA.JK,1140.5716552734375,1140.3539611816407,1141.9646948242187,60.0,Menengah (Peternakan/Pakan/Protein)
2023-08-25,JPFA.JK,1153.6314697265625,1143.1836181640624,1143.7930883789063,62.903221429643956,Menengah (Peternakan/Pakan/Protein)
2023-08-28,JPFA.JK,1171.044921875,1146.01328125,1145.3602856445314,65.15153253213319,Menengah (Peternakan/Pakan/Protein)
2023-08-29,JPFA.JK,1144.925048828125,1145.1426208496093,1146.9274853515626,53.22583781872026,Menengah (Peternakan/Pakan/Protein)
2023-08-30,JPFA.JK,1131.864990234375,1146.4486206054687,1148.2334838867187,35.999988783704964,Menengah (Peternakan/Pakan/Protein)
2023-08-31,JPFA.JK,1123.1583251953125,1148.6252807617188,1149.1041479492187,39.13043213225478,Menengah (Peternakan/Pakan/Protein)
2023-09-01,JPFA.JK,1131.864990234375,1150.8019409179688,1150.1489453125,33.33331107876781,Menengah (Peternakan/Pakan/Protein)
2023-09-04,JPFA.JK,1097.038330078125,1151.4549377441406,1150.58427734375,24.999956186342402,Menengah (Peternakan/Pakan/Protein)
2023-09-05,JPFA.JK,1075.271728515625,1151.0196044921875,1150.7584106445313,24.489744531771294,Menengah (Peternakan/Pakan/Protein)
2023-09-06,JPFA.JK,1083.9783935546875,1148.8429443359375,1150.4972119140625,24.489787743231744,Menengah (Peternakan/Pakan/Protein)
2023-09-07,JPFA.JK,1062.2117919921875,1142.3129577636719,1149.4524145507812,25.0,Menengah (Peternakan/Pakan/Protein)
2023-09-08,JPFA.JK,1075.271728515625,1137.7419677734374,1147.8852197265626,31.25000365113813,Menengah (Peternakan/Pakan/Protein)
2023-09-11,JPFA.JK,1097.038330078125,1132.9533081054688,1147.1886865234376,40.81629383006983,Menengah (Peternakan/Pakan/Protein)
2023-09-12,JPFA.JK,1088.331787109375,1127.2939880371093,1145.6214916992187,39.21567333761092,Menengah (Peternakan/Pakan/Protein)
2023-09-13,JPFA.JK,1079.6251220703125,1122.0699951171875,1143.0965649414063,36.53845946444383,Menengah (Peternakan/Pakan/Protein)
2023-09-14,JPFA.JK,1057.8583984375,1115.3223388671875,1139.7009692382812,29.62966040130378,Menengah (Peternakan/Pakan/Protein)
2023-09-15,JPFA.JK,1049.15185546875,1109.4453552246093,1136.7407080078126,23.076918928887665,Menengah (Peternakan/Pakan/Protein)
2023-09-18,JPFA.JK,1027.3851318359375,1103.133038330078,1133.3451123046875,23.529389125157735,Menengah (Peternakan/Pakan/Protein)
2023-09-19,JPFA.JK,1023.0317993164062,1097.4737091064453,1129.7753845214843,24.489780735976993,Menengah (Peternakan/Pakan/Protein)
2023-09-20,JPFA.JK,1018.6784057617188,1091.5967102050781,1126.5539208984376,24.999978093203197,Menengah (Peternakan/Pakan/Protein)
2023-09-21,JPFA.JK,1027.3851318359375,1085.9373840332032,1123.506591796875,25.0,Menengah (Peternakan/Pakan/Protein)
2023-09-22,JPFA.JK,1062.2117919921875,1081.3664001464845,1121.3299291992187,41.66668613936925,Menengah (Peternakan/Pakan/Protein)
2023-09-25,JPFA.JK,1088.331787109375,1077.2307434082031,1119.3273999023438,53.061241423986004,Menengah (Peternakan/Pakan/Protein)
2023-09-26,JPFA.JK,1162.3382568359375,1078.1014038085937,1118.6308666992188,64.0624965770635,Menengah (Peternakan/Pakan/Protein)
2023-09-27,JPFA.JK,1127.5115966796875,1077.8837341308595,1117.1507348632813,61.19401017416616,Menengah (Peternakan/Pakan/Protein)
2023-09-29,JPFA.JK,1118.8050537109375,1077.6660705566405,1115.67060546875,57.57576723164418,Menengah (Peternakan/Pakan/Protein)
2023-10-02,JPFA.JK,1131.864990234375,1077.6660705566405,1114.6258056640625,56.2500082150476,Menengah (Peternakan/Pakan/Protein)
2023-10-03,JPFA.JK,1149.2783203125,1080.2780700683593,1114.71287109375,60.6060483752761,Menengah (Peternakan/Pakan/Protein)
2023-10-04,JPFA.JK,1144.925048828125,1083.7607360839843,1114.974072265625,61.53846319767391,Menengah (Peternakan/Pakan/Protein)
2023-10-05,JPFA.JK,1179.7515869140625,1088.5493957519532,1116.0188720703125,70.58824863528362,Menengah (Peternakan/Pakan/Protein)
2023-10-06,JPFA.JK,1179.7515869140625,1094.4263854980468,1117.4119384765625,72.72725920903149,Menengah (Peternakan/Pakan/Protein)
2023-10-09,JPFA.JK,1140.5716552734375,1097.6913818359376,1118.2826049804687,68.57143829983605,Menengah (Peternakan/Pakan/Protein)
2023-10-10,JPFA.JK,1153.6314697265625,1100.5210388183593,1119.066201171875,70.83332927651634,Menengah (Peternakan/Pakan/Protein)
2023-10-11,JPFA.JK,1136.2183837890625,1102.9153686523437,1118.5438037109375,68.00005383822622,Menengah (Peternakan/Pakan/Protein)
2023-10-12,JPFA.JK,1105.7449951171875,1104.2213623046875,1118.5438037109375,61.25001402036879,Menengah (Peternakan/Pakan/Protein)
2023-10-13,JPFA.JK,1118.8050537109375,1107.2686950683594,1119.32740234375,58.66668162172671,Menengah (Peternakan/Pakan/Protein)
2023-10-16,JPFA.JK,1105.7449951171875,1110.0983520507812,1119.6756665039063,52.77776587777433,Menengah (Peternakan/Pakan/Protein)
2023-10-17,JPFA.JK,1088.331787109375,1113.145684814453,1119.762734375,35.59321147807522,Menengah (Peternakan/Pakan/Protein)
2023-10-18,JPFA.JK,1114.45166015625,1117.7166778564454,1120.3721997070313,47.36842364180632,Menengah (Peternakan/Pakan/Protein)
2023-10-19,JPFA.JK,1062.2117919921875,1119.8933471679688,1119.0662036132812,40.29848747373796,Menengah (Peternakan/Pakan/Protein)
2023-10-20,JPFA.JK,1062.2117919921875,1121.6346801757813,1116.454208984375,37.49998356987601,Menengah (Peternakan/Pakan/Protein)
2023-10-23,JPFA.JK,1040.4451904296875,1120.5463500976562,1113.9292822265625,30.76920090334353,Menengah (Peternakan/Pakan/Protein)
2023-10-24,JPFA.JK,1066.5650634765625,1119.4580139160157,1111.4043530273439,37.142815940124194,Menengah (Peternakan/Pakan/Protein)
2023-10-25,JPFA.JK,1079.6251220703125,1115.3223571777344,1108.9664916992188,32.30767505185379,Menengah (Peternakan/Pakan/Protein)
2023-10-26,JPFA.JK,1057.8583984375,1111.839697265625,1106.4415600585937,29.99997195927365,Menengah (Peternakan/Pakan/Protein)
2023-10-27,JPFA.JK,1066.5650634765625,1109.2276977539063,1103.916630859375,36.507914606637556,Menengah (Peternakan/Pakan/Protein)
2023-10-30,JPFA.JK,1057.8583984375,1105.5273681640624,1101.7399682617188,32.25807764653419,Menengah (Peternakan/Pakan/Protein)
2023-10-31,JPFA.JK,1066.5650634765625,1101.3917053222656,1099.9986401367187,36.66665420413993,Menengah (Peternakan/Pakan/Protein)
2023-11-01,JPFA.JK,1027.3851318359375,1095.5147094726562,1097.8219750976561,35.48387388560842,Menengah (Peternakan/Pakan/Protein)
2023-11-02,JPFA.JK,1044.7984619140625,1088.7670532226562,1095.9935766601564,36.507926617036105,Menengah (Peternakan/Pakan/Protein)
2023-11-03,JPFA.JK,1057.8583984375,1082.6723937988281,1094.3393115234376,41.26983491140247,Menengah (Peternakan/Pakan/Protein)
2023-11-06,JPFA.JK,1083.9783935546875,1079.8427307128907,1092.94625,49.23075728443495,Menengah (Peternakan/Pakan/Protein)
2023-11-07,JPFA.JK,1062.2117919921875,1075.271746826172,1090.7695874023439,40.6250095842222,Menengah (Peternakan/Pakan/Protein)
2023-11-08,JPFA.JK,1049.15185546875,1070.9184204101562,1088.8541235351563,47.27273654237841,Menengah (Peternakan/Pakan/Protein)
2023-11-09,JPFA.JK,1053.505126953125,1068.3064270019531,1087.2869262695312,48.21428303182069,Menengah (Peternakan/Pakan/Protein)
2023-11-10,JPFA.JK,1049.15185546875,1064.8237670898438,1085.806796875,51.923080034101815,Menengah (Peternakan/Pakan/Protein)
2023-11-13,JPFA.JK,1040.4451904296875,1061.5587768554688,1083.9784008789063,43.7500219067904,Menengah (Peternakan/Pakan/Protein)
2023-11-14,JPFA.JK,1057.8583984375,1060.035107421875,1083.1948022460938,44.89793465826666,Menengah (Peternakan/Pakan/Protein)
2023-11-15,JPFA.JK,1053.505126953125,1056.9877807617188,1082.7594702148438,48.88890135143893,Menengah (Peternakan/Pakan/Protein)
2023-11-16,JPFA.JK,1049.15185546875,1056.334783935547,1082.062939453125,45.45456283517457,Menengah (Peternakan/Pakan/Protein)
2023-11-17,JPFA.JK,1053.505126953125,1055.8994506835938,1081.8888061523437,48.837221434617426,Menengah (Peternakan/Pakan/Protein)
2023-11-20,JPFA.JK,1040.4451904296875,1055.8994506835938,1081.192275390625,43.181823975364914,Menengah (Peternakan/Pakan/Protein)
2023-11-21,JPFA.JK,1031.7384033203125,1054.1581176757813,1079.8862768554689,51.35133701349291,Menengah (Peternakan/Pakan/Protein)
2023-11-22,JPFA.JK,1057.8583984375,1053.0697814941407,1079.2768090820311,53.846148315433986,Menengah (Peternakan/Pakan/Protein)
2023-11-23,JPFA.JK,1079.6251220703125,1054.1581176757813,1079.2768090820311,56.09759266947029,Menengah (Peternakan/Pakan/Protein)
2023-11-24,JPFA.JK,1049.15185546875,1053.2874572753906,1079.1026782226563,40.47619842424429,Menengah (Peternakan/Pakan/Protein)
2023-11-27,JPFA.JK,1053.505126953125,1053.0697937011719,1079.1897436523439,47.36841328511309,Menengah (Peternakan/Pakan/Protein)
2023-11-28,JPFA.JK,1031.7384033203125,1051.3284606933594,1079.2768090820311,44.999954433833366,Menengah (Peternakan/Pakan/Protein)
2023-11-29,JPFA.JK,1023.0317993164062,1051.1107940673828,1079.2768090820311,41.463397119124146,Menengah (Peternakan/Pakan/Protein)
2023-11-30,JPFA.JK,1023.0317993164062,1050.0224609375,1079.363876953125,42.49996933047552,Menengah (Peternakan/Pakan/Protein)
2023-12-01,JPFA.JK,1031.7384033203125,1048.7164611816406,1079.4509423828124,47.49995969146798,Menengah (Peternakan/Pakan/Protein)
2023-12-04,JPFA.JK,1040.4451904296875,1046.5398010253907,1079.0156103515626,44.736875117143626,Menengah (Peternakan/Pakan/Protein)
2023-12-05,JPFA.JK,1053.505126953125,1046.1044677734376,1078.3190771484376,50.0,Menengah (Peternakan/Pakan/Protein)
2023-12-06,JPFA.JK,1066.5650634765625,1046.9751281738281,1076.40361328125,54.76187455936078,Menengah (Peternakan/Pakan/Protein)
2023-12-07,JPFA.JK,1062.2117919921875,1047.4104614257812,1075.0976171875,52.38095397055996,Menengah (Peternakan/Pakan/Protein)
2023-12-08,JPFA.JK,1053.505126953125,1047.628125,1073.7916186523437,53.6585207384681,Menengah (Peternakan/Pakan/Protein)
2023-12-11,JPFA.JK,1031.7384033203125,1047.1927856445313,1071.7890869140624,50.0,Menengah (Peternakan/Pakan/Protein)
2023-12-12,JPFA.JK,1040.4451904296875,1046.3221252441406,1069.6124243164063,45.00003505082369,Menengah (Peternakan/Pakan/Protein)
2023-12-13,JPFA.JK,1044.7984619140625,1045.8867919921875,1067.609892578125,38.88888023435778,Menengah (Peternakan/Pakan/Protein)
2023-12-14,JPFA.JK,1049.15185546875,1045.8867919921875,1064.9978979492187,50.0,Menengah (Peternakan/Pakan/Protein)
2023-12-15,JPFA.JK,1036.091796875,1045.0161254882812,1062.1247021484376,43.750005476686404,Menengah (Peternakan/Pakan/Protein)
2023-12-18,JPFA.JK,1036.091796875,1044.7984558105468,1060.0351049804688,51.85187685379815,Menengah (Peternakan/Pakan/Protein)
2023-12-19,JPFA.JK,1040.4451904296875,1045.2337951660156,1057.7713793945313,57.692322210376865,Menengah (Peternakan/Pakan/Protein)
2023-12-20,JPFA.JK,1036.091796875,1044.1454650878907,1055.76884765625,55.555544016213695,Menengah (Peternakan/Pakan/Protein)
2023-12-21,JPFA.JK,1036.091796875,1041.968798828125,1054.3757836914062,52.00002243246426,Menengah (Peternakan/Pakan/Protein)
2023-12-22,JPFA.JK,1040.4451904296875,1041.533465576172,1052.8085864257812,50.0,Menengah (Peternakan/Pakan/Protein)
2023-12-27,JPFA.JK,1036.091796875,1040.6627990722657,1051.4155224609376,40.90912567010545,Menengah (Peternakan/Pakan/Protein)
2023-12-28,JPFA.JK,1027.3851318359375,1040.445135498047,1050.1965893554689,28.57156209775195,Menengah (Peternakan/Pakan/Protein)
2023-12-29,JPFA.JK,1027.3851318359375,1040.6628021240235,1048.4552587890626,30.000112162006815,Menengah (Peternakan/Pakan/Protein)
2024-01-02,JPFA.JK,1018.6784057617188,1040.445132446289,1047.5845910644532,30.00009113156665,Menengah (Peternakan/Pakan/Protein)
2024-01-03,JPFA.JK,1009.9718017578125,1039.3568023681642,1046.5397912597657,35.29424378078269,Menengah (Peternakan/Pakan/Protein)
2024-01-04,JPFA.JK,983.8519287109375,1036.5271392822265,1045.4079260253907,19.047714423819016,Menengah (Peternakan/Pakan/Protein)
2024-01-05,JPFA.JK,988.2052001953125,1033.262142944336,1043.8407287597656,19.047714423819016,Menengah (Peternakan/Pakan/Protein)
2024-01-08,JPFA.JK,992.5585327148438,1029.56181640625,1042.0993969726562,19.0476603773333,Menengah (Peternakan/Pakan/Protein)
2024-01-09,JPFA.JK,979.4984741210938,1025.4261505126954,1040.532198486328,19.0476603773333,Menengah (Peternakan/Pakan/Protein)
2024-01-10,JPFA.JK,975.1451416015625,1021.5081512451172,1038.703800048828,18.181858736438528,Menengah (Peternakan/Pakan/Protein)
2024-01-11,JPFA.JK,966.4385375976562,1018.2431579589844,1036.8754028320313,13.043478260869563,Menengah (Peternakan/Pakan/Protein)
2024-01-12,JPFA.JK,957.7319946289062,1014.1074981689453,1034.698741455078,12.500021906803198,Menengah (Peternakan/Pakan/Protein)
2024-01-15,JPFA.JK,970.7918701171875,1010.4071685791016,1033.566876220703,22.222176064639072,Menengah (Peternakan/Pakan/Protein)
2024-01-16,JPFA.JK,983.8519287109375,1007.1421722412109,1032.3479455566405,27.586176888639642,Menengah (Peternakan/Pakan/Protein)
2024-01-17,JPFA.JK,975.1451416015625,1004.094839477539,1030.693680419922,26.66662304778231,Menengah (Peternakan/Pakan/Protein)
2024-01-18,JPFA.JK,966.4385375976562,1000.6121765136719,1028.3428833007813,26.666635510306136,Menengah (Peternakan/Pakan/Protein)
2024-01-19,JPFA.JK,979.4984741210938,997.5648406982422,1026.6886169433594,33.33329084737812,Menengah (Peternakan/Pakan/Protein)
2024-01-22,JPFA.JK,953.3786010742188,993.4291809082031,1024.7731518554688,29.72971744013678,Menengah (Peternakan/Pakan/Protein)
2024-01-23,JPFA.JK,940.318603515625,988.6405212402344,1022.5094213867187,28.947343176617565,Menengah (Peternakan/Pakan/Protein)
2024-01-24,JPFA.JK,927.2586059570312,982.9811920166015,1020.0715563964844,31.428526792313164,Menengah (Peternakan/Pakan/Protein)
2024-01-25,JPFA.JK,940.318603515625,978.1925323486328,1018.0690246582031,35.1351259179544,Menengah (Peternakan/Pakan/Protein)
2024-01-26,JPFA.JK,935.9652709960938,973.6215393066407,1015.631162109375,32.43241809459572,Menengah (Peternakan/Pakan/Protein)
2024-01-29,JPFA.JK,927.2586059570312,968.6152130126953,1013.1062316894531,33.33333333333333,Menengah (Peternakan/Pakan/Protein)
2024-01-30,JPFA.JK,922.9053344726562,963.8265594482422,1010.5813012695312,33.33334631515527,Menengah (Peternakan/Pakan/Protein)
2024-01-31,JPFA.JK,922.9053344726562,959.4732360839844,1007.9693054199219,35.29412249839591,Menengah (Peternakan/Pakan/Protein)
2024-02-01,JPFA.JK,927.2586059570312,956.6435699462891,1005.7055737304687,39.3938956205496,Menengah (Peternakan/Pakan/Protein)
2024-02-02,JPFA.JK,957.7319946289062,955.1199096679687,1004.2254455566406,45.945980766366944,Menengah (Peternakan/Pakan/Protein)
2024-02-05,JPFA.JK,975.1451416015625,954.2492401123047,1002.5711804199219,47.36837833131145,Menengah (Peternakan/Pakan/Protein)
2024-02-06,JPFA.JK,983.8519287109375,954.4669128417969,1000.6557165527344,52.631621668688545,Menengah (Peternakan/Pakan/Protein)
2024-02-07,JPFA.JK,949.0252685546875,953.1609191894531,998.6531848144531,45.45455414484616,Menengah (Peternakan/Pakan/Protein)
2024-02-12,JPFA.JK,944.6719360351562,952.0725891113282,996.4765209960938,40.47621114110279,Menengah (Peternakan/Pakan/Protein)
2024-02-13,JPFA.JK,935.9652709960938,950.9842529296875,994.5610583496094,44.73683822151252,Menengah (Peternakan/Pakan/Protein)
2024-02-15,JPFA.JK,953.3786010742188,950.1135894775391,993.1679943847656,53.846156611506814,Menengah (Peternakan/Pakan/Protein)
2024-02-16,JPFA.JK,940.318603515625,947.9369232177735,991.51373046875,53.846156611506814,Menengah (Peternakan/Pakan/Protein)
2024-02-19,JPFA.JK,940.318603515625,946.1955963134766,989.6853344726562,50.0,Menengah (Peternakan/Pakan/Protein)
2024-02-20,JPFA.JK,949.0252685546875,945.3249328613281,987.8569360351562,54.05405712644414,Menengah (Peternakan/Pakan/Protein)
2024-02-21,JPFA.JK,944.6719360351562,943.5836059570313,985.6802722167969,55.55555988282111,Menengah (Peternakan/Pakan/Protein)
2024-02-22,JPFA.JK,957.7319946289062,943.8012756347656,983.5036108398438,60.526315789473685,Menengah (Peternakan/Pakan/Protein)
2024-02-23,JPFA.JK,962.085205078125,944.8896057128907,981.5010791015625,61.538433884931834,Menengah (Peternakan/Pakan/Protein)
2024-02-26,JPFA.JK,1001.2652587890625,948.5899383544922,980.4562817382813,68.08510638297872,Menengah (Peternakan/Pakan/Protein)
2024-02-27,JPFA.JK,1009.9718017578125,952.0725982666015,980.0209497070313,64.28567851953184,Menengah (Peternakan/Pakan/Protein)
2024-02-28,JPFA.JK,1009.9718017578125,955.7729248046875,979.4114819335938,60.526315789473685,Menengah (Peternakan/Pakan/Protein)
2024-02-29,JPFA.JK,1001.2652587890625,959.473257446289,978.5408178710937,55.26316566224386,Menengah (Peternakan/Pakan/Protein)
2024-03-01,JPFA.JK,1018.6784057617188,964.2619110107422,977.9313488769532,73.52941782887973,Menengah (Peternakan/Pakan/Protein)
2024-03-04,JPFA.JK,1036.091796875,969.9212341308594,977.9313488769532,78.3784050057995,Menengah (Peternakan/Pakan/Protein)
2024-03-05,JPFA.JK,1014.3250732421875,974.2745574951172,977.4960144042968,72.49998685591808,Menengah (Peternakan/Pakan/Protein)
2024-03-06,JPFA.JK,1005.6185913085938,976.6688873291016,976.799482421875,65.78952028932142,Menengah (Peternakan/Pakan/Protein)
2024-03-07,JPFA.JK,1044.7984619140625,980.1515533447266,976.9736157226563,77.27278231138614,Menengah (Peternakan/Pakan/Protein)
2024-03-08,JPFA.JK,1057.8583984375,983.8518768310547,977.4089477539062,78.72345376139828,Menengah (Peternakan/Pakan/Protein)
2024-03-13,JPFA.JK,1044.7984619140625,988.6405364990235,977.4960131835937,72.91671778263039,Menengah (Peternakan/Pakan/Protein)
2024-03-14,JPFA.JK,1044.7984619140625,993.6468627929687,977.670146484375,74.46814286349252,Menengah (Peternakan/Pakan/Protein)
2024-03-15,JPFA.JK,1044.7984619140625,999.0885223388672,978.0184130859375,72.72731907566134,Menengah (Peternakan/Pakan/Protein)
2024-03-18,JPFA.JK,1044.7984619140625,1003.6595153808594,978.3666796875,72.09308619207789,Menengah (Peternakan/Pakan/Protein)
2024-03-19,JPFA.JK,1092.68505859375,1011.2778381347656,979.8468127441406,73.33338110650135,Menengah (Peternakan/Pakan/Protein)
2024-03-20,JPFA.JK,1062.2117919921875,1017.3724975585938,980.8916125488281,62.000040378684766,Menengah (Peternakan/Pakan/Protein)
2024-03-21,JPFA.JK,1070.9183349609375,1023.4671508789063,982.6329406738281,63.461562312780714,Menengah (Peternakan/Pakan/Protein)
2024-03-22,JPFA.JK,1049.15185546875,1028.691146850586,983.8518737792969,60.00002549160562,Menengah (Peternakan/Pakan/Protein)
2024-03-25,JPFA.JK,1036.091796875,1032.6091369628907,984.7225390625,53.703727263309545,Menengah (Peternakan/Pakan/Protein)
2024-03-26,JPFA.JK,1014.3250732421875,1035.2211303710938,985.4190710449219,45.45451996296583,Menengah (Peternakan/Pakan/Protein)
2024-03-27,JPFA.JK,1009.9718017578125,1035.6564575195312,986.1156042480469,49.019618084860134,Menengah (Peternakan/Pakan/Protein)
2024-03-28,JPFA.JK,1036.091796875,1036.9624572753905,987.5086694335937,56.36362709397341,Menengah (Peternakan/Pakan/Protein)
2024-04-01,JPFA.JK,1031.7384033203125,1038.0507873535157,988.9887976074219,46.80848905875067,Menengah (Peternakan/Pakan/Protein)
2024-04-02,JPFA.JK,1053.505126953125,1040.6627807617188,990.6430627441406,48.979604683369004,Menengah (Peternakan/Pakan/Protein)
2024-04-03,JPFA.JK,1044.7984619140625,1041.968783569336,991.8619934082031,50.0,Menengah (Peternakan/Pakan/Protein)
2024-04-04,JPFA.JK,1083.9783935546875,1044.3631134033203,994.0386584472657,57.8947342529369,Menengah (Peternakan/Pakan/Protein)
2024-04-05,JPFA.JK,1070.9183349609375,1047.1927764892578,996.1282543945313,54.99998130620989,Menengah (Peternakan/Pakan/Protein)
2024-04-16,JPFA.JK,1049.15185546875,1049.3694396972655,997.5213220214844,50.76924271556505,Menengah (Peternakan/Pakan/Protein)
2024-04-17,JPFA.JK,1014.3250732421875,1047.845770263672,998.7402514648437,35.48385783734865,Menengah (Peternakan/Pakan/Protein)
2024-04-18,JPFA.JK,1001.2652587890625,1045.01611328125,999.9591845703125,37.931041151177084,Menengah (Peternakan/Pakan/Protein)
2024-04-19,JPFA.JK,988.2052001953125,1042.1864501953125,1001.1781164550781,33.898329250800586,Menengah (Peternakan/Pakan/Protein)
2024-04-22,JPFA.JK,957.7319946289062,1037.8331268310546,1001.5263842773437,32.786900317480175,Menengah (Peternakan/Pakan/Protein)
2024-04-23,JPFA.JK,957.7319946289062,1033.479803466797,1001.96171875,34.48278362724075,Menengah (Peternakan/Pakan/Protein)
2024-04-24,JPFA.JK,966.4385375976562,1029.5618072509765,1002.7453173828125,40.00001019661885,Menengah (Peternakan/Pakan/Protein)
2024-04-25,JPFA.JK,996.911865234375,1024.7731475830078,1004.2254479980469,47.540992272721006,Menengah (Peternakan/Pakan/Protein)
2024-04-26,JPFA.JK,949.0252685546875,1019.1138214111328,1004.7478466796875,34.84848677966217,Menengah (Peternakan/Pakan/Protein)
2024-04-29,JPFA.JK,979.4984741210938,1014.5428283691406,1005.7926440429687,41.66666179848818,Menengah (Peternakan/Pakan/Protein)
2024-04-30,JPFA.JK,996.911865234375,1011.9308288574218,1006.5762414550782,40.84506402562683,Menengah (Peternakan/Pakan/Protein)
2024-05-02,JPFA.JK,1009.9718017578125,1010.6248291015625,1007.2727746582032,44.44443362626792,Menengah (Peternakan/Pakan/Protein)
2024-05-03,JPFA.JK,1057.8583984375,1012.8014953613281,1008.7529040527344,45.945938264961995,Menengah (Peternakan/Pakan/Protein)
2024-05-06,JPFA.JK,1110.0982666015625,1017.8078186035157,1011.9743640136719,55.42169020679524,Menengah (Peternakan/Pakan/Protein)
2024-05-07,JPFA.JK,1127.5115966796875,1022.37880859375,1015.6311572265626,60.97559432620234,Menengah (Peternakan/Pakan/Protein)
2024-05-08,JPFA.JK,1118.8050537109375,1026.7321411132812,1019.2879528808594,65.78951446366752,Menengah (Peternakan/Pakan/Protein)
2024-05-13,JPFA.JK,1153.6314697265625,1031.738458251953,1023.2930102539062,71.60493378406213,Menengah (Peternakan/Pakan/Protein)
2024-05-14,JPFA.JK,1192.8115234375,1039.139111328125,1028.3428686523437,77.01151925946697,Menengah (Peternakan/Pakan/Protein)
2024-05-15,JPFA.JK,1192.8115234375,1044.5807678222657,1033.3927270507813,83.75001555383845,Menengah (Peternakan/Pakan/Protein)
2024-05-16,JPFA.JK,1253.7581787109375,1053.7227600097656,1039.4873852539063,86.17023069601973,Menengah (Peternakan/Pakan/Protein)
2024-05-17,JPFA.JK,1271.17138671875,1064.8237365722657,1046.0173742675781,86.45835143687474,Menengah (Peternakan/Pakan/Protein)
2024-05-20,JPFA.JK,1271.17138671875,1077.6660522460938,1052.286162109375,85.39327577319912,Menengah (Peternakan/Pakan/Protein)
2024-05-21,JPFA.JK,1236.344970703125,1089.4200378417968,1057.771357421875,88.37216050906319,Menengah (Peternakan/Pakan/Protein)
2024-05-22,JPFA.JK,1249.40478515625,1102.4800170898438,1062.7341479492188,87.80494518975631,Menengah (Peternakan/Pakan/Protein)
2024-05-27,JPFA.JK,1214.5782470703125,1115.322329711914,1066.8262768554687,79.0698296198359,Menengah (Peternakan/Pakan/Protein)
2024-05-28,JPFA.JK,1197.1649169921875,1127.2939758300781,1070.5701391601563,74.71269517325312,Menengah (Peternakan/Pakan/Protein)
2024-05-29,JPFA.JK,1218.9315185546875,1139.9186248779297,1074.9234643554687,72.83955532215188,Menengah (Peternakan/Pakan/Protein)
2024-05-30,JPFA.JK,1240.6982421875,1152.107943725586,1079.3638610839844,70.27033171821174,Menengah (Peternakan/Pakan/Protein)
2024-05-31,JPFA.JK,1192.8115234375,1164.2972564697266,1082.4982556152345,59.25927464512031,Menengah (Peternakan/Pakan/Protein)
2024-06-03,JPFA.JK,1188.458251953125,1174.7452453613282,1085.980919189453,60.00000701018194,Menengah (Peternakan/Pakan/Protein)
2024-06-04,JPFA.JK,1214.5782470703125,1185.628564453125,1090.1601123046876,58.97439308041572,Menengah (Peternakan/Pakan/Protein)
2024-06-05,JPFA.JK,1188.458251953125,1194.5528869628906,1093.0333081054687,49.3333413093594,Menengah (Peternakan/Pakan/Protein)
2024-06-06,JPFA.JK,1162.3382568359375,1199.7768798828124,1095.1229052734375,45.679012773063754,Menengah (Peternakan/Pakan/Protein)
2024-06-07,JPFA.JK,1184.10498046875,1203.4772155761718,1097.9090356445313,38.88888672525358,Menengah (Peternakan/Pakan/Protein)
2024-06-10,JPFA.JK,1188.458251953125,1206.5245483398437,1100.7822314453124,36.23188935867238,Menengah (Peternakan/Pakan/Protein)
2024-06-11,JPFA.JK,1162.3382568359375,1208.7012084960938,1103.13302734375,33.33333333333333,Menengah (Peternakan/Pakan/Protein)
2024-06-12,JPFA.JK,1157.9849853515625,1208.9188842773438,1105.3967578125,36.76468950911054,Menengah (Peternakan/Pakan/Protein)
2024-06-13,JPFA.JK,1157.9849853515625,1207.177557373047,1106.7027563476563,33.84617574774779,Menengah (Peternakan/Pakan/Protein)
2024-06-14,JPFA.JK,1123.1583251953125,1203.6948974609375,1107.9216870117189,33.84616114668201,Menengah (Peternakan/Pakan/Protein)
2024-06-19,JPFA.JK,1205.8714599609375,1201.3005615234374,1110.6207495117187,51.249983350847074,Menengah (Peternakan/Pakan/Protein)
2024-06-20,JPFA.JK,1214.5782470703125,1198.4709045410157,1113.92927734375,49.35065833652584,Menengah (Peternakan/Pakan/Protein)
2024-06-21,JPFA.JK,1258.1114501953125,1197.8179077148438,1118.3696704101562,52.439008960364504,Menengah (Peternakan/Pakan/Protein)
2024-06-24,JPFA.JK,1266.818115234375,1199.3415649414062,1123.41953125,61.643837195009525,Menengah (Peternakan/Pakan/Protein)
2024-06-25,JPFA.JK,1240.6982421875,1198.9062377929688,1128.0340600585937,57.692315988369586,Menengah (Peternakan/Pakan/Protein)
2024-06-26,JPFA.JK,1262.4647216796875,1201.3005615234374,1132.5615185546876,57.14284153578576,Menengah (Peternakan/Pakan/Protein)
2024-06-27,JPFA.JK,1262.4647216796875,1204.5655517578125,1137.176044921875,61.97182264212196,Menengah (Peternakan/Pakan/Protein)
2024-06-28,JPFA.JK,1240.6982421875,1205.6538879394532,1140.9199072265626,62.857173759167814,Menengah (Peternakan/Pakan/Protein)
2024-07-01,JPFA.JK,1275.5247802734375,1207.39521484375,1145.53443359375,64.38357427242923,Menengah (Peternakan/Pakan/Protein)
2024-07-02,JPFA.JK,1262.4647216796875,1210.8778747558595,1149.10416015625,61.333332834831516,Menengah (Peternakan/Pakan/Protein)
2024-07-03,JPFA.JK,1284.2314453125,1215.6665344238281,1153.3704223632812,68.91894298601109,Menengah (Peternakan/Pakan/Protein)
2024-07-04,JPFA.JK,1358.238037109375,1222.8495239257813,1159.5521459960937,75.5555721722734,Menengah (Peternakan/Pakan/Protein)
2024-07-05,JPFA.JK,1340.8245849609375,1230.467840576172,1166.0821362304687,72.34041410745554,Menengah (Peternakan/Pakan/Protein)
2024-07-08,JPFA.JK,1353.8846435546875,1240.0451599121093,1173.1345239257812,79.77528373091263,Menengah (Peternakan/Pakan/Protein)
2024-07-09,JPFA.JK,1371.2979736328125,1249.4048095703124,1180.7963793945312,75.67568591697984,Menengah (Peternakan/Pakan/Protein)
2024-07-10,JPFA.JK,1353.8846435546875,1257.6761291503906,1188.7194323730469,71.0526257533171,Menengah (Peternakan/Pakan/Protein)
2024-07-11,JPFA.JK,1410.4779052734375,1270.0831115722656,1197.7743505859376,72.1518996327734,Menengah (Peternakan/Pakan/Protein)
2024-07-12,JPFA.JK,1406.12451171875,1282.490087890625,1206.5680700683595,70.5128066860507,Menengah (Peternakan/Pakan/Protein)
2024-07-15,JPFA.JK,1432.2445068359375,1296.2030639648438,1215.2747229003905,78.2050945600004,Menengah (Peternakan/Pakan/Protein)
2024-07-16,JPFA.JK,1432.2445068359375,1311.657373046875,1224.9391076660156,76.71230508857393,Menengah (Peternakan/Pakan/Protein)
2024-07-17,JPFA.JK,1462.7177734375,1324.499688720703,1234.6034936523438,78.74997502627936,Menengah (Peternakan/Pakan/Protein)
2024-07-18,JPFA.JK,1480.131103515625,1337.7773315429688,1244.2678784179689,84.81005828906578,Menengah (Peternakan/Pakan/Protein)
2024-07-19,JPFA.JK,1467.0712890625,1348.225323486328,1253.4098681640626,79.72971078333855,Menengah (Peternakan/Pakan/Protein)
2024-07-22,JPFA.JK,1471.424560546875,1358.4556457519532,1261.68119140625,83.33332684243753,Menengah (Peternakan/Pakan/Protein)
2024-07-23,JPFA.JK,1475.77783203125,1370.2096252441406,1268.9947827148437,82.35292662248335,Menengah (Peternakan/Pakan/Protein)
2024-07-24,JPFA.JK,1471.424560546875,1380.6576171875,1275.8730419921876,75.0,Menengah (Peternakan/Pakan/Protein)
2024-07-25,JPFA.JK,1480.131103515625,1391.5409362792968,1283.0995629882811,82.0000437435261,Menengah (Peternakan/Pakan/Protein)
2024-07-26,JPFA.JK,1458.364501953125,1402.424249267578,1289.1942236328125,73.07695833524316,Menengah (Peternakan/Pakan/Protein)
2024-07-29,JPFA.JK,1445.304443359375,1410.913232421875,1294.24408203125,66.66666666666666,Menengah (Peternakan/Pakan/Protein)
2024-07-30,JPFA.JK,1340.8245849609375,1414.8312255859375,1297.2043432617188,47.887309481080806,Menengah (Peternakan/Pakan/Protein)
2024-07-31,JPFA.JK,1427.891357421875,1422.0142211914062,1300.6870068359376,52.56412422604974,Menengah (Peternakan/Pakan/Protein)
2024-08-01,JPFA.JK,1397.4178466796875,1423.973211669922,1303.2119360351562,48.809522617317725,Menengah (Peternakan/Pakan/Protein)
2024-08-02,JPFA.JK,1393.0645751953125,1426.5852111816407,1305.6497998046875,44.30379926554679,Menengah (Peternakan/Pakan/Protein)
2024-08-05,JPFA.JK,1362.59130859375,1427.0205444335938,1308.1747265625,40.697678589070456,Menengah (Peternakan/Pakan/Protein)
2024-08-06,JPFA.JK,1401.771240234375,1428.544207763672,1311.2220556640625,42.0454603389865,Menengah (Peternakan/Pakan/Protein)
2024-08-07,JPFA.JK,1436.5977783203125,1432.679864501953,1315.6624462890625,44.565209108960985,Menengah (Peternakan/Pakan/Protein)
2024-08-08,JPFA.JK,1440.951171875,1434.2035278320313,1320.5381713867187,46.666647972876554,Menengah (Peternakan/Pakan/Protein)
2024-08-09,JPFA.JK,1388.7113037109375,1433.3328674316406,1323.9337670898437,40.59405720688668,Menengah (Peternakan/Pakan/Protein)
2024-08-12,JPFA.JK,1410.4779052734375,1432.2445373535156,1327.3293603515624,42.857142857142854,Menengah (Peternakan/Pakan/Protein)
2024-08-13,JPFA.JK,1380.004638671875,1429.6325439453126,1331.07322265625,40.54053849228023,Menengah (Peternakan/Pakan/Protein)
2024-08-14,JPFA.JK,1380.004638671875,1425.4968872070312,1334.904150390625,39.44955379308039,Menengah (Peternakan/Pakan/Protein)
2024-08-15,JPFA.JK,1388.7113037109375,1420.9258972167968,1338.3868115234375,42.452839422436185,Menengah (Peternakan/Pakan/Protein)
2024-08-16,JPFA.JK,1393.0645751953125,1417.2255615234376,1342.4789379882814,44.23077804533262,Menengah (Peternakan/Pakan/Protein)
2024-08-19,JPFA.JK,1384.35791015625,1412.8722290039063,1346.9193310546875,56.09756514584743,Menengah (Peternakan/Pakan/Protein)
2024-08-20,JPFA.JK,1384.35791015625,1408.3012329101562,1350.9243896484375,41.935450315503076,Menengah (Peternakan/Pakan/Protein)
2024-08-21,JPFA.JK,1366.944580078125,1403.0772338867187,1354.4941162109376,44.067795804633185,Menengah (Peternakan/Pakan/Protein)
2024-08-22,JPFA.JK,1384.35791015625,1398.28857421875,1358.9345092773438,48.387093856325734,Menengah (Peternakan/Pakan/Protein)
2024-08-23,JPFA.JK,1375.6513671875,1394.1529174804687,1363.2878369140626,52.63159707156483,Menengah (Peternakan/Pakan/Protein)
2024-08-26,JPFA.JK,1380.004638671875,1390.8879272460938,1367.7282299804688,44.89796035155065,Menengah (Peternakan/Pakan/Protein)
2024-08-27,JPFA.JK,1436.5977783203125,1395.6765869140625,1373.9970190429688,50.0,Menengah (Peternakan/Pakan/Protein)
2024-08-28,JPFA.JK,1427.891357421875,1395.6765869140625,1378.4374169921875,47.272755081751576,Menengah (Peternakan/Pakan/Protein)
2024-08-29,JPFA.JK,1406.12451171875,1396.1119201660156,1382.2683422851562,54.16664962802205,Menengah (Peternakan/Pakan/Protein)
2024-08-30,JPFA.JK,1388.7113037109375,1395.8942565917969,1384.8803393554688,44.6808485250565,Menengah (Peternakan/Pakan/Protein)
2024-09-02,JPFA.JK,1336.471435546875,1394.5882629394532,1386.2734057617188,40.384611236575495,Menengah (Peternakan/Pakan/Protein)
2024-09-03,JPFA.JK,1375.6513671875,1393.2822692871093,1388.9724682617189,49.18033691182243,Menengah (Peternakan/Pakan/Protein)
2024-09-04,JPFA.JK,1358.238037109375,1389.3642822265624,1390.8879345703126,44.444439498987634,Menengah (Peternakan/Pakan/Protein)
2024-09-05,JPFA.JK,1419.1845703125,1388.2759521484375,1394.0223315429687,53.94737861591688,Menengah (Peternakan/Pakan/Protein)
2024-09-06,JPFA.JK,1397.4178466796875,1388.711279296875,1397.1567236328126,51.8987296842295,Menengah (Peternakan/Pakan/Protein)
2024-09-09,JPFA.JK,1384.35791015625,1387.4052795410157,1399.3333862304687,50.0,Menengah (Peternakan/Pakan/Protein)
2024-09-10,JPFA.JK,1371.2979736328125,1386.9699462890626,1401.5100512695312,50.61729420785798,Menengah (Peternakan/Pakan/Protein)
2024-09-11,JPFA.JK,1340.8245849609375,1385.0109436035157,1402.6419140625,44.047605138529526,Menengah (Peternakan/Pakan/Protein)
2024-09-12,JPFA.JK,1345.177978515625,1382.83427734375,1402.380712890625,45.783116248679896,Menengah (Peternakan/Pakan/Protein)
2024-09-13,JPFA.JK,1340.8245849609375,1380.2222778320313,1402.380712890625,44.578296564541084,Menengah (Peternakan/Pakan/Protein)
2024-09-17,JPFA.JK,1362.59130859375,1379.1339477539063,1402.5548461914063,38.6666841142041,Menengah (Peternakan/Pakan/Protein)
2024-09-18,JPFA.JK,1345.177978515625,1377.174951171875,1402.0324462890626,37.66232631175683,Menengah (Peternakan/Pakan/Protein)
2024-09-19,JPFA.JK,1345.177978515625,1376.08662109375,1401.8583129882813,40.27778967775806,Menengah (Peternakan/Pakan/Protein)
2024-09-20,JPFA.JK,1358.238037109375,1374.7806274414063,1400.813515625,45.070431435243634,Menengah (Peternakan/Pakan/Protein)
2024-09-23,JPFA.JK,1340.8245849609375,1373.039288330078,1399.5075170898438,50.793616882067745,Menengah (Peternakan/Pakan/Protein)
2024-09-24,JPFA.JK,1362.59130859375,1372.1686218261718,1398.114453125,47.45761825777414,Menengah (Peternakan/Pakan/Protein)
2024-09-25,JPFA.JK,1314.7047119140625,1366.0739685058593,1395.7636572265626,42.42424886148649,Menengah (Peternakan/Pakan/Protein)
2024-09-26,JPFA.JK,1245.0513916015625,1356.9319702148437,1391.4103295898437,20.588292297116794,Menengah (Peternakan/Pakan/Protein)
2024-09-27,JPFA.JK,1266.818115234375,1349.966650390625,1387.1440698242188,27.9412449954702,Menengah (Peternakan/Pakan/Protein)
2024-09-30,JPFA.JK,1253.7581787109375,1343.218994140625,1382.8778076171875,27.9412449954702,Menengah (Peternakan/Pakan/Protein)
2024-10-01,JPFA.JK,1253.7581787109375,1339.0833312988282,1378.5244799804686,29.230832944359648,Menengah (Peternakan/Pakan/Protein)
2024-10-02,JPFA.JK,1249.40478515625,1332.7710021972657,1373.9970190429688,32.20345507870145,Menengah (Peternakan/Pakan/Protein)
2024-10-03,JPFA.JK,1266.818115234375,1328.2000061035155,1369.9048901367187,35.48391327669128,Menengah (Peternakan/Pakan/Protein)
2024-10-04,JPFA.JK,1258.1114501953125,1320.1463500976563,1365.4644970703125,34.92068508149586,Menengah (Peternakan/Pakan/Protein)
2024-10-07,JPFA.JK,1279.878173828125,1314.2693664550782,1361.8947705078126,34.92068508149586,Menengah (Peternakan/Pakan/Protein)
2024-10-08,JPFA.JK,1284.2314453125,1309.2630432128906,1358.673310546875,38.33336760521781,Menengah (Peternakan/Pakan/Protein)
2024-10-09,JPFA.JK,1271.17138671875,1304.2567138671875,1357.2802465820312,36.50796264810348,Menengah (Peternakan/Pakan/Protein)
2024-10-10,JPFA.JK,1310.3514404296875,1302.733056640625,1354.9294482421874,42.02900376516581,Menengah (Peternakan/Pakan/Protein)
2024-10-11,JPFA.JK,1297.2913818359375,1300.3387268066406,1352.9269189453125,42.64708550579533,Menengah (Peternakan/Pakan/Protein)
2024-10-14,JPFA.JK,1345.177978515625,1300.556396484375,1351.9691870117188,47.29729832142616,Menengah (Peternakan/Pakan/Protein)
2024-10-15,JPFA.JK,1401.771240234375,1302.5153930664062,1352.7527856445313,63.15787143436403,Menengah (Peternakan/Pakan/Protein)
2024-10-16,JPFA.JK,1406.12451171875,1305.5627197265626,1352.8398510742188,80.32782740564666,Menengah (Peternakan/Pakan/Protein)
2024-10-17,JPFA.JK,1388.7113037109375,1307.7393859863282,1351.8821215820312,73.33332087081241,Menengah (Peternakan/Pakan/Protein)
2024-10-18,JPFA.JK,1401.771240234375,1309.9160461425781,1351.0985229492187,78.33329984030837,Menengah (Peternakan/Pakan/Protein)
2024-10-21,JPFA.JK,1397.4178466796875,1312.7457092285156,1351.2726538085938,77.04912908451365,Menengah (Peternakan/Pakan/Protein)
2024-10-22,JPFA.JK,1433.832763671875,1316.3077819824218,1351.7397509765624,80.98434821128274,Menengah (Peternakan/Pakan/Protein)
2024-10-23,JPFA.JK,1493.0068359375,1325.2228881835938,1353.999794921875,83.32425713015492,Menengah (Peternakan/Pakan/Protein)
2024-10-24,JPFA.JK,1543.0772705078125,1340.1241821289063,1357.2612475585938,87.4226999797372,Menengah (Peternakan/Pakan/Protein)
2024-10-25,JPFA.JK,1529.421630859375,1353.2543579101562,1360.0754541015624,83.4842444235513,Menengah (Peternakan/Pakan/Protein)
2024-10-28,JPFA.JK,1515.76611328125,1366.354754638672,1362.5294848632811,80.31110588364643,Menengah (Peternakan/Pakan/Protein)
2024-10-29,JPFA.JK,1665.9771728515625,1386.9657043457032,1368.1618701171874,88.0292734663354,Menengah (Peternakan/Pakan/Protein)
2024-10-30,JPFA.JK,1647.7696533203125,1406.8839477539063,1373.4301049804687,83.86992501913977,Menengah (Peternakan/Pakan/Protein)
2024-10-31,JPFA.JK,1665.9771728515625,1426.8419006347656,1379.4107568359375,86.6300189488575,Menengah (Peternakan/Pakan/Protein)
2024-11-01,JPFA.JK,1593.1475830078125,1443.5937072753907,1383.5865502929687,73.47310809845784,Menengah (Peternakan/Pakan/Protein)
2024-11-04,JPFA.JK,1634.1142578125,1461.3055114746094,1388.7558081054688,72.66439405991338,Menengah (Peternakan/Pakan/Protein)
2024-11-05,JPFA.JK,1629.5623779296875,1478.5720581054688,1393.746962890625,71.78728012487672,Menengah (Peternakan/Pakan/Protein)
2024-11-06,JPFA.JK,1579.491943359375,1493.9880859375,1396.6048461914063,67.48905755423218,Menengah (Peternakan/Pakan/Protein)
2024-11-07,JPFA.JK,1552.1807861328125,1506.0795532226562,1399.090634765625,63.43710665692163,Menengah (Peternakan/Pakan/Protein)
2024-11-08,JPFA.JK,1570.3883056640625,1519.7343994140624,1402.3759106445314,65.0793569712178,Menengah (Peternakan/Pakan/Protein)
2024-11-11,JPFA.JK,1574.940185546875,1531.222509765625,1406.10048828125,63.02519872140422,Menengah (Peternakan/Pakan/Protein)
2024-11-12,JPFA.JK,1606.802978515625,1541.4740966796876,1411.507119140625,61.061924220281114,Menengah (Peternakan/Pakan/Protein)
2024-11-13,JPFA.JK,1561.2845458984375,1549.2320983886718,1415.2197827148439,51.78570060320702,Menengah (Peternakan/Pakan/Protein)
2024-11-14,JPFA.JK,1547.62890625,1557.177978515625,1419.0076000976562,51.78570060320702,Menengah (Peternakan/Pakan/Protein)
2024-11-15,JPFA.JK,1556.732666015625,1564.9260498046874,1421.7585620117188,54.0540403415658,Menengah (Peternakan/Pakan/Protein)
2024-11-18,JPFA.JK,1556.732666015625,1572.8917907714845,1424.9448583984374,34.61539122724321,Menengah (Peternakan/Pakan/Protein)
2024-11-19,JPFA.JK,1561.2845458984375,1579.2643798828126,1428.4833911132812,37.33335478749652,Menengah (Peternakan/Pakan/Protein)
2024-11-20,JPFA.JK,1547.62890625,1581.9954833984375,1432.010009765625,32.43242753511579,Menengah (Peternakan/Pakan/Protein)
2024-11-21,JPFA.JK,1547.62890625,1582.2230651855468,1436.1460961914063,41.37928961771373,Menengah (Peternakan/Pakan/Protein)
2024-11-22,JPFA.JK,1602.251220703125,1585.8645446777343,1441.2875610351562,44.262289316272,Menengah (Peternakan/Pakan/Protein)
2024-11-25,JPFA.JK,1602.251220703125,1590.1888000488282,1446.51609375,44.99999776519233,Menengah (Peternakan/Pakan/Protein)
2024-11-26,JPFA.JK,1547.62890625,1584.27138671875,1450.216845703125,44.262289316272,Menengah (Peternakan/Pakan/Protein)
2024-11-28,JPFA.JK,1561.2845458984375,1579.9471313476563,1454.5389770507813,51.72414590299766,Menengah (Peternakan/Pakan/Protein)
2024-11-29,JPFA.JK,1556.732666015625,1574.4849060058593,1458.7700708007812,47.27271397469873,Menengah (Peternakan/Pakan/Protein)
2024-12-02,JPFA.JK,1556.732666015625,1572.66416015625,1462.7399633789062,46.296277902816655,Menengah (Peternakan/Pakan/Protein)
2024-12-03,JPFA.JK,1602.251220703125,1571.0710083007812,1467.96849609375,49.12282682745979,Menengah (Peternakan/Pakan/Protein)
2024-12-04,JPFA.JK,1652.321533203125,1572.208966064453,1473.7631005859375,67.24133546456761,Menengah (Peternakan/Pakan/Protein)
2024-12-05,JPFA.JK,1661.42529296875,1576.3056335449219,1480.6975122070312,71.92979979900859,Menengah (Peternakan/Pakan/Protein)
2024-12-06,JPFA.JK,1684.1845703125,1582.9058227539062,1489.48017578125,73.33330353591111,Menengah (Peternakan/Pakan/Protein)
2024-12-09,JPFA.JK,1779.7734375,1593.3750793457032,1499.7392822265624,80.24688169821553,Menengah (Peternakan/Pakan/Protein)
2024-12-10,JPFA.JK,1757.0140380859375,1602.4787719726562,1509.8043994140626,75.2940638260952,Menengah (Peternakan/Pakan/Protein)
2024-12-11,JPFA.JK,1752.4622802734375,1609.761737060547,1519.7784814453125,77.10841232438042,Menengah (Peternakan/Pakan/Protein)
2024-12-12,JPFA.JK,1784.3253173828125,1620.9137756347657,1530.4768920898437,78.88887134150757,Menengah (Peternakan/Pakan/Protein)
2024-12-13,JPFA.JK,1775.2215576171875,1632.293408203125,1540.6449609375,73.74996857301369,Menengah (Peternakan/Pakan/Protein)
2024-12-16,JPFA.JK,1775.2215576171875,1643.2178527832032,1550.9871630859375,73.74996857301369,Menengah (Peternakan/Pakan/Protein)
2024-12-17,JPFA.JK,1675.080810546875,1649.1352600097657,1558.8912158203125,65.55554959606579,Menengah (Peternakan/Pakan/Protein)
2024-12-18,JPFA.JK,1757.0140380859375,1658.9217346191406,1568.3468676757811,70.47617028688828,Menengah (Peternakan/Pakan/Protein)
2024-12-19,JPFA.JK,1684.1845703125,1665.7495178222657,1576.6071313476561,61.66667262616176,Menengah (Peternakan/Pakan/Protein)
2024-12-20,JPFA.JK,1720.599365234375,1674.3980407714844,1584.81208984375,64.06250458310794,Menengah (Peternakan/Pakan/Protein)
2024-12-23,JPFA.JK,1738.8067626953125,1681.2258178710938,1593.6423974609374,62.29508340863914,Menengah (Peternakan/Pakan/Protein)
2024-12-24,JPFA.JK,1720.599365234375,1687.1432250976563,1601.1508251953126,56.521745213851574,Menengah (Peternakan/Pakan/Protein)
2024-12-27,JPFA.JK,1706.9437255859375,1695.1089660644532,1607.2542749023437,54.310337054909525,Menengah (Peternakan/Pakan/Protein)
2024-12-30,JPFA.JK,1766.1177978515625,1705.3506286621093,1614.454140625,57.25805596989667,Menengah (Peternakan/Pakan/Protein)
2025-01-02,JPFA.JK,1716.0474853515625,1713.3163696289062,1621.0008642578125,43.85964540843991,Menengah (Peternakan/Pakan/Protein)
2025-01-03,JPFA.JK,1706.9437255859375,1720.826922607422,1627.1043139648436,45.04504896290262,Menengah (Peternakan/Pakan/Protein)
2025-01-06,JPFA.JK,1684.1845703125,1724.9235900878907,1632.8396484375,43.478264925177356,Menengah (Peternakan/Pakan/Protein)
2025-01-07,JPFA.JK,1706.9437255859375,1727.6546997070313,1638.3018676757813,42.47785993447928,Menengah (Peternakan/Pakan/Protein)
2025-01-08,JPFA.JK,1670.5289306640625,1728.109881591797,1641.8523095703124,40.336123280509135,Menengah (Peternakan/Pakan/Protein)
2025-01-09,JPFA.JK,1652.321533203125,1726.5167297363282,1644.0371948242187,39.02437907648835,Menengah (Peternakan/Pakan/Protein)
2025-01-10,JPFA.JK,1670.5289306640625,1721.0545043945312,1646.8593408203126,49.523806118380705,Menengah (Peternakan/Pakan/Protein)
2025-01-13,JPFA.JK,1702.391845703125,1718.3233947753906,1650.59185546875,43.617018545045696,Menengah (Peternakan/Pakan/Protein)
2025-01-14,JPFA.JK,1697.8399658203125,1715.5922790527343,1651.229111328125,51.89871312178548,Menengah (Peternakan/Pakan/Protein)
2025-01-15,JPFA.JK,1706.9437255859375,1711.7231994628905,1652.4125927734376,47.945191891932595,Menengah (Peternakan/Pakan/Protein)
2025-01-16,JPFA.JK,1684.1845703125,1707.1713500976562,1652.7767407226563,41.891890422694765,Menengah (Peternakan/Pakan/Protein)
2025-01-17,JPFA.JK,1688.7364501953125,1702.8470947265625,1654.6885180664062,45.070426791151355,Menengah (Peternakan/Pakan/Protein)
2025-01-20,JPFA.JK,1779.7734375,1708.0817260742188,1657.6017016601563,59.09092709869449,Menengah (Peternakan/Pakan/Protein)
2025-01-21,JPFA.JK,1757.0140380859375,1708.0817260742188,1660.1507348632813,48.749991619456274,Menengah (Peternakan/Pakan/Protein)
2025-01-22,JPFA.JK,1734.2548828125,1710.5852416992188,1663.2459936523437,52.702703192435074,Menengah (Peternakan/Pakan/Protein)
2025-01-23,JPFA.JK,1706.9437255859375,1709.9024597167968,1666.3412524414061,50.0,Menengah (Peternakan/Pakan/Protein)
2025-01-24,JPFA.JK,1838.947509765625,1714.9094970703125,1671.7124365234374,66.66666666666666,Menengah (Peternakan/Pakan/Protein)
2025-01-30,JPFA.JK,1820.739990234375,1719.9165283203124,1676.6284326171874,62.376230262757865,Menengah (Peternakan/Pakan/Protein)
2025-01-31,JPFA.JK,1816.1881103515625,1725.3787475585937,1680.8161352539062,67.02125959945748,Menengah (Peternakan/Pakan/Protein)
2025-02-03,JPFA.JK,1820.739990234375,1728.1098571777343,1686.005244140625,70.32965154658619,Menengah (Peternakan/Pakan/Protein)
2025-02-04,JPFA.JK,1848.051025390625,1734.7100341796875,1692.0136865234374,70.96771868044155,Menengah (Peternakan/Pakan/Protein)
2025-02-05,JPFA.JK,1902.67333984375,1744.496514892578,1698.9325,72.44896563009844,Menengah (Peternakan/Pakan/Protein)
2025-02-06,JPFA.JK,1875.3623046875,1754.055401611328,1705.3050927734375,68.9320431322569,Menengah (Peternakan/Pakan/Protein)
2025-02-07,JPFA.JK,1893.569580078125,1763.3866943359376,1711.9507934570313,69.52380149673552,Menengah (Peternakan/Pakan/Protein)
2025-02-10,JPFA.JK,1920.8807373046875,1775.9042846679688,1719.415830078125,74.528280167211,Menengah (Peternakan/Pakan/Protein)
2025-02-11,JPFA.JK,1875.3623046875,1787.0563232421875,1725.970498046875,67.82607843974023,Menengah (Peternakan/Pakan/Protein)
2025-02-12,JPFA.JK,1866.258544921875,1796.8428039550781,1731.25064453125,59.793802177045585,Menengah (Peternakan/Pakan/Protein)
2025-02-13,JPFA.JK,1893.569580078125,1806.4016906738282,1737.07701171875,65.30612300744959,Menengah (Peternakan/Pakan/Protein)
2025-02-14,JPFA.JK,1802.5325927734375,1811.6363220214844,1742.1750854492188,56.63716163090693,Menengah (Peternakan/Pakan/Protein)
2025-02-17,JPFA.JK,1797.980712890625,1816.1881713867188,1746.9090087890625,59.25925466088364,Menengah (Peternakan/Pakan/Protein)
2025-02-18,JPFA.JK,1816.1881103515625,1822.788348388672,1752.0981176757812,46.98793234305891,Menengah (Peternakan/Pakan/Protein)
2025-02-19,JPFA.JK,1793.4288330078125,1828.022967529297,1756.832041015625,46.42856344710121,Menengah (Peternakan/Pakan/Protein)
2025-02-20,JPFA.JK,1811.6363525390625,1829.61611328125,1761.0197436523438,49.42529904855613,Menengah (Peternakan/Pakan/Protein)
2025-02-21,JPFA.JK,1788.8770751953125,1831.2092651367188,1763.7508544921875,46.15385068769806,Menengah (Peternakan/Pakan/Protein)
2025-02-24,JPFA.JK,1797.980712890625,1834.395556640625,1766.481962890625,43.678166234192176,Menengah (Peternakan/Pakan/Protein)
2025-02-25,JPFA.JK,1797.980712890625,1838.9474060058594,1768.7578857421875,34.66665188711089,Menengah (Peternakan/Pakan/Protein)
2025-02-26,JPFA.JK,1757.0140380859375,1834.850732421875,1768.3026977539062,33.33331041219202,Menengah (Peternakan/Pakan/Protein)
2025-02-27,JPFA.JK,1725.1512451171875,1830.0712951660157,1767.6654418945313,27.1605081332239,Menengah (Peternakan/Pakan/Protein)
2025-02-28,JPFA.JK,1697.8399658203125,1824.1538879394532,1766.5729956054688,19.753078244862422,Menengah (Peternakan/Pakan/Protein)
2025-03-03,JPFA.JK,1838.947509765625,1825.0642639160155,1767.665439453125,46.07843498123812,Menengah (Peternakan/Pakan/Protein)
2025-03-04,JPFA.JK,1838.947509765625,1824.6090881347657,1768.9399584960938,47.00000911802424,Menengah (Peternakan/Pakan/Protein)
2025-03-05,JPFA.JK,1920.8807373046875,1825.5194580078125,1771.8531420898437,52.67857549056674,Menengah (Peternakan/Pakan/Protein)
2025-03-06,JPFA.JK,1939.0880126953125,1828.705743408203,1777.1332861328126,65.62498428648928,Menengah (Peternakan/Pakan/Protein)
2025-03-07,JPFA.JK,1929.9844970703125,1830.5264892578125,1780.5926953125,64.94846985451238,Menengah (Peternakan/Pakan/Protein)
2025-03-10,JPFA.JK,1984.606689453125,1833.7127868652344,1786.6011376953124,67.61906245697988,Menengah (Peternakan/Pakan/Protein)
2025-03-11,JPFA.JK,1929.9844970703125,1836.443896484375,1790.7888403320312,63.39287510116513,Menengah (Peternakan/Pakan/Protein)
2025-03-12,JPFA.JK,1929.9844970703125,1839.630194091797,1794.6123950195313,62.037046233795124,Menengah (Peternakan/Pakan/Protein)
2025-03-13,JPFA.JK,1929.9844970703125,1841.4509399414062,1798.80009765625,65.04855835073448,Menengah (Peternakan/Pakan/Protein)
2025-03-14,JPFA.JK,1902.67333984375,1846.4579772949219,1802.7146899414063,60.74767362357314,Menengah (Peternakan/Pakan/Protein)
2025-03-17,JPFA.JK,1866.258544921875,1849.8718688964843,1804.7175048828126,56.52174825556421,Menengah (Peternakan/Pakan/Protein)
2025-03-18,JPFA.JK,1811.6363525390625,1849.6442810058593,1806.6292822265625,55.08475770396484,Menengah (Peternakan/Pakan/Protein)
2025-03-19,JPFA.JK,1807.08447265625,1850.3270629882813,1808.6320971679688,58.035706375509086,Menengah (Peternakan/Pakan/Protein)
2025-03-20,JPFA.JK,1816.1881103515625,1850.5546508789062,1811.27216796875,62.037046233795124,Menengah (Peternakan/Pakan/Protein)
2025-03-21,JPFA.JK,1802.5325927734375,1851.2374267578125,1813.1839453125,44.99997821056439,Menengah (Peternakan/Pakan/Protein)
2025-03-24,JPFA.JK,1802.5325927734375,1851.465020751953,1815.8240185546874,44.99997821056439,Menengah (Peternakan/Pakan/Protein)
2025-03-25,JPFA.JK,1779.7734375,1850.5546569824219,1818.373056640625,26.865646550533697,Menengah (Peternakan/Pakan/Protein)
2025-03-26,JPFA.JK,1829.84375,1854.196142578125,1821.5593530273438,33.783787211912895,Menengah (Peternakan/Pakan/Protein)
2025-03-27,JPFA.JK,1829.84375,1859.4307678222656,1824.1083911132812,34.72220722000873,Menengah (Peternakan/Pakan/Protein)
2025-04-08,JPFA.JK,1725.1512451171875,1860.7963317871095,1824.6546166992186,15.662632695361651,Menengah (Peternakan/Pakan/Protein)
2025-04-09,JPFA.JK,1711.49560546875,1854.4237365722656,1824.745654296875,17.567543570681252,Menengah (Peternakan/Pakan/Protein)
2025-04-10,JPFA.JK,1793.4288330078125,1852.147802734375,1826.9305395507813,33.69562555894599,Menengah (Peternakan/Pakan/Protein)
2025-04-11,JPFA.JK,1770.669677734375,1844.6372497558593,1828.5692041015625,31.958743790100485,Menengah (Peternakan/Pakan/Protein)
2025-04-14,JPFA.JK,1866.258544921875,1840.9957763671875,1830.29890625,46.42856971825557,Menengah (Peternakan/Pakan/Protein)
2025-04-15,JPFA.JK,1820.739990234375,1835.5335510253906,1831.5734252929688,45.61402765897986,Menengah (Peternakan/Pakan/Protein)
2025-04-16,JPFA.JK,1866.258544921875,1829.616143798828,1834.2134985351563,55.357144139879445,Menengah (Peternakan/Pakan/Protein)
2025-04-17,JPFA.JK,1829.84375,1824.6091064453126,1836.6714990234375,52.10084374492941,Menengah (Peternakan/Pakan/Protein)
2025-04-21,JPFA.JK,1734.2548828125,1814.8226257324218,1834.577646484375,43.478265094162346,Menengah (Peternakan/Pakan/Protein)
2025-04-22,JPFA.JK,1620.8431396484375,1799.3655578613282,1830.5797094726563,37.519809493463924,Menengah (Peternakan/Pakan/Protein)
2025-04-23,JPFA.JK,1625.568603515625,1785.510321044922,1826.7673193359376,37.922802990655576,Menengah (Peternakan/Pakan/Protein)
2025-04-24,JPFA.JK,1635.0196533203125,1773.9483764648437,1823.0529125976564,39.93827320766346,Menengah (Peternakan/Pakan/Protein)
2025-04-25,JPFA.JK,1682.2745361328125,1767.4802856445312,1819.7373828125,39.70226981825405,Menengah (Peternakan/Pakan/Protein)
2025-04-28,JPFA.JK,1781.509765625,1766.2015502929687,1817.314111328125,47.03744583704695,Menengah (Peternakan/Pakan/Protein)
2025-04-29,JPFA.JK,1743.7059326171875,1762.57744140625,1814.6809838867186,51.238862463445415,Menengah (Peternakan/Pakan/Protein)
2025-04-30,JPFA.JK,1720.0784912109375,1758.454736328125,1811.211162109375,50.56553291972507,Menengah (Peternakan/Pakan/Protein)
2025-05-02,JPFA.JK,1653.921630859375,1751.024188232422,1805.8719799804687,40.612596225893114,Menengah (Peternakan/Pakan/Protein)
2025-05-05,JPFA.JK,1649.196044921875,1744.4953186035157,1801.3486547851562,41.622759150874046,Menengah (Peternakan/Pakan/Protein)
2025-05-06,JPFA.JK,1668.0980224609375,1736.4080322265625,1797.3854443359376,34.717732984457825,Menengah (Peternakan/Pakan/Protein)
2025-05-07,JPFA.JK,1696.450927734375,1729.7383911132813,1793.4430712890626,40.154061337524254,Menengah (Peternakan/Pakan/Protein)
2025-05-08,JPFA.JK,1658.6470947265625,1726.41318359375,1790.565361328125,33.34991078524453,Menengah (Peternakan/Pakan/Protein)
2025-05-09,JPFA.JK,1682.2745361328125,1724.952130126953,1788.2512377929688,37.917376716237705,Menengah (Peternakan/Pakan/Protein)
2025-05-14,JPFA.JK,1668.0980224609375,1718.6855895996093,1785.2894360351563,43.74999855846464,Menengah (Peternakan/Pakan/Protein)
2025-05-15,JPFA.JK,1734.2548828125,1716.8648498535156,1784.10595703125,61.76470662722934,Menengah (Peternakan/Pakan/Protein)
2025-05-16,JPFA.JK,1696.450927734375,1708.3744689941407,1781.8022485351562,56.88073198812567,Menengah (Peternakan/Pakan/Protein)
2025-05-19,JPFA.JK,1701.176513671875,1702.3962951660155,1780.0482373046875,56.48148170295189,Menengah (Peternakan/Pakan/Protein)
2025-05-20,JPFA.JK,1701.176513671875,1694.1421936035156,1778.1121533203125,52.04081820935187,Menengah (Peternakan/Pakan/Protein)
2025-05-21,JPFA.JK,1668.0980224609375,1686.0549072265626,1775.5144995117187,35.71429230415811,Menengah (Peternakan/Pakan/Protein)
2025-05-22,JPFA.JK,1620.8431396484375,1680.3843200683593,1772.7910815429686,34.88372162878029,Menengah (Peternakan/Pakan/Protein)
2025-05-23,JPFA.JK,1559.4117431640625,1677.3127502441407,1769.4762915039062,31.914893032315646,Menengah (Peternakan/Pakan/Protein)
2025-05-26,JPFA.JK,1531.058837890625,1672.5872619628906,1766.1406689453124,34.88372162878029,Menengah (Peternakan/Pakan/Protein)
2025-05-27,JPFA.JK,1583.0391845703125,1669.9882385253907,1761.0225024414062,42.708334174228675,Menengah (Peternakan/Pakan/Protein)
2025-05-28,JPFA.JK,1516.88232421875,1661.7186279296875,1754.5811987304687,34.90565968763869,Menengah (Peternakan/Pakan/Protein)
2025-06-02,JPFA.JK,1488.5294189453125,1647.0696105957031,1745.9341723632813,29.24528968615941,Menengah (Peternakan/Pakan/Protein)
2025-06-03,JPFA.JK,1493.2548828125,1634.5470581054688,1737.017509765625,32.32322942398402,Menengah (Peternakan/Pakan/Protein)
2025-06-04,JPFA.JK,1464.9019775390625,1621.788232421875,1727.715859375,27.000001549938233,Menengah (Peternakan/Pakan/Protein)
2025-06-05,JPFA.JK,1464.9019775390625,1612.3372497558594,1717.3217651367188,27.835055664625287,Menengah (Peternakan/Pakan/Protein)
2025-06-10,JPFA.JK,1512.1568603515625,1605.4852905273438,1708.9652124023437,24.73118428906851,Menengah (Peternakan/Pakan/Protein)
2025-06-11,JPFA.JK,1535.7843017578125,1598.8696044921876,1701.0812084960937,31.11111366245035,Menengah (Peternakan/Pakan/Protein)
2025-06-12,JPFA.JK,1507.431396484375,1589.4186279296875,1692.630146484375,28.421041754813785,Menengah (Peternakan/Pakan/Protein)
2025-06-13,JPFA.JK,1493.2548828125,1581.1490173339844,1684.44177734375,27.551006959436407,Menengah (Peternakan/Pakan/Protein)
2025-06-16,JPFA.JK,1464.9019775390625,1570.2803894042968,1676.4146459960937,27.835043859018384,Menengah (Peternakan/Pakan/Protein)
2025-06-17,JPFA.JK,1474.3529052734375,1560.5931335449218,1669.6689770507812,32.58425400894437,Menengah (Peternakan/Pakan/Protein)
2025-06-18,JPFA.JK,1464.9019775390625,1547.12548828125,1662.8253271484375,37.17948038597476,Menengah (Peternakan/Pakan/Protein)
2025-06-19,JPFA.JK,1441.2745361328125,1534.3666687011719,1655.3270556640625,37.66232851275229,Menengah (Peternakan/Pakan/Protein)
2025-06-20,JPFA.JK,1417.6470947265625,1520.1901977539062,1647.629345703125,25.352101914721302,Menengah (Peternakan/Pakan/Protein)
2025-06-23,JPFA.JK,1365.6666259765625,1503.4147033691406,1638.8920263671876,26.47057147556889,Menengah (Peternakan/Pakan/Protein)
2025-06-24,JPFA.JK,1375.11767578125,1488.7656860351562,1630.7989111328125,31.249997477312974,Menengah (Peternakan/Pakan/Protein)
2025-06-25,JPFA.JK,1346.7647705078125,1475.061767578125,1621.1373315429687,27.53623730987509,Menengah (Peternakan/Pakan/Protein)
2025-06-26,JPFA.JK,1412.921630859375,1467.7372619628907,1612.7988891601562,42.8571476497796,Menengah (Peternakan/Pakan/Protein)
2025-06-30,JPFA.JK,1431.823486328125,1462.7754943847656,1606.932333984375,45.67900250254576,Menengah (Peternakan/Pakan/Protein)
2025-07-01,JPFA.JK,1356.2156982421875,1451.4343200683593,1599.8267358398436,31.034474567635257,Menengah (Peternakan/Pakan/Protein)
2025-07-02,JPFA.JK,1379.8431396484375,1444.5823608398437,1591.5550219726563,31.034474567635257,Menengah (Peternakan/Pakan/Protein)
2025-07-03,JPFA.JK,1417.6470947265625,1441.0382446289063,1584.4945703125,39.32584041375823,Menengah (Peternakan/Pakan/Protein)
2025-07-04,JPFA.JK,1398.7451171875,1436.3127563476562,1575.1443017578124,38.888888888888886,Menengah (Peternakan/Pakan/Protein)
2025-07-07,JPFA.JK,1422.37255859375,1434.1862854003907,1567.176953125,44.943817615723695,Menengah (Peternakan/Pakan/Protein)
2025-07-08,JPFA.JK,1474.3529052734375,1434.6588317871094,1559.3388403320312,50.0,Menengah (Peternakan/Pakan/Protein)
2025-07-09,JPFA.JK,1526.3333740234375,1435.367657470703,1553.2686328125,56.074768837063324,Menengah (Peternakan/Pakan/Protein)
2025-07-10,JPFA.JK,1540.509765625,1435.6039306640625,1549.39373046875,59.99999507955983,Menengah (Peternakan/Pakan/Protein)
2025-07-11,JPFA.JK,1497.9803466796875,1435.1313781738281,1546.936474609375,57.79815818000238,Menengah (Peternakan/Pakan/Protein)
2025-07-14,JPFA.JK,1512.1568603515625,1436.0764770507812,1544.6682397460938,65.3465417439931,Menengah (Peternakan/Pakan/Protein)
2025-07-15,JPFA.JK,1488.5294189453125,1437.2578491210938,1541.7384350585937,61.5384634491358,Menengah (Peternakan/Pakan/Protein)
2025-07-16,JPFA.JK,1531.058837890625,1440.0931457519532,1538.71412109375,68.22429883979113,Menengah (Peternakan/Pakan/Protein)
2025-07-17,JPFA.JK,1597.2156982421875,1446.7088317871094,1535.0282397460937,68.22429883979113,Menengah (Peternakan/Pakan/Protein)
2025-07-18,JPFA.JK,1587.7647705078125,1454.0333435058594,1531.9094165039062,65.71429906976618,Menengah (Peternakan/Pakan/Protein)
2025-07-21,JPFA.JK,1625.568603515625,1464.4294189453126,1530.01921875,79.38144659355679,Menengah (Peternakan/Pakan/Protein)
2025-07-22,JPFA.JK,1611.3922119140625,1476.7156982421875,1529.1686303710937,75.78948999935827,Menengah (Peternakan/Pakan/Protein)
2025-07-23,JPFA.JK,1578.313720703125,1486.8755004882812,1527.7509838867188,68.08510813709705,Menengah (Peternakan/Pakan/Protein)
2025-07-24,JPFA.JK,1564.13720703125,1497.744122314453,1525.671767578125,68.81720221035725,Menengah (Peternakan/Pakan/Protein)
2025-07-25,JPFA.JK,1521.6077880859375,1503.1784301757812,1522.1749047851563,60.824737875257625,Menengah (Peternakan/Pakan/Protein)
2025-07-28,JPFA.JK,1559.4117431640625,1509.557843017578,1520.1901977539062,59.57447042393017,Menengah (Peternakan/Pakan/Protein)
2025-07-29,JPFA.JK,1592.490234375,1521.3715698242188,1518.39451171875,57.777778415612595,Menengah (Peternakan/Pakan/Protein)
2025-07-30,JPFA.JK,1545.2353515625,1529.641180419922,1515.9372583007812,50.515474350384075,Menengah (Peternakan/Pakan/Protein)
2025-07-31,JPFA.JK,1512.1568603515625,1534.3666687011719,1511.4952978515626,51.57895194810916,Menengah (Peternakan/Pakan/Protein)
2025-08-01,JPFA.JK,1592.490234375,1544.0539245605469,1509.416083984375,57.79816818156934,Menengah (Peternakan/Pakan/Protein)
2025-08-04,JPFA.JK,1606.6666259765625,1553.2686279296875,1507.5258862304688,61.68223847806668,Menengah (Peternakan/Pakan/Protein)
2025-08-05,JPFA.JK,1559.4117431640625,1557.5215698242187,1504.6905908203125,52.77777445572163,Menengah (Peternakan/Pakan/Protein)
2025-08-06,JPFA.JK,1531.058837890625,1557.7578430175781,1501.9498071289063,42.999999225030685,Menengah (Peternakan/Pakan/Protein)
2025-08-07,JPFA.JK,1512.1568603515625,1556.3401977539063,1499.7760815429688,42.156855792920126,Menengah (Peternakan/Pakan/Protein)
2025-08-08,JPFA.JK,1502.7059326171875,1556.5764770507812,1498.6419653320313,36.45834258318204,Menengah (Peternakan/Pakan/Protein)
2025-08-11,JPFA.JK,1497.9803466796875,1555.8676513671876,1497.9803955078125,37.23403729084085,Menengah (Peternakan/Pakan/Protein)
2025-08-12,JPFA.JK,1488.5294189453125,1555.8676513671876,1496.0902001953125,39.32584661012006,Menengah (Peternakan/Pakan/Protein)
2025-08-13,JPFA.JK,1479.0784912109375,1553.2686340332032,1495.3341235351563,39.772740282282534,Menengah (Peternakan/Pakan/Protein)
2025-08-14,JPFA.JK,1450.7254638671875,1545.9441223144531,1494.5780444335937,41.176475951342894,Menengah (Peternakan/Pakan/Protein)
2025-08-15,JPFA.JK,1464.9019775390625,1539.8009826660157,1494.010986328125,37.50000807259393,Menengah (Peternakan/Pakan/Protein)
2025-08-19,JPFA.JK,1446.0,1530.8225524902343,1493.6329467773437,29.870127255965244,Menengah (Peternakan/Pakan/Protein)
2025-08-20,JPFA.JK,1483.803955078125,1524.4431396484374,1494.010986328125,41.333332414851576,Menengah (Peternakan/Pakan/Protein)
2025-08-21,JPFA.JK,1554.686279296875,1523.261767578125,1494.8615747070312,55.42168749694603,Menengah (Peternakan/Pakan/Protein)
2025-08-22,JPFA.JK,1554.686279296875,1522.7892211914063,1495.2396142578125,43.93938800911176,Menengah (Peternakan/Pakan/Protein)
2025-08-25,JPFA.JK,1526.3333740234375,1523.0255004882813,1495.6176538085938,37.68117244224607,Menengah (Peternakan/Pakan/Protein)
2025-08-26,JPFA.JK,1516.88232421875,1520.8990295410156,1496.0902026367187,42.62295220813209,Menengah (Peternakan/Pakan/Protein)
2025-08-27,JPFA.JK,1573.5882568359375,1519.9539306640625,1498.2639282226562,56.71641503315979,Menengah (Peternakan/Pakan/Protein)
2025-08-28,JPFA.JK,1559.4117431640625,1520.6627502441406,1499.9651049804688,57.57574927336903,Menengah (Peternakan/Pakan/Protein)
2025-08-29,JPFA.JK,1549.9608154296875,1522.5529479980469,1501.6662817382812,57.57574927336903,Menengah (Peternakan/Pakan/Protein)
2025-09-01,JPFA.JK,1531.058837890625,1519.481378173828,1503.4619677734374,55.072470821672916,Menengah (Peternakan/Pakan/Protein)
2025-09-02,JPFA.JK,1620.8431396484375,1520.190203857422,1507.525888671875,66.27906208341668,Menengah (Peternakan/Pakan/Protein)
2025-09-03,JPFA.JK,1587.7647705078125,1521.6078552246095,1511.9678515625,62.63735827011044,Menengah (Peternakan/Pakan/Protein)
2025-09-04,JPFA.JK,1663.37255859375,1528.2235412597656,1517.73294921875,72.27723025510296,Menengah (Peternakan/Pakan/Protein)
2025-09-08,JPFA.JK,1597.2156982421875,1532.4764831542968,1522.7419677734374,62.5,Menengah (Peternakan/Pakan/Protein)
2025-09-09,JPFA.JK,1687.0,1541.6911865234374,1528.22353515625,70.07874175908667,Menengah (Peternakan/Pakan/Protein)
2025-09-10,JPFA.JK,1672.823486328125,1550.4333435058593,1533.04353515625,66.39343706910863,Menengah (Peternakan/Pakan/Protein)
2025-09-11,JPFA.JK,1781.509765625,1565.0823608398437,1541.5494165039063,68.46153509875293,Menengah (Peternakan/Pakan/Protein)
2025-09-12,JPFA.JK,1828.7647705078125,1582.5666748046874,1550.5278491210938,70.71428716405782,Menengah (Peternakan/Pakan/Protein)
2025-09-15,JPFA.JK,1790.9608154296875,1599.5784423828125,1557.9941235351562,69.7183042222713,Menengah (Peternakan/Pakan/Protein)
2025-09-16,JPFA.JK,1842.941162109375,1618.480401611328,1566.8780444335937,72.84768143943762,Menengah (Peternakan/Pakan/Protein)
2025-09-17,JPFA.JK,1880.7451171875,1640.2176574707032,1576.0454956054687,72.10884222242879,Menengah (Peternakan/Pakan/Protein)
2025-09-18,JPFA.JK,1984.7059326171875,1665.2627563476562,1586.2525561523437,77.10843748473015,Menengah (Peternakan/Pakan/Protein)
2025-09-19,JPFA.JK,1937.450927734375,1684.4009887695313,1594.4749072265624,73.56320815208039,Menengah (Peternakan/Pakan/Protein)
2025-09-22,JPFA.JK,1857.11767578125,1699.52255859375,1600.8070654296876,68.4491969744984,Menengah (Peternakan/Pakan/Protein)
2025-09-23,JPFA.JK,1852.3922119140625,1715.8255004882812,1607.895302734375,64.49704350037817,Menengah (Peternakan/Pakan/Protein)
2025-09-24,JPFA.JK,1809.86279296875,1730.4745239257813,1613.8494213867189,63.74268670145518,Menengah (Peternakan/Pakan/Protein)
2025-09-25,JPFA.JK,1899.6470947265625,1746.7774658203125,1622.0717749023438,64.36781455614539,Menengah (Peternakan/Pakan/Protein)
2025-09-26,JPFA.JK,1937.450927734375,1765.679425048828,1630.1996166992187,71.42856483869802,Menengah (Peternakan/Pakan/Protein)
2025-09-29,JPFA.JK,1847.6666259765625,1780.564715576172,1635.2086352539063,60.11904386648082,Menengah (Peternakan/Pakan/Protein)
2025-09-30,JPFA.JK,1852.3922119140625,1796.6313842773438,1640.5011840820312,61.44578725729891,Menengah (Peternakan/Pakan/Protein)
2025-10-01,JPFA.JK,1937.450927734375,1812.4617736816406,1646.7388305664062,60.24844580975935,Menengah (Peternakan/Pakan/Protein)
2025-10-02,JPFA.JK,1984.7059326171875,1832.3088317871093,1654.2051049804688,60.24844580975935,Menengah (Peternakan/Pakan/Protein)
2025-10-03,JPFA.JK,1984.7059326171875,1848.3755004882812,1662.33294921875,63.39869413468188,Menengah (Peternakan/Pakan/Protein)
2025-10-06,JPFA.JK,1965.803955078125,1866.804913330078,1670.3662841796875,58.90411225516372,Menengah (Peternakan/Pakan/Protein)
2025-10-07,JPFA.JK,1994.1568603515625,1882.1627563476563,1679.817265625,58.33333183840816,Menengah (Peternakan/Pakan/Protein)
2025-10-08,JPFA.JK,2013.058837890625,1899.1745239257812,1688.8902075195313,52.3809494521193,Menengah (Peternakan/Pakan/Protein)
2025-10-09,JPFA.JK,2041.4117431640625,1912.1696228027345,1697.8686376953126,59.01639864935112,Menengah (Peternakan/Pakan/Protein)
2025-10-10,JPFA.JK,1984.7059326171875,1919.9666809082032,1706.6580493164063,61.53846663359247,Menengah (Peternakan/Pakan/Protein)
2025-10-13,JPFA.JK,2041.4117431640625,1932.4892272949219,1717.2431469726562,65.62499873865649,Menengah (Peternakan/Pakan/Protein)
2025-10-14,JPFA.JK,2107.568603515625,1945.7205993652344,1727.5447143554688,73.68421257082036,Menengah (Peternakan/Pakan/Protein)
2025-10-15,JPFA.JK,2249.333251953125,1964.1500061035156,1740.398046875,75.69444531648445,Menengah (Peternakan/Pakan/Protein)
2025-10-16,JPFA.JK,2230.431396484375,1976.436279296875,1753.8184399414063,72.14287190418129,Menengah (Peternakan/Pakan/Protein)
2025-10-17,JPFA.JK,2239.88232421875,1991.5578491210938,1767.9949096679688,83.73985635129604,Menengah (Peternakan/Pakan/Protein)
2025-10-20,JPFA.JK,2277.686279296875,2012.586279296875,1783.305498046875,84.61540142932228,Menengah (Peternakan/Pakan/Protein)
2025-10-21,JPFA.JK,2258.784423828125,2032.9058898925782,1798.4270678710936,79.31037938331116,Menengah (Peternakan/Pakan/Protein)
2025-10-22,JPFA.JK,2400.549072265625,2062.4402038574217,1816.4784423828125,82.35296799203604,Menengah (Peternakan/Pakan/Protein)
2025-10-23,JPFA.JK,2495.058837890625,2092.210791015625,1836.6090307617187,84.61540881726859,Menengah (Peternakan/Pakan/Protein)
2025-10-24,JPFA.JK,2466.705810546875,2118.67353515625,1856.3615771484374,83.54431911225747,Menengah (Peternakan/Pakan/Protein)
2025-10-27,JPFA.JK,2504.509765625,2151.515692138672,1877.4372631835938,83.75001675064593,Menengah (Peternakan/Pakan/Protein)
2025-10-28,JPFA.JK,2532.86279296875,2185.5392211914063,1898.7964794921875,83.9506353953158,Menengah (Peternakan/Pakan/Protein)
2025-10-29,JPFA.JK,2561.215576171875,2216.7274536132813,1921.100791015625,83.95063283610364,Menengah (Peternakan/Pakan/Protein)
2025-10-30,JPFA.JK,2296.588134765625,2232.321563720703,1937.356474609375,66.01941662349785,Menengah (Peternakan/Pakan/Protein)
2025-10-31,JPFA.JK,2372.196044921875,2251.6960693359374,1953.706669921875,66.66667076703398,Menengah (Peternakan/Pakan/Protein)
2025-11-03,JPFA.JK,2315.490234375,2269.180383300781,1968.9227490234375,60.57693000311726,Menengah (Peternakan/Pakan/Protein)
2025-11-04,JPFA.JK,2296.588134765625,2284.3019470214845,1984.3278442382812,52.747252123359225,Menengah (Peternakan/Pakan/Protein)
2025-11-05,JPFA.JK,2306.039306640625,2298.9509704589846,2000.1109838867187,54.44444763361758,Menengah (Peternakan/Pakan/Protein)
2025-11-06,JPFA.JK,2287.13720703125,2311.2372436523438,2014.381962890625,52.74725056362665,Menengah (Peternakan/Pakan/Protein)
2025-11-07,JPFA.JK,2173.7255859375,2320.6882263183593,2026.6682397460938,44.444450242941066,Menengah (Peternakan/Pakan/Protein)
2025-11-10,JPFA.JK,2192.62744140625,2328.2490112304686,2039.521572265625,46.46464066614985,Menengah (Peternakan/Pakan/Protein)
2025-11-11,JPFA.JK,2230.431396484375,2334.3921508789062,2053.5090234375,39.77272860704024,Menengah (Peternakan/Pakan/Protein)
2025-11-12,JPFA.JK,2372.196044921875,2340.535290527344,2068.5360815429685,43.010751792150536,Menengah (Peternakan/Pakan/Protein)
2025-11-13,JPFA.JK,2306.039306640625,2344.3156860351564,2082.901572265625,41.23712246217565,Menengah (Peternakan/Pakan/Protein)
2025-11-14,JPFA.JK,2287.13720703125,2346.678430175781,2095.376865234375,37.89473798702729,Menengah (Peternakan/Pakan/Protein)
2025-11-17,JPFA.JK,2202.078369140625,2342.8980346679687,2107.474118652344,32.67326251530436,Menengah (Peternakan/Pakan/Protein)
2025-11-18,JPFA.JK,2220.98046875,2341.0078369140624,2118.1537280273437,32.000016532670244,Menengah (Peternakan/Pakan/Protein)
2025-11-19,JPFA.JK,2315.490234375,2336.7548950195314,2131.007062988281,51.21952064709272,Menengah (Peternakan/Pakan/Protein)
2025-11-20,JPFA.JK,2296.588134765625,2326.8313598632812,2141.308630371094,44.73684031632322,Menengah (Peternakan/Pakan/Protein)
2025-11-21,JPFA.JK,2324.941162109375,2319.743127441406,2151.232158203125,50.68492714410629,Menengah (Peternakan/Pakan/Protein)
2025-11-24,JPFA.JK,2277.686279296875,2308.401953125,2160.966667480469,48.684218576545504,Menengah (Peternakan/Pakan/Protein)
2025-11-25,JPFA.JK,2249.333251953125,2294.225476074219,2169.0945092773436,46.15383596359103,Menengah (Peternakan/Pakan/Protein)
2025-11-26,JPFA.JK,2334.39208984375,2282.8843017578124,2178.1674487304685,52.94117468288571,Menengah (Peternakan/Pakan/Protein)
2025-11-27,JPFA.JK,2277.686279296875,2281.939208984375,2184.0270556640626,56.96201703819943,Menengah (Peternakan/Pakan/Protein)
2025-11-28,JPFA.JK,2306.039306640625,2278.6313720703124,2191.3988232421875,57.500002421777396,Menengah (Peternakan/Pakan/Protein)
2025-12-01,JPFA.JK,2485.60791015625,2287.137255859375,2203.9686279296875,64.21052288102433,Menengah (Peternakan/Pakan/Protein)
2025-12-02,JPFA.JK,2599.01953125,2302.258825683594,2218.9011743164065,63.04347154642527,Menengah (Peternakan/Pakan/Protein)
2025-12-03,JPFA.JK,2561.215576171875,2315.0176391601562,2233.9282299804686,65.16851943227005,Menengah (Peternakan/Pakan/Protein)
2025-12-04,JPFA.JK,2485.60791015625,2324.9411743164064,2245.6474462890624,61.05263644486598,Menengah (Peternakan/Pakan/Protein)
2025-12-05,JPFA.JK,2495.058837890625,2341.0078369140624,2256.7996044921874,67.81609536693156,Menengah (Peternakan/Pakan/Protein)
2025-12-08,JPFA.JK,2457.2548828125,2354.239208984375,2268.9913696289063,64.04493892835976,Menengah (Peternakan/Pakan/Protein)
2025-12-09,JPFA.JK,2570.666748046875,2371.2509765625,2283.3568603515623,64.83516577100485,Menengah (Peternakan/Pakan/Protein)
2025-12-10,JPFA.JK,2485.60791015625,2376.9215698242188,2294.32,60.20409104675938,Menengah (Peternakan/Pakan/Protein)
2025-12-11,JPFA.JK,2447.803955078125,2384.009802246094,2303.581960449219,56.565659728473726,Menengah (Peternakan/Pakan/Protein)
2025-12-12,JPFA.JK,2495.058837890625,2394.4058837890625,2313.7890185546876,61.616163197570195,Menengah (Peternakan/Pakan/Protein)
2025-12-15,JPFA.JK,2504.509765625,2409.527453613281,2324.563134765625,63.91753153872437,Menengah (Peternakan/Pakan/Protein)
2025-12-16,JPFA.JK,2504.509765625,2423.7039184570312,2334.770192871094,60.22727739737086,Menengah (Peternakan/Pakan/Protein)
2025-12-17,JPFA.JK,2617.921630859375,2438.82548828125,2346.867448730469,69.14894084786035,Menengah (Peternakan/Pakan/Protein)
2025-12-18,JPFA.JK,2551.7646484375,2451.5843139648437,2357.0745068359374,63.265298591163926,Menengah (Peternakan/Pakan/Protein)
2025-12-19,JPFA.JK,2551.7646484375,2462.92548828125,2368.415681152344,54.43037146857647,Menengah (Peternakan/Pakan/Protein)
2025-12-22,JPFA.JK,2504.509765625,2474.2666625976562,2377.6776416015623,43.05555954202198,Menengah (Peternakan/Pakan/Protein)
2025-12-23,JPFA.JK,2542.313720703125,2488.9156860351563,2386.3725439453124,48.611119084043956,Menengah (Peternakan/Pakan/Protein)
2025-12-24,JPFA.JK,2504.509765625,2497.4215698242188,2391.47607421875,51.47057929678419,Menengah (Peternakan/Pakan/Protein)
2025-12-29,JPFA.JK,2485.60791015625,2507.8176513671874,2396.5796044921876,49.27536665949103,Menengah (Peternakan/Pakan/Protein)
2025-12-30,JPFA.JK,2476.156982421875,2516.32353515625,2401.30509765625,51.51516218965526,Menengah (Peternakan/Pakan/Protein)
2026-01-02,JPFA.JK,2740.784423828125,2529.0823608398437,2410.567060546875,60.97561052445878,Menengah (Peternakan/Pakan/Protein)
2026-01-05,JPFA.JK,2693.529541015625,2533.807861328125,2419.261962890625,64.10256749931693,Menengah (Peternakan/Pakan/Protein)
2026-01-06,JPFA.JK,2589.568603515625,2535.2255126953123,2423.042353515625,58.82352404865711,Menengah (Peternakan/Pakan/Protein)
2026-01-07,JPFA.JK,2410.0,2531.4451171875,2421.3411767578127,45.45454545454545,Menengah (Peternakan/Pakan/Protein)
2026-01-08,JPFA.JK,2400.549072265625,2526.71962890625,2420.0180419921876,44.444450242941066,Menengah (Peternakan/Pakan/Protein)
2026-01-09,JPFA.JK,2447.803955078125,2526.2470825195314,2418.88392578125,47.1153886755654,Menengah (Peternakan/Pakan/Protein)
2026-01-12,JPFA.JK,2457.2548828125,2520.5764892578127,2417.371767578125,40.860210274980744,Menengah (Peternakan/Pakan/Protein)
2026-01-13,JPFA.JK,2589.568603515625,2525.774523925781,2417.938828125,52.00000206658485,Menengah (Peternakan/Pakan/Protein)
2026-01-14,JPFA.JK,2466.705810546875,2526.719616699219,2421.341181640625,46.0176981035199,Menengah (Peternakan/Pakan/Protein)
2026-01-15,JPFA.JK,2551.7646484375,2529.5549072265626,2424.9325537109376,52.136751381918096,Menengah (Peternakan/Pakan/Protein)
2026-01-19,JPFA.JK,2627.37255859375,2535.698046875,2431.1702001953126,53.71900897021535,Menengah (Peternakan/Pakan/Protein)
2026-01-20,JPFA.JK,2769.13720703125,2548.9294189453126,2440.621181640625,60.60606119908883,Menengah (Peternakan/Pakan/Protein)
2026-01-21,JPFA.JK,2769.13720703125,2556.490197753906,2449.8831396484375,61.53845695284492,Menengah (Peternakan/Pakan/Protein)
2026-01-22,JPFA.JK,2721.88232421875,2564.9960815429686,2458.5780419921875,59.701486495005206,Menengah (Peternakan/Pakan/Protein)
2026-01-23,JPFA.JK,2740.784423828125,2574.4470703125,2469.91921875,50.0,Menengah (Peternakan/Pakan/Protein)
2026-01-26,JPFA.JK,2684.078369140625,2583.425500488281,2479.7482373046873,49.54127527180791,Menengah (Peternakan/Pakan/Protein)
2026-01-27,JPFA.JK,2721.88232421875,2592.4039306640625,2489.577255859375,56.86274311170317,Menengah (Peternakan/Pakan/Protein)
2026-01-28,JPFA.JK,2599.01953125,2597.1294189453124,2494.1137255859376,60.4166588183123,Menengah (Peternakan/Pakan/Protein)
2026-01-29,JPFA.JK,2457.2548828125,2595.711767578125,2497.138037109375,52.72726845747123,Menengah (Peternakan/Pakan/Protein)
2026-01-30,JPFA.JK,2617.921630859375,2602.8,2503.7537255859374,57.377047791867916,Menengah (Peternakan/Pakan/Protein)
2026-02-02,JPFA.JK,2523.411865234375,2591.9313720703126,2510.1803955078126,52.67175963894729,Menengah (Peternakan/Pakan/Protein)
2026-02-03,JPFA.JK,2636.823486328125,2589.0960693359375,2518.497255859375,51.93798325426113,Menengah (Peternakan/Pakan/Protein)
2026-02-04,JPFA.JK,2457.2548828125,2582.4803833007813,2521.332548828125,49.62963175574505,Menengah (Peternakan/Pakan/Protein)
2026-02-05,JPFA.JK,2447.803955078125,2584.3705810546876,2524.356865234375,45.66929566291895,Menengah (Peternakan/Pakan/Protein)
2026-02-06,JPFA.JK,2362.7451171875,2582.4803833007813,2525.1129443359373,39.062501261343,Menengah (Peternakan/Pakan/Protein)
2026-02-09,JPFA.JK,2410.0,2580.590185546875,2527.75921875,33.898309166264596,Menengah (Peternakan/Pakan/Protein)
2026-02-10,JPFA.JK,2438.35302734375,2579.6450927734377,2531.5396142578124,35.53719872811139,Menengah (Peternakan/Pakan/Protein)
2026-02-11,JPFA.JK,2438.35302734375,2572.0843139648437,2533.6188330078126,37.06897358023669,Menengah (Peternakan/Pakan/Protein)
2026-02-12,JPFA.JK,2410.0,2569.2490234375,2536.265107421875,35.04273258952493,Menengah (Peternakan/Pakan/Protein)
2026-02-13,JPFA.JK,2419.450927734375,2562.633337402344,2538.53333984375,37.5,Menengah (Peternakan/Pakan/Protein)
2026-02-18,JPFA.JK,2419.450927734375,2552.237255859375,2537.2102001953126,35.185182970481094,Menengah (Peternakan/Pakan/Protein)
2026-02-19,JPFA.JK,2343.84326171875,2530.97255859375,2532.1066748046874,36.893210214348024,Menengah (Peternakan/Pakan/Protein)
2026-02-20,JPFA.JK,2249.333251953125,2504.9823608398438,2525.8690283203123,38.77550643843911,Menengah (Peternakan/Pakan/Protein)
2026-02-23,JPFA.JK,2287.13720703125,2483.2451049804686,2521.8996142578126,29.411755767366984,Menengah (Peternakan/Pakan/Protein)
2026-02-24,JPFA.JK,2287.13720703125,2460.562744140625,2517.741181640625,33.33332185230739,Menengah (Peternakan/Pakan/Protein)
2026-02-25,JPFA.JK,2277.686279296875,2440.2431396484376,2514.1498095703123,20.312506306715022,Menengah (Peternakan/Pakan/Protein)
2026-02-26,JPFA.JK,2220.98046875,2415.198046875,2507.156083984375,25.490206010114107,Menengah (Peternakan/Pakan/Protein)
2026-02-27,JPFA.JK,2249.333251953125,2397.713732910156,2502.4305908203123,30.18866361163019,Menengah (Peternakan/Pakan/Protein)
2026-03-02,JPFA.JK,2239.88232421875,2386.845104980469,2498.272158203125,35.55554407452567,Menengah (Peternakan/Pakan/Protein)
2026-03-03,JPFA.JK,2296.588134765625,2370.778430175781,2494.302744140625,36.95650342699422,Menengah (Peternakan/Pakan/Protein)
2026-03-04,JPFA.JK,2154.823486328125,2352.349011230469,2487.3090185546876,24.137901854092803,Menengah (Peternakan/Pakan/Protein)
2026-03-05,JPFA.JK,2202.078369140625,2330.6117553710938,2481.260390625,30.158704775494556,Menengah (Peternakan/Pakan/Protein)
2026-03-06,JPFA.JK,2220.98046875,2318.7980346679688,2473.3215673828126,33.87096505386873,Menengah (Peternakan/Pakan/Protein)
2026-03-09,JPFA.JK,2050.86279296875,2298.9509765625,2463.3035302734374,25.316454040550198,Menengah (Peternakan/Pakan/Protein)
2026-03-10,JPFA.JK,2202.078369140625,2290.9176391601563,2456.3098046875,37.89473140372269,Menengah (Peternakan/Pakan/Protein)
2026-03-11,JPFA.JK,2154.823486328125,2278.1588134765625,2449.3160791015625,39.13042257452132,Menengah (Peternakan/Pakan/Protein)
2026-03-12,JPFA.JK,2154.823486328125,2263.9823364257813,2441.5662744140627,43.90243825602854,Menengah (Peternakan/Pakan/Protein)
2026-03-13,JPFA.JK,2126.470703125,2248.388220214844,2434.0054931640625,39.50617520185891,Menengah (Peternakan/Pakan/Protein)
2026-03-16,JPFA.JK,2069.7646484375,2231.3764526367186,2425.6886279296873,36.78160168699898,Menengah (Peternakan/Pakan/Protein)
2026-03-17,JPFA.JK,2117.01953125,2216.2548828125,2418.50587890625,40.65933161288198,Menengah (Peternakan/Pakan/Protein)
2026-03-25,JPFA.JK,2173.7255859375,2203.968615722656,2407.1647021484373,47.252747876640775,Menengah (Peternakan/Pakan/Protein)
2026-03-26,JPFA.JK,2353.294189453125,2204.441162109375,2400.3599951171873,55.14019458728664,Menengah (Peternakan/Pakan/Protein)
2026-03-27,JPFA.JK,2334.39208984375,2208.6941040039064,2395.25646484375,54.629626971985346,Menengah (Peternakan/Pakan/Protein)
2026-03-30,JPFA.JK,2306.039306640625,2209.639208984375,2393.1772509765624,50.476200082761785,Menengah (Peternakan/Pakan/Protein)
2026-03-31,JPFA.JK,2220.98046875,2206.3313720703127,2389.58587890625,53.53535933385016,Menengah (Peternakan/Pakan/Protein)
2026-04-01,JPFA.JK,2324.941162109375,2208.6941162109374,2387.128623046875,56.19047806492913,Menengah (Peternakan/Pakan/Protein)
2026-04-02,JPFA.JK,2306.039306640625,2212.947058105469,2384.1043115234374,54.28571569155434,Menengah (Peternakan/Pakan/Protein)
2026-04-06,JPFA.JK,2306.039306640625,2215.782360839844,2378.4337255859373,65.51724752254759,Menengah (Peternakan/Pakan/Protein)
2026-04-07,JPFA.JK,2324.941162109375,2220.035302734375,2375.5984326171874,58.90411540603796,Menengah (Peternakan/Pakan/Protein)
2026-04-08,JPFA.JK,2447.803955078125,2227.59609375,2373.51921875,69.13581034363989,Menengah (Peternakan/Pakan/Protein)
2026-04-09,JPFA.JK,2400.549072265625,2239.882373046875,2368.9827490234375,65.11628745234539,Menengah (Peternakan/Pakan/Protein)
2026-04-10,JPFA.JK,2447.803955078125,2252.16865234375,2362.556083984375,69.31817681450671,Menengah (Peternakan/Pakan/Protein)
2026-04-13,JPFA.JK,2466.705810546875,2264.4549194335937,2356.5074560546873,75.00000768818919,Menengah (Peternakan/Pakan/Protein)
2026-04-14,JPFA.JK,2523.411865234375,2288.082373046875,2352.538046875,75.29413123360219,Menengah (Peternakan/Pakan/Protein)
2026-04-15,JPFA.JK,2561.215576171875,2306.0392333984373,2348.946669921875,74.69879668063999,Menengah (Peternakan/Pakan/Protein)
2026-04-16,JPFA.JK,2523.411865234375,2324.46865234375,2345.73333984375,63.23530976006322,Menengah (Peternakan/Pakan/Protein)
2026-04-17,JPFA.JK,2580.11767578125,2345.733361816406,2342.898046875,68.05558545409664,Menengah (Peternakan/Pakan/Protein)
2026-04-20,JPFA.JK,2542.313720703125,2366.5255126953125,2341.7639306640626,67.12329736623452,Menengah (Peternakan/Pakan/Protein)
2026-04-21,JPFA.JK,2504.509765625,2388.2627685546877,2342.7090283203124,72.05883693719704,Menengah (Peternakan/Pakan/Protein)
2026-04-22,JPFA.JK,2457.2548828125,2405.2745361328125,2339.495693359375,61.29033333291668,Menengah (Peternakan/Pakan/Protein)
2026-04-23,JPFA.JK,2532.86279296875,2423.231396484375,2339.6847119140625,67.64706664473451,Menengah (Peternakan/Pakan/Protein)
2026-04-24,JPFA.JK,2485.60791015625,2429.8470825195313,2336.660400390625,63.013704931885826,Menengah (Peternakan/Pakan/Protein)
2026-04-27,JPFA.JK,2391.09814453125,2432.6823852539064,2335.337265625,54.32099749745424,Menengah (Peternakan/Pakan/Protein)
2026-04-28,JPFA.JK,2220.98046875,2428.429443359375,2330.8007958984376,36.04650778589093,Menengah (Peternakan/Pakan/Protein)
2026-04-29,JPFA.JK,2306.039306640625,2432.6823852539064,2329.6666796875,44.444444444444436,Menengah (Peternakan/Pakan/Protein)
2026-04-30,JPFA.JK,2343.84326171875,2433.627490234375,2328.343544921875,43.82022798034538,Menengah (Peternakan/Pakan/Protein)
2026-05-04,JPFA.JK,2485.60791015625,2442.605920410156,2329.288642578125,50.98039960562668,Menengah (Peternakan/Pakan/Protein)
2026-05-05,JPFA.JK,2447.803955078125,2449.6941528320312,2329.4776611328125,45.99999483353654,Menengah (Peternakan/Pakan/Protein)
2026-05-06,JPFA.JK,2476.156982421875,2457.2549438476562,2330.80080078125,45.45455731510981,Menengah (Peternakan/Pakan/Protein)
2026-05-07,JPFA.JK,2457.2548828125,2457.727490234375,2331.5568798828126,46.391747086342995,Menengah (Peternakan/Pakan/Protein)
2026-05-08,JPFA.JK,2410.0,2458.2000366210937,2331.367861328125,40.62500168179022,Menengah (Peternakan/Pakan/Protein)
2026-05-11,JPFA.JK,2530.0,2462.3098388671874,2335.09099609375,49.37777467441641,Menengah (Peternakan/Pakan/Protein)
2026-05-12,JPFA.JK,2440.0,2460.9745483398438,2338.9043310546876,46.90359027531037,Menengah (Peternakan/Pakan/Protein)
2026-05-13,JPFA.JK,2540.0,2461.803955078125,2343.9615869140625,53.78027800531454,Menengah (Peternakan/Pakan/Protein)
2026-05-14,JPFA.JK,2540.0,2460.7431762695314,2349.0188427734374,50.35026701959358,Menengah (Peternakan/Pakan/Protein)
2026-05-15,JPFA.JK,2540.0,2461.5725830078127,2354.2651171875,52.79918865116775,Menengah (Peternakan/Pakan/Protein)
2026-05-18,JPFA.JK,2530.0,2459.06669921875,2360.4455078125,57.82934633568504,Menengah (Peternakan/Pakan/Protein)
2026-05-19,JPFA.JK,2510.0,2457.4510131835937,2365.6588427734373,69.60939694790017,Menengah (Peternakan/Pakan/Protein)
2026-05-20,JPFA.JK,2640.0,2464.2255249023438,2373.6611962890624,71.35619253285856,Menengah (Peternakan/Pakan/Protein)
2026-05-21,JPFA.JK,2580.0,2470.3627807617186,2379.32943359375,64.68492846225269,Menengah (Peternakan/Pakan/Protein)
2026-05-22,JPFA.JK,2570.0,2472.2196411132813,2387.6329638671873,56.276241031477255,Menengah (Peternakan/Pakan/Protein)
2026-05-25,JPFA.JK,2630.0,2479.439245605469,2396.191396484375,63.116876816747414,Menengah (Peternakan/Pakan/Protein)
2026-05-26,JPFA.JK,2570.0,2488.3843383789062,2403.171787109375,56.46162054829661,Menengah (Peternakan/Pakan/Protein)
2026-05-27,JPFA.JK,2570.0,2505.835314941406,2413.55453125,57.97061426703433,Menengah (Peternakan/Pakan/Protein)
2026-05-28,JPFA.JK,2570.0,2519.033349609375,2420.9129638671875,62.12121212121212,Menengah (Peternakan/Pakan/Protein)
2026-05-29,JPFA.JK,2450.0,2524.3411865234375,2426.816494140625,43.93939393939394,Menengah (Peternakan/Pakan/Protein)
2026-06-02,JPFA.JK,2390.0,2519.560791015625,2431.5200244140624,46.03174603174603,Menengah (Peternakan/Pakan/Protein)
2026-06-03,JPFA.JK,2270.0,2510.6705932617188,2434.3906103515624,29.23076923076924,Menengah (Peternakan/Pakan/Protein)
2026-06-04,JPFA.JK,2150.0,2494.362744140625,2435.9953173828126,24.675324675324674,Menengah (Peternakan/Pakan/Protein)
2026-06-05,JPFA.JK,1935.0,2468.25,2432.3549267578123,19.28934010152284,Menengah (Peternakan/Pakan/Protein)
2026-06-08,JPFA.JK,1780.0,2436.75,2424.4804150390623,16.8141592920354,Menengah (Peternakan/Pakan/Protein)
2026-06-09,JPFA.JK,1895.0,2405.0,2415.31453125,24.897959183673464,Menengah (Peternakan/Pakan/Protein)
2026-06-10,JPFA.JK,1845.0,2375.25,2405.526689453125,15.28384279475982,Menengah (Peternakan/Pakan/Protein)
2026-06-11,JPFA.JK,1860.0,2341.25,2396.6059033203123,17.272727272727266,Menengah (Peternakan/Pakan/Protein)
2026-06-12,JPFA.JK,1905.0,2309.5,2390.2862939453125,20.704845814977972,Menengah (Peternakan/Pakan/Protein)
2026-06-15,JPFA.JK,1910.0,2278.0,2381.987470703125,16.666666666666657,Menengah (Peternakan/Pakan/Protein)
2026-06-17,JPFA.JK,1925.0,2247.75,2374.3666845703124,18.840579710144937,Menengah (Peternakan/Pakan/Protein)
2026-06-18,JPFA.JK,1940.0,2219.25,2367.0458984375,20.0,Menengah (Peternakan/Pakan/Protein)
2026-06-19,JPFA.JK,1930.0,2183.75,2359.1470751953125,19.811320754716988,Menengah (Peternakan/Pakan/Protein)
2026-06-22,JPFA.JK,1905.0,2150.0,2348.29099609375,21.76165803108809,Menengah (Peternakan/Pakan/Protein)
2026-06-23,JPFA.JK,1900.0,2116.5,2338.2800146484374,23.07692307692308,Menengah (Peternakan/Pakan/Protein)
2026-06-24,JPFA.JK,1880.0,2079.0,2326.923935546875,25.925925925925924,Menengah (Peternakan/Pakan/Protein)
2026-06-25,JPFA.JK,2010.0,2051.0,2317.7898193359374,41.463414634146346,Menengah (Peternakan/Pakan/Protein)
2026-06-26,JPFA.JK,1965.0,2020.75,2306.62158203125,52.30769230769231,Menengah (Peternakan/Pakan/Protein)
2026-06-29,JPFA.JK,1980.0,1991.25,2294.9972705078126,69.6078431372549,Menengah (Peternakan/Pakan/Protein)
2026-06-30,JPFA.JK,1945.0,1966.0,2283.429033203125,55.81395348837209,Menengah (Peternakan/Pakan/Protein)
2026-07-01,JPFA.JK,2020.0,1947.5,2272.2266796875,69.23076923076923,Menengah (Peternakan/Pakan/Protein)
2026-07-02,JPFA.JK,1945.0,1931.25,2260.2804052734373,58.252427184466015,Menengah (Peternakan/Pakan/Protein)
2026-07-03,JPFA.JK,2030.0,1925.25,2250.7902099609373,61.26126126126126,Menengah (Peternakan/Pakan/Protein)
2026-07-06,JPFA.JK,2000.0,1928.5,2241.6451123046877,57.758620689655174,Menengah (Peternakan/Pakan/Protein)
2026-07-07,JPFA.JK,2090.0,1944.0,2232.7878564453126,62.59541984732824,Menengah (Peternakan/Pakan/Protein)
2026-07-08,JPFA.JK,2010.0,1949.75,2223.2756982421874,54.861111111111114,Menengah (Peternakan/Pakan/Protein)
2026-07-09,JPFA.JK,1970.0,1956.0,2214.8537353515626,52.666666666666664,Menengah (Peternakan/Pakan/Protein)
2026-07-10,JPFA.JK,2000.0,1963.0,2210.4341259765624,56.29139072847683,Menengah (Peternakan/Pakan/Protein)
2026-07-13,JPFA.JK,2050.0,1970.25,2205.31333984375,59.375,Menengah (Peternakan/Pakan/Protein)
2026-07-14,JPFA.JK,2020.0,1975.75,2198.836474609375,58.64197530864198,Menengah (Peternakan/Pakan/Protein)
2026-07-15,JPFA.JK,2030.0,1981.0,2189.72431640625,51.44927536231884,Menengah (Peternakan/Pakan/Protein)
2026-07-16,JPFA.JK,2030.0,1985.5,2181.3682373046877,55.03875968992248,Menengah (Peternakan/Pakan/Protein)
2026-07-17,JPFA.JK,2070.0,1992.5,2173.24509765625,56.71641791044776,Menengah (Peternakan/Pakan/Protein)
2026-07-20,JPFA.JK,2080.0,2001.25,2165.7,60.46511627906977,Menengah (Peternakan/Pakan/Protein)
2023-01-02,ICBP.JK,9194.427734375,,,,Hilir (Pengolahan Pangan)
2023-01-03,ICBP.JK,9217.0751953125,,,,Hilir (Pengolahan Pangan)
2023-01-04,ICBP.JK,9149.1357421875,,,,Hilir (Pengolahan Pangan)
2023-01-05,ICBP.JK,9262.3662109375,,,,Hilir (Pengolahan Pangan)
2023-01-06,ICBP.JK,9217.0751953125,,,,Hilir (Pengolahan Pangan)
2023-01-09,ICBP.JK,9239.720703125,,,,Hilir (Pengolahan Pangan)
2023-01-10,ICBP.JK,9239.720703125,,,,Hilir (Pengolahan Pangan)
2023-01-11,ICBP.JK,9534.1240234375,,,,Hilir (Pengolahan Pangan)
2023-01-12,ICBP.JK,9466.1845703125,,,,Hilir (Pengolahan Pangan)
2023-01-13,ICBP.JK,9466.1845703125,,,,Hilir (Pengolahan Pangan)
2023-01-16,ICBP.JK,9420.8916015625,,,,Hilir (Pengolahan Pangan)
2023-01-17,ICBP.JK,9375.599609375,,,,Hilir (Pengolahan Pangan)
2023-01-18,ICBP.JK,9488.8310546875,,,,Hilir (Pengolahan Pangan)
2023-01-19,ICBP.JK,9511.4775390625,,,68.42114222100673,Hilir (Pengolahan Pangan)
2023-01-20,ICBP.JK,9511.4775390625,,,68.42114222100673,Hilir (Pengolahan Pangan)
2023-01-24,ICBP.JK,9420.8916015625,,,60.975596929685246,Hilir (Pengolahan Pangan)
2023-01-25,ICBP.JK,9443.5390625,,,66.66674038011816,Hilir (Pengolahan Pangan)
2023-01-26,ICBP.JK,9126.4892578125,,,43.7500561487862,Hilir (Pengolahan Pangan)
2023-01-27,ICBP.JK,9058.5498046875,,,42.857117713010396,Hilir (Pengolahan Pangan)
2023-01-30,ICBP.JK,9149.1357421875,9324.644873046875,,46.15387804892207,Hilir (Pengolahan Pangan)
2023-01-31,ICBP.JK,9149.1357421875,9322.3802734375,,46.15387804892207,Hilir (Pengolahan Pangan)
2023-02-01,ICBP.JK,9398.24609375,9331.438818359375,,44.000027598174036,Hilir (Pengolahan Pangan)
2023-02-02,ICBP.JK,9285.0146484375,9338.232763671875,,42.30774971887657,Hilir (Pengolahan Pangan)
2023-02-03,ICBP.JK,9488.8310546875,9349.556005859375,,50.81967560781119,Hilir (Pengolahan Pangan)
2023-02-06,ICBP.JK,9307.66015625,9354.08525390625,,46.26867208633714,Hilir (Pengolahan Pangan)
2023-02-07,ICBP.JK,9307.66015625,9357.4822265625,,47.69229850651212,Hilir (Pengolahan Pangan)
2023-02-08,ICBP.JK,9352.9521484375,9363.143798828125,,45.161270130076076,Hilir (Pengolahan Pangan)
2023-02-09,ICBP.JK,9330.306640625,9352.9529296875,,43.548390462193964,Hilir (Pengolahan Pangan)
2023-02-10,ICBP.JK,9330.306640625,9346.159033203125,,43.548390462193964,Hilir (Pengolahan Pangan)
2023-02-13,ICBP.JK,9307.66015625,9338.2328125,,45.76272672987854,Hilir (Pengolahan Pangan)
2023-02-14,ICBP.JK,9330.306640625,9333.703564453124,,45.76268708860241,Hilir (Pengolahan Pangan)
2023-02-15,ICBP.JK,9330.306640625,9331.438916015624,,60.00001916547761,Hilir (Pengolahan Pangan)
2023-02-16,ICBP.JK,9239.720703125,9318.9833984375,,58.69566236349677,Hilir (Pengolahan Pangan)
2023-02-17,ICBP.JK,9375.599609375,9312.189501953126,,60.41668725457343,Hilir (Pengolahan Pangan)
2023-02-20,ICBP.JK,9375.599609375,9305.39560546875,,60.41668725457343,Hilir (Pengolahan Pangan)
2023-02-21,ICBP.JK,9330.306640625,9300.866357421875,,46.15382063767962,Hilir (Pengolahan Pangan)
2023-02-22,ICBP.JK,9262.3662109375,9291.80771484375,,48.64852580224842,Hilir (Pengolahan Pangan)
2023-02-23,ICBP.JK,9262.3662109375,9298.6015625,,32.142802140091604,Hilir (Pengolahan Pangan)
2023-02-24,ICBP.JK,9217.0751953125,9306.52783203125,,40.90913545691006,Hilir (Pengolahan Pangan)
2023-02-27,ICBP.JK,9103.8427734375,9304.26318359375,,33.33333333333333,Hilir (Pengolahan Pangan)
2023-02-28,ICBP.JK,9171.78125,9305.395458984374,,35.71429671485576,Hilir (Pengolahan Pangan)
2023-03-01,ICBP.JK,8967.96484375,9283.881396484376,,27.777791087111723,Hilir (Pengolahan Pangan)
2023-03-02,ICBP.JK,8922.671875,9265.7642578125,,26.315795446292398,Hilir (Pengolahan Pangan)
2023-03-03,ICBP.JK,8809.4404296875,9231.7947265625,,23.80954336610283,Hilir (Pengolahan Pangan)
2023-03-06,ICBP.JK,8832.0859375,9208.016015625,,23.809465139726527,Hilir (Pengolahan Pangan)
2023-03-07,ICBP.JK,9035.904296875,9194.42822265625,,37.25492185571125,Hilir (Pengolahan Pangan)
2023-03-08,ICBP.JK,8877.37890625,9170.649560546875,,35.18519405807449,Hilir (Pengolahan Pangan)
2023-03-09,ICBP.JK,8877.37890625,9148.003173828125,,27.08329964406161,Hilir (Pengolahan Pangan)
2023-03-10,ICBP.JK,8832.0859375,9123.092138671875,,25.999962052412513,Hilir (Pengolahan Pangan)
2023-03-13,ICBP.JK,8741.5009765625,9094.7841796875,9232.92708984375,24.999979268131895,Hilir (Pengolahan Pangan)
2023-03-14,ICBP.JK,8741.5009765625,9065.343896484375,9223.8685546875,26.53062302099265,Hilir (Pengolahan Pangan)
2023-03-15,ICBP.JK,8447.09765625,9021.183447265625,9208.46900390625,20.967734082826823,Hilir (Pengolahan Pangan)
2023-03-16,ICBP.JK,8515.037109375,8984.949267578126,9195.78703125,25.396810186158035,Hilir (Pengolahan Pangan)
2023-03-17,ICBP.JK,8650.9150390625,8948.7150390625,9183.5580078125,34.374983155364134,Hilir (Pengolahan Pangan)
2023-03-20,ICBP.JK,8718.8544921875,8915.877783203125,9173.59359375,34.37502737251482,Hilir (Pengolahan Pangan)
2023-03-21,ICBP.JK,8786.79296875,8888.702099609374,9164.5350390625,43.103417510895795,Hilir (Pengolahan Pangan)
2023-03-24,ICBP.JK,9035.904296875,8877.37900390625,9160.4587109375,53.731357692872095,Hilir (Pengolahan Pangan)
2023-03-27,ICBP.JK,9035.904296875,8866.055908203125,9150.49431640625,58.064509398202084,Hilir (Pengolahan Pangan)
2023-03-28,ICBP.JK,9149.1357421875,8862.658935546875,9144.15333984375,60.6060625859585,Hilir (Pengolahan Pangan)
2023-03-29,ICBP.JK,9035.904296875,8859.26201171875,9135.547734375,50.0,Hilir (Pengolahan Pangan)
2023-03-30,ICBP.JK,8945.3173828125,8847.938818359375,9126.03625,52.54234562803088,Hilir (Pengolahan Pangan)
2023-03-31,ICBP.JK,9035.904296875,8851.335791015625,9119.24234375,55.55557076619168,Hilir (Pengolahan Pangan)
2023-04-03,ICBP.JK,9035.904296875,8856.997412109375,9110.18380859375,57.377070040280344,Hilir (Pengolahan Pangan)
2023-04-04,ICBP.JK,9239.720703125,8878.51142578125,9104.748671875,66.66662310891289,Hilir (Pengolahan Pangan)
2023-04-05,ICBP.JK,9171.78125,8895.49619140625,9097.95474609375,63.7680652207199,Hilir (Pengolahan Pangan)
2023-04-06,ICBP.JK,9126.4892578125,8900.025439453126,9092.06669921875,75.86205358304554,Hilir (Pengolahan Pangan)
2023-04-10,ICBP.JK,9126.4892578125,8912.48095703125,9085.725703125,74.54543316254326,Hilir (Pengolahan Pangan)
2023-04-11,ICBP.JK,9239.720703125,8930.598046875,9087.99033203125,74.07405041305485,Hilir (Pengolahan Pangan)
2023-04-12,ICBP.JK,9103.8427734375,8944.185888671875,9088.89619140625,64.91227273827681,Hilir (Pengolahan Pangan)
2023-04-13,ICBP.JK,9285.0146484375,8971.361572265625,9091.61376953125,67.74196240719166,Hilir (Pengolahan Pangan)
2023-04-14,ICBP.JK,9285.0146484375,8998.537255859375,9094.33134765625,60.78431704130855,Hilir (Pengolahan Pangan)
2023-04-17,ICBP.JK,9262.3662109375,9039.30068359375,9091.61375,59.61528414589547,Hilir (Pengolahan Pangan)
2023-04-18,ICBP.JK,9239.720703125,9075.53486328125,9090.70787109375,54.16663297748574,Hilir (Pengolahan Pangan)
2023-04-26,ICBP.JK,9239.720703125,9104.975146484376,9085.7256640625,60.46503698474079,Hilir (Pengolahan Pangan)
2023-04-27,ICBP.JK,9285.0146484375,9133.283154296874,9085.27275390625,68.29272140582339,Hilir (Pengolahan Pangan)
2023-04-28,ICBP.JK,9579.4169921875,9172.91435546875,9090.707890625,73.99997412666721,Hilir (Pengolahan Pangan)
2023-05-02,ICBP.JK,9420.8916015625,9192.163720703125,9092.0666796875,64.91222363020825,Hilir (Pengolahan Pangan)
2023-05-03,ICBP.JK,9737.94140625,9227.265576171874,9100.219375,67.74191529139449,Hilir (Pengolahan Pangan)
2023-05-04,ICBP.JK,9783.234375,9258.9705078125,9109.2779296875,72.13113942877987,Hilir (Pengolahan Pangan)
2023-05-05,ICBP.JK,9851.1728515625,9299.733935546876,9120.14818359375,75.80638430464829,Hilir (Pengolahan Pangan)
2023-05-08,ICBP.JK,9987.05078125,9351.82060546875,9133.28306640625,77.9411065276188,Hilir (Pengolahan Pangan)
2023-05-09,ICBP.JK,9964.4052734375,9398.245654296876,9145.9650390625,74.99998315539818,Hilir (Pengolahan Pangan)
2023-05-10,ICBP.JK,9873.8203125,9440.141455078125,9158.64703125,77.41934586426945,Hilir (Pengolahan Pangan)
2023-05-11,ICBP.JK,9941.7587890625,9475.243359375,9169.97021484375,75.43856065557895,Hilir (Pengolahan Pangan)
2023-05-12,ICBP.JK,9851.1728515625,9509.212939453126,9179.4816796875,70.49174881095786,Hilir (Pengolahan Pangan)
2023-05-15,ICBP.JK,9964.4052734375,9551.108740234375,9192.16365234375,73.84621406422697,Hilir (Pengolahan Pangan)
2023-05-16,ICBP.JK,9964.4052734375,9593.004541015625,9206.20443359375,75.00001684462451,Hilir (Pengolahan Pangan)
2023-05-17,ICBP.JK,9964.4052734375,9629.23876953125,9220.24521484375,75.00001684462451,Hilir (Pengolahan Pangan)
2023-05-19,ICBP.JK,9919.111328125,9670.002197265625,9234.2859375,71.87493472708002,Hilir (Pengolahan Pangan)
2023-05-22,ICBP.JK,9964.4052734375,9703.971728515626,9251.4971875,66.03770668133363,Hilir (Pengolahan Pangan)
2023-05-23,ICBP.JK,10122.9296875,9745.86748046875,9270.52015625,79.2452799485788,Hilir (Pengolahan Pangan)
2023-05-24,ICBP.JK,10145.5751953125,9790.0279296875,9294.07236328125,72.49995957287393,Hilir (Pengolahan Pangan)
2023-05-25,ICBP.JK,10145.5751953125,9835.320654296875,9318.5304296875,71.05258081172018,Hilir (Pengolahan Pangan)
2023-05-26,ICBP.JK,10145.5751953125,9880.61337890625,9345.253125,68.57139688977708,Hilir (Pengolahan Pangan)
2023-05-29,ICBP.JK,10122.9296875,9922.509130859375,9371.07,60.00005749637773,Hilir (Pengolahan Pangan)
2023-05-30,ICBP.JK,10145.5751953125,9950.817041015625,9393.26341796875,63.33326625422598,Hilir (Pengolahan Pangan)
2023-05-31,ICBP.JK,10598.50390625,10009.69765625,9427.68591796875,84.78255163414379,Hilir (Pengolahan Pangan)
2023-06-05,ICBP.JK,10462.6259765625,10045.931884765625,9459.390859375,73.46938236707365,Hilir (Pengolahan Pangan)
2023-06-06,ICBP.JK,10236.1611328125,10068.57822265625,9487.47236328125,65.45451551849314,Hilir (Pengolahan Pangan)
2023-06-07,ICBP.JK,10236.1611328125,10087.82763671875,9517.36556640625,61.999955152928514,Hilir (Pengolahan Pangan)
2023-06-08,ICBP.JK,10236.1611328125,10100.283154296874,9547.25876953125,61.999955152928514,Hilir (Pengolahan Pangan)
2023-06-09,ICBP.JK,10304.1005859375,10117.267919921875,9584.398828125,64.15090808793019,Hilir (Pengolahan Pangan)
2023-06-12,ICBP.JK,10236.1611328125,10135.3849609375,9618.82130859375,62.962974793472576,Hilir (Pengolahan Pangan)
2023-06-13,ICBP.JK,10190.869140625,10147.840478515625,9649.620390625,59.259271089787774,Hilir (Pengolahan Pangan)
2023-06-14,ICBP.JK,10236.1611328125,10167.089892578126,9679.9665234375,55.102028244227114,Hilir (Pengolahan Pangan)
2023-06-15,ICBP.JK,10258.80859375,10181.81005859375,9709.4068359375,55.10210726873507,Hilir (Pengolahan Pangan)
2023-06-16,ICBP.JK,10145.5751953125,10190.8685546875,9731.60025390625,50.0,Hilir (Pengolahan Pangan)
2023-06-19,ICBP.JK,10190.869140625,10202.191748046875,9754.69955078125,51.78575691282476,Hilir (Pengolahan Pangan)
2023-06-20,ICBP.JK,10145.5751953125,10213.51494140625,9774.62833984375,50.87715581970134,Hilir (Pengolahan Pangan)
2023-06-21,ICBP.JK,10258.80859375,10228.235107421875,9799.08642578125,54.09839310443796,Hilir (Pengolahan Pangan)
2023-06-22,ICBP.JK,10122.9296875,10228.235107421875,9822.638671875,27.65970721109207,Hilir (Pengolahan Pangan)
2023-06-23,ICBP.JK,10122.9296875,10227.10283203125,9844.3791796875,31.707427379040453,Hilir (Pengolahan Pangan)
2023-06-26,ICBP.JK,10258.80859375,10232.764501953125,9868.837265625,51.35140489934536,Hilir (Pengolahan Pangan)
2023-06-27,ICBP.JK,10258.80859375,10238.426171875,9889.2190234375,51.35140489934536,Hilir (Pengolahan Pangan)
2023-07-03,ICBP.JK,10485.2705078125,10256.543212890625,9915.48880859375,61.70203591056306,Hilir (Pengolahan Pangan)
2023-07-04,ICBP.JK,10394.6865234375,10268.998779296875,9940.85275390625,54.16667415314459,Hilir (Pengolahan Pangan)
2023-07-05,ICBP.JK,10372.0400390625,10257.6755859375,9965.76376953125,56.52175135787794,Hilir (Pengolahan Pangan)
2023-07-06,ICBP.JK,10326.7470703125,10250.881640625,9987.504296875,56.521698372329126,Hilir (Pengolahan Pangan)
2023-07-07,ICBP.JK,10384.7724609375,10258.31220703125,10013.122890625,57.04672627151136,Hilir (Pengolahan Pangan)
2023-07-10,ICBP.JK,10430.8251953125,10268.04541015625,10036.0391015625,57.97942459535491,Hilir (Pengolahan Pangan)
2023-07-11,ICBP.JK,10615.033203125,10286.989013671875,10062.63947265625,70.43163895979592,Hilir (Pengolahan Pangan)
2023-07-12,ICBP.JK,10730.1640625,10308.2921875,10091.9954296875,72.12605454125853,Hilir (Pengolahan Pangan)
2023-07-13,ICBP.JK,10776.216796875,10335.294970703126,10122.7253515625,75.85770309110261,Hilir (Pengolahan Pangan)
2023-07-14,ICBP.JK,10845.294921875,10368.016259765625,10154.8368359375,74.95068541867124,Hilir (Pengolahan Pangan)
2023-07-17,ICBP.JK,10730.1640625,10392.71640625,10183.73982421875,76.29760829332494,Hilir (Pengolahan Pangan)
2023-07-18,ICBP.JK,10822.2685546875,10420.889404296875,10208.59685546875,78.048782398417,Hilir (Pengolahan Pangan)
2023-07-20,ICBP.JK,10568.982421875,10442.059765625,10231.558671875,61.36955251748292,Hilir (Pengolahan Pangan)
2023-07-21,ICBP.JK,10592.0078125,10462.11669921875,10248.64,62.01081408365425,Hilir (Pengolahan Pangan)
2023-07-24,ICBP.JK,10615.033203125,10485.589599609375,10265.2759765625,55.48149376552637,Hilir (Pengolahan Pangan)
2023-07-25,ICBP.JK,10338.7216796875,10489.58525390625,10275.026953125,47.956549396820506,Hilir (Pengolahan Pangan)
2023-07-26,ICBP.JK,10292.66796875,10498.07216796875,10281.139296875,47.15058494395967,Hilir (Pengolahan Pangan)
2023-07-27,ICBP.JK,10292.66796875,10506.55908203125,10287.70455078125,48.73545558313554,Hilir (Pengolahan Pangan)
2023-07-28,ICBP.JK,10315.6943359375,10509.403369140626,10296.54203125,47.368424968712475,Hilir (Pengolahan Pangan)
2023-07-31,ICBP.JK,10315.6943359375,10512.24765625,10304.0207421875,45.45452442421046,Hilir (Pengolahan Pangan)
2023-08-01,ICBP.JK,10200.564453125,10498.012353515625,10311.00857421875,32.69232651383419,Hilir (Pengolahan Pangan)
2023-08-02,ICBP.JK,10292.66796875,10492.91142578125,10317.573828125,31.372493580105655,Hilir (Pengolahan Pangan)
2023-08-03,ICBP.JK,10315.6943359375,10490.094140625,10324.599609375,29.99992365978389,Hilir (Pengolahan Pangan)
2023-08-04,ICBP.JK,10361.74609375,10491.844091796875,10332.54642578125,28.571329653076035,Hilir (Pengolahan Pangan)
2023-08-07,ICBP.JK,10246.6162109375,10484.936279296875,10339.0965234375,28.57135438259995,Hilir (Pengolahan Pangan)
2023-08-08,ICBP.JK,10269.642578125,10476.8771484375,10345.20126953125,23.912957292758648,Hilir (Pengolahan Pangan)
2023-08-09,ICBP.JK,10223.58984375,10457.30498046875,10347.21447265625,29.72959961485998,Hilir (Pengolahan Pangan)
2023-08-10,ICBP.JK,10545.9560546875,10448.094580078125,10355.22208984375,48.00001696446369,Hilir (Pengolahan Pangan)
2023-08-11,ICBP.JK,10568.982421875,10437.732861328124,10363.690234375,48.00006107201748,Hilir (Pengolahan Pangan)
2023-08-14,ICBP.JK,10499.9033203125,10420.46328125,10370.776796875,58.53650967695219,Hilir (Pengolahan Pangan)
2023-08-15,ICBP.JK,10568.982421875,10412.40419921875,10379.6978515625,64.28575756229375,Hilir (Pengolahan Pangan)
2023-08-16,ICBP.JK,10753.1904296875,10408.95029296875,10391.85015625,70.00000848221745,Hilir (Pengolahan Pangan)
2023-08-18,ICBP.JK,10776.216796875,10419.31201171875,10395.4044140625,70.00000848221745,Hilir (Pengolahan Pangan)
2023-08-21,ICBP.JK,10753.1904296875,10427.371142578126,10401.215703125,68.62744445811947,Hilir (Pengolahan Pangan)
2023-08-22,ICBP.JK,10615.033203125,10427.371142578126,10408.79314453125,67.3076170218319,Hilir (Pengolahan Pangan)
2023-08-23,ICBP.JK,10592.0078125,10440.03544921875,10415.910078125,63.26530258966902,Hilir (Pengolahan Pangan)
2023-08-24,ICBP.JK,10453.8515625,10448.09462890625,10420.26388671875,55.55557300866364,Hilir (Pengolahan Pangan)
2023-08-25,ICBP.JK,10522.9287109375,10459.607666015625,10424.64044921875,56.36362795152183,Hilir (Pengolahan Pangan)
2023-08-28,ICBP.JK,10407.798828125,10464.212890625,10428.073203125,56.36362795152183,Hilir (Pengolahan Pangan)
2023-08-29,ICBP.JK,10476.876953125,10472.272021484376,10433.793359375,57.89471334565487,Hilir (Pengolahan Pangan)
2023-08-30,ICBP.JK,10361.74609375,10480.331103515626,10436.30505859375,54.99998586296691,Hilir (Pengolahan Pangan)
2023-08-31,ICBP.JK,10315.6943359375,10481.482421875,10437.4427734375,39.58329283658102,Hilir (Pengolahan Pangan)
2023-09-01,ICBP.JK,10315.6943359375,10481.482421875,10440.84515625,38.297814742659035,Hilir (Pengolahan Pangan)
2023-09-04,ICBP.JK,10315.6943359375,10479.179833984375,10443.34166015625,40.90906462116203,Hilir (Pengolahan Pangan)
2023-09-05,ICBP.JK,10292.66796875,10481.482421875,10446.283515625,35.71418473519242,Hilir (Pengolahan Pangan)
2023-09-06,ICBP.JK,10177.5380859375,10476.877197265625,10444.65810546875,17.948645450907392,Hilir (Pengolahan Pangan)
2023-09-07,ICBP.JK,10315.6943359375,10481.482421875,10448.5133984375,27.272639646213207,Hilir (Pengolahan Pangan)
2023-09-08,ICBP.JK,10246.6162109375,10466.5154296875,10450.98712890625,26.08688035787715,Hilir (Pengolahan Pangan)
2023-09-11,ICBP.JK,10292.66796875,10452.69970703125,10451.66431640625,33.33326601380185,Hilir (Pengolahan Pangan)
2023-09-12,ICBP.JK,10315.6943359375,10443.4892578125,10452.80203125,35.714220799088764,Hilir (Pengolahan Pangan)
2023-09-13,ICBP.JK,10315.6943359375,10430.824853515625,10449.4105078125,41.66659794470277,Hilir (Pengolahan Pangan)
2023-09-14,ICBP.JK,10131.4853515625,10399.739599609375,10444.146484375,29.26827249913626,Hilir (Pengolahan Pangan)
2023-09-15,ICBP.JK,10108.4599609375,10366.3517578125,10438.8748828125,32.43242004055428,Hilir (Pengolahan Pangan)
2023-09-18,ICBP.JK,9993.3291015625,10328.35869140625,10432.2065234375,23.076897981554396,Hilir (Pengolahan Pangan)
2023-09-19,ICBP.JK,9970.3037109375,10296.122216796875,10423.9171484375,25.71429610071094,Hilir (Pengolahan Pangan)
2023-09-20,ICBP.JK,9993.3291015625,10266.18828125,10415.1672265625,29.411706005184158,Hilir (Pengolahan Pangan)
2023-09-21,ICBP.JK,10315.6943359375,10259.280419921875,10409.18044921875,50.0,Hilir (Pengolahan Pangan)
2023-09-22,ICBP.JK,10453.8515625,10255.8265625,10403.65419921875,55.55559046188137,Hilir (Pengolahan Pangan)
2023-09-25,ICBP.JK,10361.74609375,10253.52392578125,10395.36478515625,52.63157503128753,Hilir (Pengolahan Pangan)
2023-09-26,ICBP.JK,10292.66796875,10244.3134765625,10384.31224609375,54.54543351513576,Hilir (Pengolahan Pangan)
2023-09-27,ICBP.JK,10131.4853515625,10232.800439453125,10372.338671875,42.85713203797614,Hilir (Pengolahan Pangan)
2023-09-29,ICBP.JK,10200.564453125,10227.0439453125,10359.90458984375,48.21430329541832,Hilir (Pengolahan Pangan)
2023-10-02,ICBP.JK,10223.58984375,10222.438720703125,10352.99673828125,47.272734282828125,Hilir (Pengolahan Pangan)
2023-10-03,ICBP.JK,10085.43359375,10210.92568359375,10342.86525390625,41.66667255710128,Hilir (Pengolahan Pangan)
2023-10-04,ICBP.JK,10315.6943359375,10212.077001953125,10336.8784765625,50.0,Hilir (Pengolahan Pangan)
2023-10-05,ICBP.JK,10707.138671875,10238.55703125,10344.24681640625,65.82281063327319,Hilir (Pengolahan Pangan)
2023-10-06,ICBP.JK,10592.0078125,10252.372705078125,10350.23361328125,62.650591328208236,Hilir (Pengolahan Pangan)
2023-10-09,ICBP.JK,10223.58984375,10251.22138671875,10348.85205078125,55.3191412564784,Hilir (Pengolahan Pangan)
2023-10-10,ICBP.JK,9993.3291015625,10236.254443359376,10342.40474609375,50.48542170212591,Hilir (Pengolahan Pangan)
2023-10-11,ICBP.JK,9855.1728515625,10213.228369140625,10333.19431640625,47.222230948783114,Hilir (Pengolahan Pangan)
2023-10-12,ICBP.JK,10108.4599609375,10202.866650390624,10331.3522265625,45.714299562802324,Hilir (Pengolahan Pangan)
2023-10-13,ICBP.JK,10016.3544921875,10197.110107421875,10325.82595703125,40.776682638759354,Hilir (Pengolahan Pangan)
2023-10-16,ICBP.JK,10039.3818359375,10193.656201171874,10320.29970703125,43.00003180830196,Hilir (Pengolahan Pangan)
2023-10-17,ICBP.JK,10039.3818359375,10195.958837890625,10313.852421875,44.329924853714616,Hilir (Pengolahan Pangan)
2023-10-18,ICBP.JK,9786.09375,10186.74833984375,10304.64197265625,42.57426657232658,Hilir (Pengolahan Pangan)
2023-10-19,ICBP.JK,9601.8857421875,10167.176171875,10291.2868359375,37.735856605745425,Hilir (Pengolahan Pangan)
2023-10-20,ICBP.JK,9763.0673828125,10139.54482421875,10282.07638671875,41.07142519044281,Hilir (Pengolahan Pangan)
2023-10-23,ICBP.JK,9670.9638671875,10100.400439453126,10264.57654296875,41.81818672525052,Hilir (Pengolahan Pangan)
2023-10-24,ICBP.JK,9947.27734375,10079.677001953125,10252.14244140625,42.85715908587449,Hilir (Pengolahan Pangan)
2023-10-25,ICBP.JK,9624.9111328125,10046.28916015625,10234.64259765625,28.440365544614707,Hilir (Pengolahan Pangan)
2023-10-26,ICBP.JK,9463.728515625,10012.901318359374,10212.53751953125,27.927931714325013,Hilir (Pengolahan Pangan)
2023-10-27,ICBP.JK,9693.9892578125,9987.57255859375,10191.35349609375,39.04761635485084,Hilir (Pengolahan Pangan)
2023-10-30,ICBP.JK,9693.9892578125,9961.092529296875,10169.7089453125,43.15788533826195,Hilir (Pengolahan Pangan)
2023-10-31,ICBP.JK,9532.806640625,9933.461181640625,10145.30126953125,42.70831906745086,Hilir (Pengolahan Pangan)
2023-11-01,ICBP.JK,9555.8330078125,9895.468115234375,10124.117265625,36.046508187311005,Hilir (Pengolahan Pangan)
2023-11-02,ICBP.JK,9532.806640625,9836.751513671876,10102.9332421875,37.349408671791764,Hilir (Pengolahan Pangan)
2023-11-03,ICBP.JK,9624.9111328125,9788.3966796875,10086.35443359375,39.53485848986818,Hilir (Pengolahan Pangan)
2023-11-06,ICBP.JK,9647.9375,9759.6140625,10068.854609375,40.22986824767507,Hilir (Pengolahan Pangan)
2023-11-07,ICBP.JK,9647.9375,9742.344482421875,10053.6573828125,46.05263892159631,Hilir (Pengolahan Pangan)
2023-11-08,ICBP.JK,9647.9375,9731.98271484375,10037.07859375,51.470574477360884,Hilir (Pengolahan Pangan)
2023-11-09,ICBP.JK,9624.9111328125,9707.8052734375,10022.34189453125,45.16130576886507,Hilir (Pengolahan Pangan)
2023-11-10,ICBP.JK,9740.04296875,9693.989697265624,10010.8288671875,52.38097482064515,Hilir (Pengolahan Pangan)
2023-11-13,ICBP.JK,9555.8330078125,9669.812255859375,9995.631640625,35.59323983268507,Hilir (Pengolahan Pangan)
2023-11-14,ICBP.JK,9624.9111328125,9649.088720703125,9981.8159765625,50.0,Hilir (Pengolahan Pangan)
2023-11-15,ICBP.JK,9740.04296875,9646.786181640626,9970.7634765625,63.04348226946431,Hilir (Pengolahan Pangan)
2023-11-16,ICBP.JK,9740.04296875,9653.69404296875,9962.01357421875,52.77785304398125,Hilir (Pengolahan Pangan)
2023-11-17,ICBP.JK,9647.9375,9647.937548828126,9948.6584375,47.50003976016667,Hilir (Pengolahan Pangan)
2023-11-20,ICBP.JK,9693.9892578125,9649.088818359374,9937.6058984375,59.99992729572826,Hilir (Pengolahan Pangan)
2023-11-21,ICBP.JK,9670.9638671875,9635.27314453125,9925.17181640625,57.14283983229528,Hilir (Pengolahan Pangan)
2023-11-22,ICBP.JK,9670.9638671875,9637.57578125,9912.27720703125,58.8235220742415,Hilir (Pengolahan Pangan)
2023-11-23,ICBP.JK,9717.015625,9650.24013671875,9900.3036328125,56.2499751498629,Hilir (Pengolahan Pangan)
2023-11-24,ICBP.JK,9601.8857421875,9645.6349609375,9889.711640625,47.22225821918696,Hilir (Pengolahan Pangan)
2023-11-27,ICBP.JK,9809.1201171875,9651.39150390625,9883.72484375,57.77775683406453,Hilir (Pengolahan Pangan)
2023-11-28,ICBP.JK,9809.1201171875,9665.207177734375,9880.0406640625,57.77775683406453,Hilir (Pengolahan Pangan)
2023-11-29,ICBP.JK,9670.9638671875,9670.963720703125,9874.0538671875,52.00002035730463,Hilir (Pengolahan Pangan)
2023-11-30,ICBP.JK,10638.060546875,9726.226416015625,9886.94849609375,72.41377629366028,Hilir (Pengolahan Pangan)
2023-12-01,ICBP.JK,9693.9892578125,9729.680322265625,9874.51439453125,52.499992931483455,Hilir (Pengolahan Pangan)
2023-12-04,ICBP.JK,9670.9638671875,9730.831640625,9858.856640625,50.84746737399769,Hilir (Pengolahan Pangan)
2023-12-05,ICBP.JK,9832.146484375,9740.04208984375,9848.2646484375,51.666651351536665,Hilir (Pengolahan Pangan)
2023-12-06,ICBP.JK,9809.1201171875,9748.101220703125,9838.59369140625,51.23964914432926,Hilir (Pengolahan Pangan)
2023-12-07,ICBP.JK,9809.1201171875,9757.311669921875,9832.14638671875,52.991453611091266,Hilir (Pengolahan Pangan)
2023-12-08,ICBP.JK,10108.4599609375,9775.73251953125,9830.304296875,57.031267602273765,Hilir (Pengolahan Pangan)
2023-12-11,ICBP.JK,9693.9892578125,9782.64033203125,9819.71228515625,50.34481689517964,Hilir (Pengolahan Pangan)
2023-12-12,ICBP.JK,9786.09375,9790.699462890625,9813.72548828125,51.677842988405835,Hilir (Pengolahan Pangan)
2023-12-13,ICBP.JK,9717.015625,9789.548095703125,9801.7519140625,50.0,Hilir (Pengolahan Pangan)
2023-12-14,ICBP.JK,9740.04296875,9789.548095703125,9782.41,52.05480208116376,Hilir (Pengolahan Pangan)
2023-12-15,ICBP.JK,9601.8857421875,9787.2455078125,9762.60755859375,46.85315867490054,Hilir (Pengolahan Pangan)
2023-12-18,ICBP.JK,9763.0673828125,9790.6994140625,9753.397109375,49.333326170573955,Hilir (Pengolahan Pangan)
2023-12-19,ICBP.JK,9740.04296875,9794.153369140626,9748.33138671875,51.03449425651456,Hilir (Pengolahan Pangan)
2023-12-20,ICBP.JK,9740.04296875,9797.60732421875,9746.0287890625,31.067977155656934,Hilir (Pengolahan Pangan)
2023-12-21,ICBP.JK,9717.015625,9797.60732421875,9738.19990234375,50.79365934211669,Hilir (Pengolahan Pangan)
2023-12-22,ICBP.JK,9693.9892578125,9802.2125,9731.75259765625,50.79362514827037,Hilir (Pengolahan Pangan)
2023-12-27,ICBP.JK,9740.04296875,9798.758642578125,9725.7658203125,46.551767002785965,Hilir (Pengolahan Pangan)
2023-12-28,ICBP.JK,9809.1201171875,9798.758642578125,9721.1605859375,50.0,Hilir (Pengolahan Pangan)
2023-12-29,ICBP.JK,9740.04296875,9802.21259765625,9720.2395703125,47.61908929281886,Hilir (Pengolahan Pangan)
2024-01-02,ICBP.JK,9809.1201171875,9760.765576171874,9724.3842578125,37.73582187966122,Hilir (Pengolahan Pangan)
2024-01-03,ICBP.JK,9786.09375,9765.37080078125,9724.84478515625,55.555568645422596,Hilir (Pengolahan Pangan)
2024-01-04,ICBP.JK,10177.5380859375,9790.69951171875,9734.97626953125,67.3469758697961,Hilir (Pengolahan Pangan)
2024-01-05,ICBP.JK,9878.1982421875,9793.002099609375,9733.5946875,55.932199734750874,Hilir (Pengolahan Pangan)
2024-01-08,ICBP.JK,9901.224609375,9797.60732421875,9739.12095703125,55.932168057368614,Hilir (Pengolahan Pangan)
2024-01-09,ICBP.JK,10154.51171875,9814.876904296874,9752.93662109375,68.75000414171421,Hilir (Pengolahan Pangan)
2024-01-10,ICBP.JK,10453.8515625,9832.146484375,9768.1338671875,71.42860604988394,Hilir (Pengolahan Pangan)
2024-01-11,ICBP.JK,10246.6162109375,9859.77783203125,9779.18640625,64.10251948869663,Hilir (Pengolahan Pangan)
2024-01-12,ICBP.JK,10292.66796875,9885.10654296875,9794.3836328125,64.9999469861634,Hilir (Pengolahan Pangan)
2024-01-15,ICBP.JK,10246.6162109375,9911.586572265625,9808.199296875,64.1975373283201,Hilir (Pengolahan Pangan)
2024-01-16,ICBP.JK,10200.564453125,9934.612646484375,9821.554453125,63.41466442198034,Hilir (Pengolahan Pangan)
2024-01-17,ICBP.JK,10246.6162109375,9966.849169921876,9833.9885546875,63.41462657742391,Hilir (Pengolahan Pangan)
2024-01-18,ICBP.JK,10384.7724609375,9997.934423828125,9848.72525390625,64.70589115802395,Hilir (Pengolahan Pangan)
2024-01-19,ICBP.JK,10638.060546875,10042.835302734375,9868.52771484375,70.96773016688084,Hilir (Pengolahan Pangan)
2024-01-22,ICBP.JK,10499.9033203125,10080.8283203125,9885.56703125,65.6249889554507,Hilir (Pengolahan Pangan)
2024-01-23,ICBP.JK,10476.876953125,10118.82138671875,9902.60634765625,65.6249889554507,Hilir (Pengolahan Pangan)
2024-01-24,ICBP.JK,10499.9033203125,10159.11708984375,9917.8035546875,58.74998674654084,Hilir (Pengolahan Pangan)
2024-01-25,ICBP.JK,10499.9033203125,10197.110107421875,9936.6849609375,70.14924900745422,Hilir (Pengolahan Pangan)
2024-01-26,ICBP.JK,10545.9560546875,10233.951904296875,9955.105859375,70.58823529411765,Hilir (Pengolahan Pangan)
2024-01-29,ICBP.JK,10499.9033203125,10271.944921875,9970.30306640625,62.711848568124,Hilir (Pengolahan Pangan)
2024-01-30,ICBP.JK,10338.7216796875,10298.425,9982.276640625,45.28304604484533,Hilir (Pengolahan Pangan)
2024-01-31,ICBP.JK,10845.294921875,10351.38505859375,10006.2237890625,69.6969852749816,Hilir (Pengolahan Pangan)
2024-02-01,ICBP.JK,10661.0859375,10375.562451171874,10025.56572265625,61.11112420096273,Hilir (Pengolahan Pangan)
2024-02-02,ICBP.JK,10661.0859375,10414.7068359375,10045.3681640625,62.8571393950116,Hilir (Pengolahan Pangan)
2024-02-05,ICBP.JK,10568.982421875,10448.0947265625,10063.32853515625,61.11112420096273,Hilir (Pengolahan Pangan)
2024-02-06,ICBP.JK,10615.033203125,10471.12080078125,10081.28888671875,61.11110129371661,Hilir (Pengolahan Pangan)
2024-02-07,ICBP.JK,10522.9287109375,10474.574658203124,10099.70974609375,54.28570563038092,Hilir (Pengolahan Pangan)
2024-02-12,ICBP.JK,10730.1640625,10498.75205078125,10118.130625,52.941150789096845,Hilir (Pengolahan Pangan)
2024-02-13,ICBP.JK,10476.876953125,10507.9625,10131.48576171875,49.31505973873563,Hilir (Pengolahan Pangan)
2024-02-15,ICBP.JK,10730.1640625,10532.139892578125,10152.669765625,56.62651402736389,Hilir (Pengolahan Pangan)
2024-02-16,ICBP.JK,10545.9560546875,10549.40947265625,10150.82767578125,51.11112577176565,Hilir (Pengolahan Pangan)
2024-02-19,ICBP.JK,10661.0859375,10570.132958984375,10170.169609375,53.684215225616356,Hilir (Pengolahan Pangan)
2024-02-20,ICBP.JK,10638.060546875,10582.79736328125,10189.51154296875,52.127666774198644,Hilir (Pengolahan Pangan)
2024-02-21,ICBP.JK,10568.982421875,10579.34345703125,10204.24826171875,51.57896992508391,Hilir (Pengolahan Pangan)
2024-02-22,ICBP.JK,10684.1123046875,10588.55390625,10221.74810546875,58.064516129032256,Hilir (Pengolahan Pangan)
2024-02-23,ICBP.JK,10638.060546875,10596.6130859375,10238.3269140625,43.835614050784265,Hilir (Pengolahan Pangan)
2024-02-26,ICBP.JK,10638.060546875,10603.520947265624,10248.91892578125,49.23079031092018,Hilir (Pengolahan Pangan)
2024-02-27,ICBP.JK,10684.1123046875,10612.731396484374,10268.72138671875,50.746279994100405,Hilir (Pengolahan Pangan)
2024-02-28,ICBP.JK,10684.1123046875,10619.639208984376,10286.6817578125,53.96824541975354,Hilir (Pengolahan Pangan)
2024-02-29,ICBP.JK,10638.060546875,10626.5470703125,10305.10265625,50.793695673247804,Hilir (Pengolahan Pangan)
2024-03-01,ICBP.JK,10707.138671875,10644.967919921875,10324.4445703125,56.45167137864539,Hilir (Pengolahan Pangan)
2024-03-04,ICBP.JK,10545.9560546875,10630.0009765625,10343.3259765625,43.333340401874864,Hilir (Pengolahan Pangan)
2024-03-05,ICBP.JK,10476.876953125,10620.79052734375,10357.60216796875,50.0,Hilir (Pengolahan Pangan)
2024-03-06,ICBP.JK,10269.642578125,10601.218359375,10368.19416015625,29.99994910647942,Hilir (Pengolahan Pangan)
2024-03-07,ICBP.JK,9855.1728515625,10565.527880859376,10370.4967578125,24.9999293146347,Hilir (Pengolahan Pangan)
2024-03-08,ICBP.JK,9924.25,10530.988720703124,10374.6414453125,22.413682158468873,Hilir (Pengolahan Pangan)
2024-03-13,ICBP.JK,9878.1982421875,10498.752197265625,10378.325625,22.03378377892679,Hilir (Pengolahan Pangan)
2024-03-14,ICBP.JK,10039.3818359375,10464.2130859375,10384.31240234375,31.745987935026065,Hilir (Pengolahan Pangan)
2024-03-15,ICBP.JK,9878.1982421875,10434.279150390625,10385.69396484375,23.076882924359396,Hilir (Pengolahan Pangan)
2024-03-18,ICBP.JK,9993.3291015625,10397.43740234375,10390.7596875,29.411739024406984,Hilir (Pengolahan Pangan)
2024-03-19,ICBP.JK,10131.4853515625,10376.7138671875,10397.2069921875,35.1350995085467,Hilir (Pengolahan Pangan)
2024-03-20,ICBP.JK,10338.7216796875,10360.595654296874,10408.25955078125,40.74076982927705,Hilir (Pengolahan Pangan)
2024-03-21,ICBP.JK,10085.43359375,10332.964306640624,10406.4174609375,35.86957674213839,Hilir (Pengolahan Pangan)
2024-03-22,ICBP.JK,10246.6162109375,10316.84599609375,10413.7858203125,41.23710889456216,Hilir (Pengolahan Pangan)
2024-03-25,ICBP.JK,10315.6943359375,10298.42509765625,10422.07521484375,41.23710889456216,Hilir (Pengolahan Pangan)
2024-03-26,ICBP.JK,9993.3291015625,10266.188525390626,10418.8515625,38.46153846153846,Hilir (Pengolahan Pangan)
2024-03-27,ICBP.JK,10131.4853515625,10240.859765625,10412.40423828125,42.99065568734703,Hilir (Pengolahan Pangan)
2024-03-28,ICBP.JK,10684.1123046875,10240.859765625,10421.15416015625,57.377041771781826,Hilir (Pengolahan Pangan)
2024-04-01,ICBP.JK,10338.7216796875,10223.590234375,10422.075234375,58.82353779754585,Hilir (Pengolahan Pangan)
2024-04-02,ICBP.JK,10315.6943359375,10207.471923828125,10423.456796875,57.26495850423113,Hilir (Pengolahan Pangan)
2024-04-03,ICBP.JK,10131.4853515625,10178.6892578125,10422.07521484375,54.47153770721071,Hilir (Pengolahan Pangan)
2024-04-04,ICBP.JK,10154.51171875,10159.117041015625,10420.233125,52.13673757528414,Hilir (Pengolahan Pangan)
2024-04-05,ICBP.JK,9993.3291015625,10134.9396484375,10412.4042578125,52.13675647421226,Hilir (Pengolahan Pangan)
2024-04-16,ICBP.JK,9302.5458984375,10086.584814453125,10385.69396484375,39.43662560756852,Hilir (Pengolahan Pangan)
2024-04-17,ICBP.JK,9348.5986328125,10061.256103515625,10362.66787109375,37.68118436273384,Hilir (Pengolahan Pangan)
2024-04-18,ICBP.JK,9302.5458984375,10030.1708984375,10339.18125,32.824422043915845,Hilir (Pengolahan Pangan)
2024-04-19,ICBP.JK,8957.154296875,9984.118701171876,10308.32626953125,31.851856506017654,Hilir (Pengolahan Pangan)
2024-04-22,ICBP.JK,9026.232421875,9933.46123046875,10278.8528515625,29.77099632059543,Hilir (Pengolahan Pangan)
2024-04-23,ICBP.JK,9141.3642578125,9896.61953125,10250.761015625,30.827105071661947,Hilir (Pengolahan Pangan)
2024-04-24,ICBP.JK,9371.625,9865.534326171875,10228.19544921875,39.534905129075945,Hilir (Pengolahan Pangan)
2024-04-25,ICBP.JK,9855.1728515625,9851.718701171874,10218.52447265625,45.833348059399064,Hilir (Pengolahan Pangan)
2024-04-26,ICBP.JK,9763.0673828125,9822.935986328124,10196.879921875,33.870973258461845,Hilir (Pengolahan Pangan)
2024-04-29,ICBP.JK,9832.146484375,9810.271630859375,10180.3011328125,40.178573119061745,Hilir (Pengolahan Pangan)
2024-04-30,ICBP.JK,10016.3544921875,9798.758544921875,10167.40650390625,44.53781213113071,Hilir (Pengolahan Pangan)
2024-05-02,ICBP.JK,9647.9375,9765.370703125,10148.98560546875,41.73229529727991,Hilir (Pengolahan Pangan)
2024-05-03,ICBP.JK,9993.3291015625,9765.370703125,10136.5515234375,47.51773369632404,Hilir (Pengolahan Pangan)
2024-05-06,ICBP.JK,9993.3291015625,9758.462890625,10125.95953125,50.0,Hilir (Pengolahan Pangan)
2024-05-07,ICBP.JK,9924.25,9720.469775390626,10109.84125,62.616793906442794,Hilir (Pengolahan Pangan)
2024-05-08,ICBP.JK,9924.25,9699.74619140625,10098.7887109375,61.90472536008004,Hilir (Pengolahan Pangan)
2024-05-13,ICBP.JK,9486.7548828125,9658.29921875,10073.92052734375,53.27869023425523,Hilir (Pengolahan Pangan)
2024-05-14,ICBP.JK,9486.7548828125,9626.0626953125,10052.73650390625,60.74766392183676,Hilir (Pengolahan Pangan)
2024-05-15,ICBP.JK,9763.0673828125,9606.490478515625,10034.7761328125,63.79309525350321,Hilir (Pengolahan Pangan)
2024-05-16,ICBP.JK,9740.04296875,9593.826171875,10016.81578125,61.60715536680912,Hilir (Pengolahan Pangan)
2024-05-17,ICBP.JK,9717.015625,9614.549658203125,9999.7764453125,57.28153740743669,Hilir (Pengolahan Pangan)
2024-05-20,ICBP.JK,9670.9638671875,9630.667919921874,9979.5134765625,45.23808802531743,Hilir (Pengolahan Pangan)
2024-05-21,ICBP.JK,9578.859375,9644.48359375,9958.329453125,45.238110865788386,Hilir (Pengolahan Pangan)
2024-05-22,ICBP.JK,9647.9375,9679.02275390625,9938.5269921875,45.23808321678675,Hilir (Pengolahan Pangan)
2024-05-27,ICBP.JK,9601.8857421875,9707.805419921875,9916.8824609375,38.4615510092228,Hilir (Pengolahan Pangan)
2024-05-28,ICBP.JK,9763.0673828125,9738.890576171874,9898.4615625,53.62317593453679,Hilir (Pengolahan Pangan)
2024-05-29,ICBP.JK,9601.8857421875,9750.40361328125,9877.73806640625,36.065544136194305,Hilir (Pengolahan Pangan)
2024-05-30,ICBP.JK,9348.5986328125,9725.07490234375,9850.567265625,30.555516285908155,Hilir (Pengolahan Pangan)
2024-05-31,ICBP.JK,8980.1806640625,9685.93056640625,9819.2517578125,25.88231537276711,Hilir (Pengolahan Pangan)
2024-06-03,ICBP.JK,9394.650390625,9664.05576171875,9797.6072265625,38.83494386075292,Hilir (Pengolahan Pangan)
2024-06-04,ICBP.JK,9509.78125,9638.727099609376,9782.41,50.561805248789256,Hilir (Pengolahan Pangan)
2024-06-05,ICBP.JK,9624.9111328125,9637.57578125,9777.804765625,53.19148744177485,Hilir (Pengolahan Pangan)
2024-06-06,ICBP.JK,9763.0673828125,9626.0626953125,9774.58111328125,50.0,Hilir (Pengolahan Pangan)
2024-06-07,ICBP.JK,9740.04296875,9613.398388671874,9771.8180078125,50.0,Hilir (Pengolahan Pangan)
2024-06-10,ICBP.JK,9670.9638671875,9600.73408203125,9764.4496484375,48.88889726640972,Hilir (Pengolahan Pangan)
2024-06-11,ICBP.JK,9717.015625,9590.37236328125,9761.22599609375,51.111102733590286,Hilir (Pengolahan Pangan)
2024-06-12,ICBP.JK,9740.04296875,9603.036767578125,9756.1602734375,54.02301708244246,Hilir (Pengolahan Pangan)
2024-06-13,ICBP.JK,9832.146484375,9620.30634765625,9750.17349609375,54.54546768941899,Hilir (Pengolahan Pangan)
2024-06-14,ICBP.JK,9670.9638671875,9615.701171875,9736.81833984375,51.612901754728384,Hilir (Pengolahan Pangan)
2024-06-19,ICBP.JK,9394.650390625,9598.43154296875,9723.00267578125,41.836740434662374,Hilir (Pengolahan Pangan)
2024-06-20,ICBP.JK,9371.625,9581.16201171875,9705.5028515625,44.565218894535,Hilir (Pengolahan Pangan)
2024-06-21,ICBP.JK,9486.7548828125,9571.9515625,9688.9240625,53.4883675055529,Hilir (Pengolahan Pangan)
2024-06-24,ICBP.JK,9486.7548828125,9567.346337890625,9678.792578125,65.71431341138607,Hilir (Pengolahan Pangan)
2024-06-25,ICBP.JK,9325.5712890625,9551.22802734375,9662.674296875,47.45759422288003,Hilir (Pengolahan Pangan)
2024-06-26,ICBP.JK,9555.8330078125,9548.925390625,9640.1087109375,51.56248653942879,Hilir (Pengolahan Pangan)
2024-06-27,ICBP.JK,9670.9638671875,9544.32021484375,9626.7535546875,51.56251863770163,Hilir (Pengolahan Pangan)
2024-06-28,ICBP.JK,9486.7548828125,9538.563671875,9610.174765625,40.90911427609375,Hilir (Pengolahan Pangan)
2024-07-01,ICBP.JK,9486.7548828125,9545.471484375,9597.28015625,41.538438450782614,Hilir (Pengolahan Pangan)
2024-07-02,ICBP.JK,9440.703125,9568.497607421876,9583.003984375,42.18751138969901,Hilir (Pengolahan Pangan)
2024-07-03,ICBP.JK,9463.728515625,9571.951513671875,9572.41197265625,41.269842338400224,Hilir (Pengolahan Pangan)
2024-07-04,ICBP.JK,9417.67578125,9567.346240234376,9574.7145703125,39.06243580347215,Hilir (Pengolahan Pangan)
2024-07-05,ICBP.JK,9463.728515625,9559.287109375,9577.01716796875,37.096769780324266,Hilir (Pengolahan Pangan)
2024-07-08,ICBP.JK,9578.859375,9550.076708984376,9582.5434375,46.666666666666664,Hilir (Pengolahan Pangan)
2024-07-09,ICBP.JK,9696.2470703125,9547.8869140625,9597.32529296875,62.333813903521204,Hilir (Pengolahan Pangan)
2024-07-10,ICBP.JK,9672.7705078125,9547.97724609375,9610.2560546875,62.31082033810612,Hilir (Pengolahan Pangan)
2024-07-11,ICBP.JK,9672.7705078125,9545.764990234375,9620.8841796875,58.39448805433676,Hilir (Pengolahan Pangan)
2024-07-12,ICBP.JK,9743.203125,9545.922998046875,9628.3157421875,60.88124659705953,Hilir (Pengolahan Pangan)
2024-07-15,ICBP.JK,9931.0234375,9550.866845703125,9629.83275390625,75.12182392684325,Hilir (Pengolahan Pangan)
2024-07-16,ICBP.JK,9837.1123046875,9559.174267578124,9631.31365234375,63.160107097493444,Hilir (Pengolahan Pangan)
2024-07-17,ICBP.JK,10095.3662109375,9594.21005859375,9636.578046875,67.51116942060847,Hilir (Pengolahan Pangan)
2024-07-18,ICBP.JK,10095.3662109375,9630.397119140625,9638.15828125,79.61336478316154,Hilir (Pengolahan Pangan)
2024-07-19,ICBP.JK,10142.322265625,9663.17548828125,9648.0459765625,80.50422550827426,Hilir (Pengolahan Pangan)
2024-07-22,ICBP.JK,10236.2314453125,9700.64931640625,9652.9040234375,85.43842721127736,Hilir (Pengolahan Pangan)
2024-07-23,ICBP.JK,10071.8896484375,9737.965234375,9654.475234375,74.06223073980627,Hilir (Pengolahan Pangan)
2024-07-24,ICBP.JK,10142.322265625,9767.289697265625,9658.8366796875,78.12838319358312,Hilir (Pengolahan Pangan)
2024-07-25,ICBP.JK,10189.27734375,9793.20537109375,9664.1372265625,78.14369397489591,Hilir (Pengolahan Pangan)
2024-07-26,ICBP.JK,10189.27734375,9828.331494140624,9678.18767578125,76.000083191215,Hilir (Pengolahan Pangan)
2024-07-29,ICBP.JK,10165.798828125,9862.28369140625,9691.7685546875,71.73915598971685,Hilir (Pengolahan Pangan)
2024-07-30,ICBP.JK,10236.2314453125,9902.060107421876,9701.2318359375,74.99995667131728,Hilir (Pengolahan Pangan)
2024-07-31,ICBP.JK,10259.7099609375,9941.8591796875,9711.62517578125,75.51018156011993,Hilir (Pengolahan Pangan)
2024-08-01,ICBP.JK,10330.142578125,9987.48251953125,9723.88771484375,75.51018156011993,Hilir (Pengolahan Pangan)
2024-08-02,ICBP.JK,10494.4853515625,10039.020361328125,9740.35814453125,74.99997833567741,Hilir (Pengolahan Pangan)
2024-08-05,ICBP.JK,10236.2314453125,10071.88896484375,9753.5055859375,65.45454820466202,Hilir (Pengolahan Pangan)
2024-08-06,ICBP.JK,10330.142578125,10103.583740234375,9767.1496875,60.416682914908606,Hilir (Pengolahan Pangan)
2024-08-07,ICBP.JK,10377.09765625,10138.80009765625,9782.65392578125,62.00001164674104,Hilir (Pengolahan Pangan)
2024-08-08,ICBP.JK,10306.6650390625,10170.49482421875,9793.52587890625,56.86273390354566,Hilir (Pengolahan Pangan)
2024-08-09,ICBP.JK,10517.962890625,10209.2328125,9811.847421875,60.714298978161615,Hilir (Pengolahan Pangan)
2024-08-12,ICBP.JK,10330.142578125,10229.18876953125,9831.47830078125,59.64909464140677,Hilir (Pengolahan Pangan)
2024-08-13,ICBP.JK,10494.4853515625,10262.057421875,9861.76439453125,62.29504843147483,Hilir (Pengolahan Pangan)
2024-08-14,ICBP.JK,10658.8291015625,10290.23056640625,9887.04796875,65.15149891820249,Hilir (Pengolahan Pangan)
2024-08-15,ICBP.JK,10588.396484375,10314.882080078125,9908.6202734375,62.31883359034117,Hilir (Pengolahan Pangan)
2024-08-16,ICBP.JK,10682.3056640625,10341.88125,9929.7681640625,65.27778018492683,Hilir (Pengolahan Pangan)
2024-08-19,ICBP.JK,10705.7841796875,10365.35888671875,9948.6225,64.28573975235223,Hilir (Pengolahan Pangan)
2024-08-20,ICBP.JK,10729.26171875,10398.227490234374,9968.406875,64.28571853015646,Hilir (Pengolahan Pangan)
2024-08-21,ICBP.JK,10752.7392578125,10428.74833984375,9990.0423828125,63.235300414548405,Hilir (Pengolahan Pangan)
2024-08-22,ICBP.JK,10658.8291015625,10452.225927734375,10008.87865234375,55.38463704382505,Hilir (Pengolahan Pangan)
2024-08-23,ICBP.JK,10776.216796875,10481.572900390625,10029.60212890625,69.49156844124558,Hilir (Pengolahan Pangan)
2024-08-26,ICBP.JK,10705.7841796875,10508.57216796875,10047.0748828125,63.79312941459962,Hilir (Pengolahan Pangan)
2024-08-27,ICBP.JK,10729.26171875,10533.223681640626,10068.24083984375,63.1579216222567,Hilir (Pengolahan Pangan)
2024-08-28,ICBP.JK,10705.7841796875,10555.527392578126,10094.463515625,65.4545715806924,Hilir (Pengolahan Pangan)
2024-08-29,ICBP.JK,10705.7841796875,10574.30947265625,10121.14669921875,58.69568952343233,Hilir (Pengolahan Pangan)
2024-08-30,ICBP.JK,10776.216796875,10588.396044921876,10146.9359375,73.17075892630686,Hilir (Pengolahan Pangan)
2024-09-02,ICBP.JK,10799.6943359375,10616.569189453125,10173.1947265625,68.57146592254193,Hilir (Pengolahan Pangan)
2024-09-03,ICBP.JK,10682.3056640625,10634.17734375,10200.3294140625,51.515086581778114,Hilir (Pengolahan Pangan)
2024-09-04,ICBP.JK,10705.7841796875,10650.611669921875,10223.3284375,58.06449448725501,Hilir (Pengolahan Pangan)
2024-09-05,ICBP.JK,10940.560546875,10682.3064453125,10248.72037109375,64.86491044056297,Hilir (Pengolahan Pangan)
2024-09-06,ICBP.JK,10752.7392578125,10694.045263671875,10274.04005859375,52.27271867862599,Hilir (Pengolahan Pangan)
2024-09-09,ICBP.JK,10893.6044921875,10722.218359375,10302.17705078125,57.14283288894095,Hilir (Pengolahan Pangan)
2024-09-10,ICBP.JK,10870.1279296875,10741.00048828125,10330.765546875,55.10207026753548,Hilir (Pengolahan Pangan)
2024-09-11,ICBP.JK,10870.1279296875,10751.5654296875,10358.89353515625,60.00001848688541,Hilir (Pengolahan Pangan)
2024-09-12,ICBP.JK,10776.216796875,10760.9564453125,10386.06435546875,50.0,Hilir (Pengolahan Pangan)
2024-09-13,ICBP.JK,10635.3505859375,10758.60869140625,10409.496796875,46.8084805103316,Hilir (Pengolahan Pangan)
2024-09-17,ICBP.JK,10705.7841796875,10758.60869140625,10432.03529296875,48.97959703399363,Hilir (Pengolahan Pangan)
2024-09-18,ICBP.JK,10799.6943359375,10762.130322265624,10454.10423828125,53.846135386653316,Hilir (Pengolahan Pangan)
2024-09-19,ICBP.JK,10987.515625,10773.869140625,10480.399140625,59.999986134864784,Hilir (Pengolahan Pangan)
2024-09-20,ICBP.JK,11269.2470703125,10804.3900390625,10512.328671875,65.21737819930469,Hilir (Pengolahan Pangan)
2024-09-23,ICBP.JK,11457.0673828125,10838.432568359374,10546.60595703125,68.42102670645232,Hilir (Pengolahan Pangan)
2024-09-24,ICBP.JK,11668.3662109375,10886.561669921875,10581.3528125,76.24999480057069,Hilir (Pengolahan Pangan)
2024-09-25,ICBP.JK,11691.8427734375,10934.69072265625,10618.447421875,76.24997010325038,Hilir (Pengolahan Pangan)
2024-09-26,ICBP.JK,11997.0517578125,10999.2541015625,10656.4811328125,77.10840233756588,Hilir (Pengolahan Pangan)
2024-09-27,ICBP.JK,11879.6630859375,11057.948046875,10692.1670703125,79.99995840452226,Hilir (Pengolahan Pangan)
2024-09-30,ICBP.JK,11574.455078125,11097.8599609375,10720.8097265625,66.66666666666666,Hilir (Pengolahan Pangan)
2024-10-01,ICBP.JK,11691.8427734375,11142.4673828125,10749.921953125,69.23073055365862,Hilir (Pengolahan Pangan)
2024-10-02,ICBP.JK,11457.0673828125,11181.20546875,10777.6255078125,62.37622253668228,Hilir (Pengolahan Pangan)
2024-10-03,ICBP.JK,11269.2470703125,11209.37861328125,10800.16400390625,60.00001584590806,Hilir (Pengolahan Pangan)
2024-10-04,ICBP.JK,11386.634765625,11231.68232421875,10824.11115234375,65.38464461223973,Hilir (Pengolahan Pangan)
2024-10-07,ICBP.JK,11269.2470703125,11257.50771484375,10845.710546875,61.32077618851413,Hilir (Pengolahan Pangan)
2024-10-08,ICBP.JK,11550.9775390625,11290.3763671875,10873.41412109375,64.03510372250955,Hilir (Pengolahan Pangan)
2024-10-09,ICBP.JK,11339.6796875,11313.853955078124,10895.4830859375,56.52175013871216,Hilir (Pengolahan Pangan)
2024-10-10,ICBP.JK,11316.201171875,11336.1576171875,10916.61291015625,50.96151730995129,Hilir (Pengolahan Pangan)
2024-10-11,ICBP.JK,11504.0224609375,11372.547900390626,10940.0905078125,50.96153692324183,Hilir (Pengolahan Pangan)
2024-10-14,ICBP.JK,11597.9326171875,11420.677001953125,10962.159453125,48.484829386797486,Hilir (Pengolahan Pangan)
2024-10-15,ICBP.JK,11809.23046875,11475.84931640625,10993.61943359375,52.33644496501503,Hilir (Pengolahan Pangan)
2024-10-16,ICBP.JK,11738.798828125,11522.804541015625,11021.79255859375,44.329901770127435,Hilir (Pengolahan Pangan)
2024-10-17,ICBP.JK,11738.798828125,11560.368701171876,11049.02658203125,46.73915451540461,Hilir (Pengolahan Pangan)
2024-10-18,ICBP.JK,12020.529296875,11597.9328125,11083.3038671875,60.43957852241499,Hilir (Pengolahan Pangan)
2024-10-21,ICBP.JK,11738.798828125,11612.019384765625,11107.7205859375,51.02042895239809,Hilir (Pengolahan Pangan)
2024-10-22,ICBP.JK,11762.275390625,11616.71484375,11136.3632421875,57.30337078651685,Hilir (Pengolahan Pangan)
2024-10-23,ICBP.JK,11832.7080078125,11623.75810546875,11163.1276953125,64.28571428571428,Hilir (Pengolahan Pangan)
2024-10-24,ICBP.JK,11762.275390625,11612.019287109375,11185.19662109375,59.75609756097561,Hilir (Pengolahan Pangan)
2024-10-25,ICBP.JK,11879.6630859375,11612.019287109375,11211.021953125,65.85365853658537,Hilir (Pengolahan Pangan)
2024-10-28,ICBP.JK,11879.6630859375,11627.2796875,11234.9691015625,60.0,Hilir (Pengolahan Pangan)
2024-10-29,ICBP.JK,11809.23046875,11633.149072265625,11257.03802734375,65.625,Hilir (Pengolahan Pangan)
2024-10-30,ICBP.JK,11691.8427734375,11644.887841796875,11276.2896484375,61.76474366385346,Hilir (Pengolahan Pangan)
2024-10-31,ICBP.JK,11574.455078125,11660.1482421875,11292.72396484375,52.30769526123035,Hilir (Pengolahan Pangan)
2024-11-01,ICBP.JK,11363.15625,11658.97431640625,11306.8105078125,42.85710890152471,Hilir (Pengolahan Pangan)
2024-11-04,ICBP.JK,11574.455078125,11674.234716796875,11322.7752734375,42.857142857142854,Hilir (Pengolahan Pangan)
2024-11-05,ICBP.JK,11832.7080078125,11688.321240234374,11345.31375,52.56407453288958,Hilir (Pengolahan Pangan)
2024-11-06,ICBP.JK,11410.111328125,11691.842822265626,11358.9307421875,42.708296323384765,Hilir (Pengolahan Pangan)
2024-11-07,ICBP.JK,11339.6796875,11693.016748046875,11371.60865234375,33.33331739632658,Hilir (Pengolahan Pangan)
2024-11-08,ICBP.JK,11363.15625,11685.9734375,11384.75609375,39.47362947946381,Hilir (Pengolahan Pangan)
2024-11-11,ICBP.JK,11222.291015625,11667.191357421874,11393.677578125,35.802450750312474,Hilir (Pengolahan Pangan)
2024-11-12,ICBP.JK,11128.380859375,11633.148876953124,11400.25130859375,31.707300989214062,Hilir (Pengolahan Pangan)
2024-11-13,ICBP.JK,11128.380859375,11602.627978515626,11409.1728125,32.91137507634632,Hilir (Pengolahan Pangan)
2024-11-14,ICBP.JK,10752.7392578125,11553.325,11410.1119140625,23.33331176526049,Hilir (Pengolahan Pangan)
2024-11-15,ICBP.JK,10964.037109375,11500.500390625,11410.5814453125,30.30300483895161,Hilir (Pengolahan Pangan)
2024-11-18,ICBP.JK,11245.7685546875,11475.848876953125,11420.44203125,38.88888246982107,Hilir (Pengolahan Pangan)
2024-11-19,ICBP.JK,11175.3359375,11446.501904296874,11426.07666015625,39.62263410545416,Hilir (Pengolahan Pangan)
2024-11-20,ICBP.JK,11081.4248046875,11408.937744140625,11430.30259765625,39.99997623111909,Hilir (Pengolahan Pangan)
2024-11-21,ICBP.JK,11081.4248046875,11374.89521484375,11434.52853515625,43.749986459780786,Hilir (Pengolahan Pangan)
2024-11-22,ICBP.JK,11269.2470703125,11344.3744140625,11444.389140625,43.15790672004322,Hilir (Pengolahan Pangan)
2024-11-25,ICBP.JK,11222.291015625,11311.505810546874,11456.12794921875,34.8837333031524,Hilir (Pengolahan Pangan)
2024-11-26,ICBP.JK,11245.7685546875,11283.33271484375,11466.92763671875,44.927548463287145,Hilir (Pengolahan Pangan)
2024-11-28,ICBP.JK,11175.3359375,11257.507373046876,11474.44046875,44.927521379474975,Hilir (Pengolahan Pangan)
2024-11-29,ICBP.JK,11175.3359375,11237.551416015625,11478.196875,44.11766864815995,Hilir (Pengolahan Pangan)
2024-12-02,ICBP.JK,11128.380859375,11225.812646484375,11475.37955078125,46.87501218616562,Hilir (Pengolahan Pangan)
2024-12-03,ICBP.JK,11198.8134765625,11207.03056640625,11470.21447265625,52.3809429488792,Hilir (Pengolahan Pangan)
2024-12-04,ICBP.JK,11081.4248046875,11169.46640625,11458.47564453125,48.52938747671726,Hilir (Pengolahan Pangan)
2024-12-05,ICBP.JK,11175.3359375,11157.72763671875,11448.1455078125,66.07138214800085,Hilir (Pengolahan Pangan)
2024-12-06,ICBP.JK,11104.9033203125,11145.988818359376,11430.3025390625,56.000006655258446,Hilir (Pengolahan Pangan)
2024-12-09,ICBP.JK,11057.9482421875,11130.72841796875,11413.8682421875,40.00006239302197,Hilir (Pengolahan Pangan)
2024-12-10,ICBP.JK,11010.9921875,11120.1634765625,11402.598984375,41.02565469930867,Hilir (Pengolahan Pangan)
2024-12-11,ICBP.JK,11010.9921875,11114.29404296875,11388.98197265625,45.71431627410597,Hilir (Pengolahan Pangan)
2024-12-12,ICBP.JK,10893.6044921875,11102.555224609376,11377.71271484375,40.00006239302197,Hilir (Pengolahan Pangan)
2024-12-13,ICBP.JK,11128.380859375,11121.3373046875,11374.895390625,42.857128709047096,Hilir (Pengolahan Pangan)
2024-12-16,ICBP.JK,11081.4248046875,11127.206689453125,11368.79119140625,42.857128709047096,Hilir (Pengolahan Pangan)
2024-12-17,ICBP.JK,10823.171875,11106.07685546875,11359.8696875,32.69233691987358,Hilir (Pengolahan Pangan)
2024-12-18,ICBP.JK,10635.3505859375,11079.077587890624,11341.5571484375,29.82457676654677,Hilir (Pengolahan Pangan)
2024-12-19,ICBP.JK,10517.962890625,11050.9044921875,11325.1228125,27.419378644632715,Hilir (Pengolahan Pangan)
2024-12-20,ICBP.JK,10564.91796875,11025.079150390626,11310.0971484375,30.645172111196686,Hilir (Pengolahan Pangan)
2024-12-23,ICBP.JK,10729.26171875,10998.0798828125,11294.60193359375,34.84852017976786,Hilir (Pengolahan Pangan)
2024-12-24,ICBP.JK,10870.1279296875,10980.471728515626,11280.04583984375,43.283642319063,Hilir (Pengolahan Pangan)
2024-12-27,ICBP.JK,10729.26171875,10954.64638671875,11258.44646484375,36.231912015413215,Hilir (Pengolahan Pangan)
2024-12-30,ICBP.JK,10682.3056640625,10929.994873046875,11237.3166015625,36.76470948057128,Hilir (Pengolahan Pangan)
2025-01-02,ICBP.JK,10541.44140625,10898.300146484375,11213.369453125,34.72225511984975,Hilir (Pengolahan Pangan)
2025-01-03,ICBP.JK,10682.3056640625,10875.99638671875,11186.60498046875,40.78947152377976,Hilir (Pengolahan Pangan)
2025-01-06,ICBP.JK,10494.4853515625,10840.77998046875,11161.7187109375,36.90476956833274,Hilir (Pengolahan Pangan)
2025-01-07,ICBP.JK,10259.7099609375,10799.69423828125,11131.66740234375,34.83147275213656,Hilir (Pengolahan Pangan)
2025-01-08,ICBP.JK,10424.052734375,10762.130078125,11103.494296875,32.558124912335,Hilir (Pengolahan Pangan)
2025-01-09,ICBP.JK,10353.6201171875,10724.56591796875,11075.32119140625,32.18390969463131,Hilir (Pengolahan Pangan)
2025-01-10,ICBP.JK,10400.5751953125,10691.697265625,11045.73943359375,38.46153025728976,Hilir (Pengolahan Pangan)
2025-01-13,ICBP.JK,10424.052734375,10662.35029296875,11016.6272265625,43.661979257290795,Hilir (Pengolahan Pangan)
2025-01-14,ICBP.JK,10095.3662109375,10616.568994140625,10982.34994140625,38.749991550905406,Hilir (Pengolahan Pangan)
2025-01-15,ICBP.JK,10118.84375,10577.83095703125,10950.8899609375,37.974676212931264,Hilir (Pengolahan Pangan)
2025-01-16,ICBP.JK,10259.7099609375,10534.397412109374,10924.59505859375,37.17948102630064,Hilir (Pengolahan Pangan)
2025-01-17,ICBP.JK,10165.798828125,10488.61611328125,10900.64791015625,30.263108204774838,Hilir (Pengolahan Pangan)
2025-01-20,ICBP.JK,9884.0673828125,10441.660888671875,10866.84015625,28.048737803501638,Hilir (Pengolahan Pangan)
2025-01-21,ICBP.JK,10330.142578125,10426.40048828125,10836.78884765625,42.42425515627107,Hilir (Pengolahan Pangan)
2025-01-22,ICBP.JK,10682.3056640625,10434.617626953124,10822.232734375,52.777753171370115,Hilir (Pengolahan Pangan)
2025-01-23,ICBP.JK,10588.396484375,10435.791552734376,10807.2070703125,48.11323086968789,Hilir (Pengolahan Pangan)
2025-01-24,ICBP.JK,10729.26171875,10435.791552734376,10794.5291796875,54.80770269119043,Hilir (Pengolahan Pangan)
2025-01-30,ICBP.JK,10870.1279296875,10435.791552734376,10787.48591796875,63.00000915101081,Hilir (Pengolahan Pangan)
2025-01-31,ICBP.JK,10799.6943359375,10439.31318359375,10780.9121875,58.333329722614465,Hilir (Pengolahan Pangan)
2025-02-03,ICBP.JK,10541.44140625,10432.269970703124,10769.1733984375,53.84616307592256,Hilir (Pengolahan Pangan)
2025-02-04,ICBP.JK,10424.052734375,10426.400537109375,10762.59966796875,50.4672882663821,Hilir (Pengolahan Pangan)
2025-02-05,ICBP.JK,10236.2314453125,10404.096826171875,10748.0435546875,46.491221348838955,Hilir (Pengolahan Pangan)
2025-02-06,ICBP.JK,10283.1865234375,10393.531884765625,10728.7919140625,53.92155583376493,Hilir (Pengolahan Pangan)
2025-02-07,ICBP.JK,10682.3056640625,10414.661669921876,10718.93130859375,60.16947688754452,Hilir (Pengolahan Pangan)
2025-02-10,ICBP.JK,10588.396484375,10422.878857421874,10709.0707421875,56.03448554072182,Hilir (Pengolahan Pangan)
2025-02-11,ICBP.JK,10541.44140625,10432.269921875,10698.27107421875,57.01756498387262,Hilir (Pengolahan Pangan)
2025-02-12,ICBP.JK,10471.0087890625,10435.7916015625,10682.30630859375,61.90479774671099,Hilir (Pengolahan Pangan)
2025-02-13,ICBP.JK,10541.44140625,10441.66103515625,10668.68931640625,55.056196054311634,Hilir (Pengolahan Pangan)
2025-02-14,ICBP.JK,10823.171875,10478.051318359376,10660.2373828125,53.48839121482697,Hilir (Pengolahan Pangan)
2025-02-17,ICBP.JK,10799.6943359375,10512.09384765625,10652.72455078125,55.42167587865533,Hilir (Pengolahan Pangan)
2025-02-18,ICBP.JK,10823.171875,10540.266943359375,10645.68126953125,52.56409709460634,Hilir (Pengolahan Pangan)
2025-02-19,ICBP.JK,10940.560546875,10579.005029296875,10641.92486328125,51.9480477386894,Hilir (Pengolahan Pangan)
2025-02-20,ICBP.JK,10846.6494140625,10627.134130859375,10634.88158203125,51.28204854730317,Hilir (Pengolahan Pangan)
2025-02-21,ICBP.JK,10799.6943359375,10650.61171875,10629.24697265625,57.97099527197735,Hilir (Pengolahan Pangan)
2025-02-24,ICBP.JK,11151.8583984375,10674.08935546875,10628.777421875,69.620264494854,Hilir (Pengolahan Pangan)
2025-02-25,ICBP.JK,10635.3505859375,10676.437060546876,10619.3863671875,59.13978686995095,Hilir (Pengolahan Pangan)
2025-02-26,ICBP.JK,9860.5908203125,10633.003515625,10595.43921875,42.741950092080415,Hilir (Pengolahan Pangan)
2025-02-27,ICBP.JK,9766.6796875,10577.831103515626,10570.55296875,32.43243445802358,Hilir (Pengolahan Pangan)
2025-02-28,ICBP.JK,9813.634765625,10528.528125,10546.6058203125,34.86236851625429,Hilir (Pengolahan Pangan)
2025-03-03,ICBP.JK,9931.0234375,10498.0072265625,10527.35419921875,38.392854490083934,Hilir (Pengolahan Pangan)
2025-03-04,ICBP.JK,9931.0234375,10473.35576171875,10503.40705078125,39.44953533268943,Hilir (Pengolahan Pangan)
2025-03-05,ICBP.JK,9766.6796875,10449.878173828125,10477.1121484375,35.39822324767121,Hilir (Pengolahan Pangan)
2025-03-06,ICBP.JK,9719.724609375,10421.705078125,10455.043203125,27.184488367810445,Hilir (Pengolahan Pangan)
2025-03-07,ICBP.JK,9907.5458984375,10382.96708984375,10440.487109375,32.72730022839684,Hilir (Pengolahan Pangan)
2025-03-10,ICBP.JK,9954.5009765625,10351.272314453125,10429.21787109375,33.333358315586565,Hilir (Pengolahan Pangan)
2025-03-11,ICBP.JK,9790.158203125,10313.708154296875,10413.72267578125,28.318600684227064,Hilir (Pengolahan Pangan)
2025-03-12,ICBP.JK,10259.7099609375,10303.143212890625,10404.331640625,40.31008951735693,Hilir (Pengolahan Pangan)
2025-03-13,ICBP.JK,10330.142578125,10292.578271484375,10393.53193359375,42.30769846087097,Hilir (Pengolahan Pangan)
2025-03-14,ICBP.JK,10095.3662109375,10256.18798828125,10380.8540234375,32.00000399316636,Hilir (Pengolahan Pangan)
2025-03-17,ICBP.JK,10283.1865234375,10230.36259765625,10372.871640625,43.243242230448054,Hilir (Pengolahan Pangan)
2025-03-18,ICBP.JK,10165.798828125,10197.4939453125,10365.3587890625,57.831301753174415,Hilir (Pengolahan Pangan)
2025-03-19,ICBP.JK,10071.8896484375,10154.060400390625,10353.15046875,57.831359717591454,Hilir (Pengolahan Pangan)
2025-03-20,ICBP.JK,9954.5009765625,10109.452978515625,10342.35078125,53.48838784037579,Hilir (Pengolahan Pangan)
2025-03-21,ICBP.JK,9931.0234375,10066.01943359375,10335.77705078125,50.0,Hilir (Pengolahan Pangan)
2025-03-24,ICBP.JK,9790.158203125,9997.934423828125,10323.09916015625,46.590915536497235,Hilir (Pengolahan Pangan)
2025-03-25,ICBP.JK,9743.203125,9953.32705078125,10310.8908203125,49.39761632469783,Hilir (Pengolahan Pangan)
2025-03-26,ICBP.JK,9907.5458984375,9955.6748046875,10301.030234375,54.54547173369773,Hilir (Pengolahan Pangan)
2025-03-27,ICBP.JK,9555.3818359375,9945.109912109376,10283.65681640625,42.10525163558093,Hilir (Pengolahan Pangan)
2025-04-08,ICBP.JK,9109.3076171875,9909.8935546875,10263.93564453125,33.92855816468568,Hilir (Pengolahan Pangan)
2025-04-09,ICBP.JK,8991.919921875,9862.93837890625,10241.39716796875,34.54544010733163,Hilir (Pengolahan Pangan)
2025-04-10,ICBP.JK,9391.0390625,9835.93916015625,10224.02375,32.71026838454962,Hilir (Pengolahan Pangan)
2025-04-11,ICBP.JK,9320.60546875,9813.63544921875,10207.1198828125,29.906522800568496,Hilir (Pengolahan Pangan)
2025-04-14,ICBP.JK,9696.2470703125,9812.461572265625,10203.3634765625,42.47787154563839,Hilir (Pengolahan Pangan)
2025-04-15,ICBP.JK,9837.1123046875,9808.939892578124,10193.50287109375,41.441438740652245,Hilir (Pengolahan Pangan)
2025-04-16,ICBP.JK,9625.814453125,9792.50556640625,10172.373046875,39.99999999999999,Hilir (Pengolahan Pangan)
2025-04-17,ICBP.JK,9954.5009765625,9800.722705078126,10159.69513671875,47.99998802049294,Hilir (Pengolahan Pangan)
2025-04-21,ICBP.JK,9907.5458984375,9783.114501953125,10143.2608203125,49.18032954564052,Hilir (Pengolahan Pangan)
2025-04-22,ICBP.JK,9837.1123046875,9758.46298828125,10122.6005078125,48.38708378912284,Hilir (Pengolahan Pangan)
2025-04-23,ICBP.JK,10048.4111328125,9756.115234375,10107.57484375,54.33069731414264,Hilir (Pengolahan Pangan)
2025-04-24,ICBP.JK,10330.142578125,9758.463037109375,10103.3488671875,59.1240778400462,Hilir (Pengolahan Pangan)
2025-04-25,ICBP.JK,10330.142578125,9766.680224609376,10101.4706640625,56.92307298504259,Hilir (Pengolahan Pangan)
2025-04-28,ICBP.JK,10330.142578125,9779.59287109375,10103.34888671875,64.34782074008862,Hilir (Pengolahan Pangan)
2025-04-29,ICBP.JK,10564.91796875,9810.113720703124,10108.983515625,79.2452615473602,Hilir (Pengolahan Pangan)
2025-04-30,ICBP.JK,10658.8291015625,9846.50400390625,10108.513984375,83.80949589056507,Hilir (Pengolahan Pangan)
2025-05-02,ICBP.JK,10330.142578125,9873.50322265625,10103.34890625,69.60781994869892,Hilir (Pengolahan Pangan)
2025-05-05,ICBP.JK,10517.962890625,9912.2412109375,10102.8793359375,73.83176916133377,Hilir (Pengolahan Pangan)
2025-05-06,ICBP.JK,10588.396484375,9946.283740234376,10105.22708984375,70.2127697234476,Hilir (Pengolahan Pangan)
2025-05-07,ICBP.JK,10400.5751953125,9988.543408203124,10102.409765625,62.50000000000001,Hilir (Pengolahan Pangan)
2025-05-08,ICBP.JK,10705.7841796875,10068.367236328126,10100.06201171875,72.99997629059249,Hilir (Pengolahan Pangan)
2025-05-09,ICBP.JK,10517.962890625,10144.669384765624,10094.4273828125,62.76592873107794,Hilir (Pengolahan Pangan)
2025-05-14,ICBP.JK,10494.4853515625,10199.84169921875,10087.85365234375,63.44082847382305,Hilir (Pengolahan Pangan)
2025-05-15,ICBP.JK,10377.09765625,10252.66630859375,10076.58439453125,62.10526454056937,Hilir (Pengolahan Pangan)
2025-05-16,ICBP.JK,10400.5751953125,10287.88271484375,10067.66291015625,58.62068470921899,Hilir (Pengolahan Pangan)
2025-05-19,ICBP.JK,10283.1865234375,10310.18642578125,10057.33275390625,48.749978552342945,Hilir (Pengolahan Pangan)
2025-05-20,ICBP.JK,10095.3662109375,10333.664013671874,10036.20291015625,44.31817698399757,Hilir (Pengolahan Pangan)
2025-05-21,ICBP.JK,10165.798828125,10344.22890625,10026.811875,46.153835605543264,Hilir (Pengolahan Pangan)
2025-05-22,ICBP.JK,10142.322265625,10355.967724609374,10032.44650390625,39.02442364895849,Hilir (Pengolahan Pangan)
2025-05-23,ICBP.JK,10165.798828125,10372.40205078125,10040.42888671875,36.70883609943541,Hilir (Pengolahan Pangan)
2025-05-26,ICBP.JK,10353.6201171875,10387.6625,10051.22859375,50.6849299457492,Hilir (Pengolahan Pangan)
2025-05-27,ICBP.JK,10447.5302734375,10393.531884765625,10061.55873046875,47.82609219855163,Hilir (Pengolahan Pangan)
2025-05-28,ICBP.JK,10236.2314453125,10388.836328125,10067.662890625,39.99996672358782,Hilir (Pengolahan Pangan)
2025-06-02,ICBP.JK,10142.322265625,10379.4453125,10075.1757421875,42.25353020335542,Hilir (Pengolahan Pangan)
2025-06-03,ICBP.JK,9977.978515625,10350.09833984375,10080.3408203125,26.153812680500707,Hilir (Pengolahan Pangan)
2025-06-04,ICBP.JK,10165.798828125,10325.446826171876,10085.50587890625,38.4615138487687,Hilir (Pengolahan Pangan)
2025-06-05,ICBP.JK,10048.4111328125,10311.36025390625,10087.38408203125,36.23186221614029,Hilir (Pengolahan Pangan)
2025-06-10,ICBP.JK,10001.4560546875,10285.534912109375,10091.6100390625,37.87876400620908,Hilir (Pengolahan Pangan)
2025-06-11,ICBP.JK,10048.4111328125,10258.53564453125,10087.3840625,38.805946057359684,Hilir (Pengolahan Pangan)
2025-06-12,ICBP.JK,10024.93359375,10239.753564453125,10081.2798828125,41.269841269841265,Hilir (Pengolahan Pangan)
2025-06-13,ICBP.JK,9954.5009765625,10202.189404296874,10078.462578125,44.827586206896555,Hilir (Pengolahan Pangan)
2025-06-16,ICBP.JK,9931.0234375,10172.842431640625,10071.41931640625,41.07142857142858,Hilir (Pengolahan Pangan)
2025-06-17,ICBP.JK,9977.978515625,10147.01708984375,10067.66291015625,43.85961711636108,Hilir (Pengolahan Pangan)
2025-06-18,ICBP.JK,10001.4560546875,10128.235009765625,10066.25423828125,43.859658084605336,Hilir (Pengolahan Pangan)
2025-06-19,ICBP.JK,9813.634765625,10098.88798828125,10063.4369140625,29.82451787477406,Hilir (Pengolahan Pangan)
2025-06-20,ICBP.JK,9790.158203125,10074.236572265625,10060.619609375,24.074055530093233,Hilir (Pengolahan Pangan)
2025-06-23,ICBP.JK,9344.083984375,10036.6724609375,10051.698125,20.31248679827769,Hilir (Pengolahan Pangan)
2025-06-24,ICBP.JK,9602.3369140625,10008.499365234375,10048.88080078125,33.8027772944491,Hilir (Pengolahan Pangan)
2025-06-25,ICBP.JK,9602.3369140625,9981.50009765625,10042.77662109375,37.49997562758957,Hilir (Pengolahan Pangan)
2025-06-26,ICBP.JK,9531.904296875,9949.80537109375,10042.3070703125,27.11862494888679,Hilir (Pengolahan Pangan)
2025-06-30,ICBP.JK,9860.5908203125,9925.15390625,10057.332734375,44.11765425528661,Hilir (Pengolahan Pangan)
2025-07-01,ICBP.JK,9977.978515625,9901.676318359376,10077.05390625,49.29577547303231,Hilir (Pengolahan Pangan)
2025-07-02,ICBP.JK,10098.1953125,9894.77451171875,10091.19703125,51.43044098739964,Hilir (Pengolahan Pangan)
2025-07-03,ICBP.JK,10338.6279296875,9904.589794921874,10111.55748046875,58.01416599512499,Hilir (Pengolahan Pangan)
2025-07-04,ICBP.JK,10242.455078125,9917.813623046875,10122.481640625,57.26106440286971,Hilir (Pengolahan Pangan)
2025-07-07,ICBP.JK,10098.1953125,9914.433447265625,10127.70330078125,53.973383271421376,Hilir (Pengolahan Pangan)
2025-07-08,ICBP.JK,10098.1953125,9916.92265625,10137.15091796875,52.92257741024438,Hilir (Pengolahan Pangan)
2025-07-09,ICBP.JK,10122.23828125,9922.961767578125,10140.5056640625,52.93551647156051,Hilir (Pengolahan Pangan)
2025-07-10,ICBP.JK,10050.1083984375,9923.046630859375,10143.3569140625,56.089767287692204,Hilir (Pengolahan Pangan)
2025-07-11,ICBP.JK,9929.8916015625,9918.29453125,10145.2125,53.4276850842626,Hilir (Pengolahan Pangan)
2025-07-14,ICBP.JK,10002.021484375,9920.670556640625,10144.28470703125,69.76546465247438,Hilir (Pengolahan Pangan)
2025-07-15,ICBP.JK,10002.021484375,9924.220458984375,10137.72228515625,64.2124380579989,Hilir (Pengolahan Pangan)
2025-07-16,ICBP.JK,9953.935546875,9923.018310546875,10130.19814453125,62.0891212447829,Hilir (Pengolahan Pangan)
2025-07-17,ICBP.JK,9953.935546875,9920.64228515625,10122.67400390625,65.24941918400646,Hilir (Pengolahan Pangan)
2025-07-18,ICBP.JK,10002.021484375,9930.06162109375,10111.41607421875,56.41024506102403,Hilir (Pengolahan Pangan)
2025-07-21,ICBP.JK,10098.1953125,9945.4634765625,10100.2033984375,55.555575613269625,Hilir (Pengolahan Pangan)
2025-07-22,ICBP.JK,9953.935546875,9975.9560546875,10092.6792578125,43.47825319151566,Hilir (Pengolahan Pangan)
2025-07-23,ICBP.JK,10050.1083984375,9998.34462890625,10083.32216796875,34.99997969155534,Hilir (Pengolahan Pangan)
2025-07-24,ICBP.JK,9953.935546875,10015.924560546875,10070.63294921875,34.99997969155534,Hilir (Pengolahan Pangan)
2025-07-25,ICBP.JK,10146.28125,10046.643408203125,10065.5470703125,52.3809247503994,Hilir (Pengolahan Pangan)
2025-07-28,ICBP.JK,9833.71875,10045.2998046875,10048.10576171875,39.999970460433225,Hilir (Pengolahan Pangan)
2025-07-29,ICBP.JK,9617.3291015625,10027.267333984375,10030.0930859375,33.3333118429171,Hilir (Pengolahan Pangan)
2025-07-30,ICBP.JK,9545.1982421875,9999.61748046875,10011.10734375,33.333290352528564,Hilir (Pengolahan Pangan)
2025-07-31,ICBP.JK,9424.982421875,9953.935205078125,9992.0650390625,33.3333118429171,Hilir (Pengolahan Pangan)
2025-08-01,ICBP.JK,9521.1552734375,9917.87021484375,9974.476640625,34.37496628480439,Hilir (Pengolahan Pangan)
2025-08-04,ICBP.JK,9184.548828125,9872.187890625,9952.50388671875,28.205088149036868,Hilir (Pengolahan Pangan)
2025-08-05,ICBP.JK,9208.591796875,9827.70771484375,9934.7683984375,29.870068215241986,Hilir (Pengolahan Pangan)
2025-08-06,ICBP.JK,9184.548828125,9780.8232421875,9915.1433984375,29.4871234086516,Hilir (Pengolahan Pangan)
2025-08-07,ICBP.JK,9136.4619140625,9735.14091796875,9895.02619140625,26.923038869809957,Hilir (Pengolahan Pangan)
2025-08-08,ICBP.JK,8992.2021484375,9688.2564453125,9871.5542578125,21.24993336294979,Hilir (Pengolahan Pangan)
2025-08-11,ICBP.JK,9184.548828125,9647.3828125,9848.17283203125,30.487758969639387,Hilir (Pengolahan Pangan)
2025-08-12,ICBP.JK,9184.548828125,9606.5091796875,9822.913203125,26.923038869809957,Hilir (Pengolahan Pangan)
2025-08-13,ICBP.JK,9112.4189453125,9564.433349609375,9800.436953125,27.272684114328513,Hilir (Pengolahan Pangan)
2025-08-14,ICBP.JK,9352.8525390625,9534.37919921875,9784.64755859375,29.11393120950207,Hilir (Pengolahan Pangan)
2025-08-15,ICBP.JK,9521.1552734375,9510.335888671874,9775.51109375,41.095875167266186,Hilir (Pengolahan Pangan)
2025-08-19,ICBP.JK,9400.9384765625,9475.473046875,9760.21388671875,43.478235276111896,Hilir (Pengolahan Pangan)
2025-08-20,ICBP.JK,9280.7216796875,9441.812353515625,9744.86009765625,42.25351306946507,Hilir (Pengolahan Pangan)
2025-08-21,ICBP.JK,9184.548828125,9398.534375,9728.521953125,42.85712627884955,Hilir (Pengolahan Pangan)
2025-08-22,ICBP.JK,9208.591796875,9361.2671875,9711.72556640625,40.298491176147856,Hilir (Pengolahan Pangan)
2025-08-25,ICBP.JK,9136.4619140625,9310.776220703125,9693.9561328125,48.21427405767154,Hilir (Pengolahan Pangan)
2025-08-26,ICBP.JK,9016.2451171875,9269.9025390625,9675.191015625,43.333326563865526,Hilir (Pengolahan Pangan)
2025-08-27,ICBP.JK,8968.1591796875,9237.44404296875,9655.93373046875,42.622954094341544,Hilir (Pengolahan Pangan)
2025-08-28,ICBP.JK,8944.115234375,9207.389892578125,9635.25646484375,43.333326563865526,Hilir (Pengolahan Pangan)
2025-08-29,ICBP.JK,8631.552734375,9167.718408203125,9607.8583984375,38.80597467329226,Hilir (Pengolahan Pangan)
2025-09-01,ICBP.JK,8847.9423828125,9134.057763671875,9588.54455078125,39.70587444741704,Hilir (Pengolahan Pangan)
2025-09-02,ICBP.JK,8847.9423828125,9117.22744140625,9569.700234375,39.70587444741704,Hilir (Pengolahan Pangan)
2025-09-03,ICBP.JK,8944.115234375,9104.00361328125,9561.700859375,44.92751661022497,Hilir (Pengolahan Pangan)
2025-09-04,ICBP.JK,8896.029296875,9089.57763671875,9547.57470703125,34.426193486785195,Hilir (Pengolahan Pangan)
2025-09-08,ICBP.JK,9016.2451171875,9083.566796875,9535.85287109375,32.20333499013492,Hilir (Pengolahan Pangan)
2025-09-09,ICBP.JK,8871.9853515625,9077.55595703125,9522.6544921875,31.66661928029579,Hilir (Pengolahan Pangan)
2025-09-10,ICBP.JK,8871.9853515625,9061.927783203126,9502.8823828125,34.54541560693471,Hilir (Pengolahan Pangan)
2025-09-11,ICBP.JK,8944.115234375,9049.906103515625,9482.2051171875,40.74070173960659,Hilir (Pengolahan Pangan)
2025-09-12,ICBP.JK,8896.029296875,9039.08662109375,9458.161796875,38.181810125572696,Hilir (Pengolahan Pangan)
2025-09-15,ICBP.JK,8871.9853515625,9015.04326171875,9428.8289453125,39.62261548223739,Hilir (Pengolahan Pangan)
2025-09-16,ICBP.JK,8944.115234375,8986.191259765625,9402.8621484375,47.05881884464832,Hilir (Pengolahan Pangan)
2025-09-17,ICBP.JK,9136.4619140625,8972.967431640625,9383.62748046875,56.14034337638721,Hilir (Pengolahan Pangan)
2025-09-18,ICBP.JK,9064.33203125,8962.14794921875,9362.95021484375,54.237304471023634,Hilir (Pengolahan Pangan)
2025-09-19,ICBP.JK,9328.80859375,8969.3609375,9347.08162109375,75.43862649445117,Hilir (Pengolahan Pangan)
2025-09-22,ICBP.JK,9256.6787109375,8971.765283203125,9331.21302734375,66.66669321363835,Hilir (Pengolahan Pangan)
2025-09-23,ICBP.JK,9328.80859375,8981.3826171875,9319.1913671875,68.51854498355394,Hilir (Pengolahan Pangan)
2025-09-24,ICBP.JK,9184.548828125,8989.797802734374,9302.8419140625,58.928599922537856,Hilir (Pengolahan Pangan)
2025-09-25,ICBP.JK,9424.982421875,9012.63896484375,9291.3011328125,67.18751388270117,Hilir (Pengolahan Pangan)
2025-09-26,ICBP.JK,9617.3291015625,9046.299658203125,9284.56900390625,68.65674808616095,Hilir (Pengolahan Pangan)
2025-09-29,ICBP.JK,9280.7216796875,9078.75810546875,9271.1047265625,61.33332394634687,Hilir (Pengolahan Pangan)
2025-09-30,ICBP.JK,9112.4189453125,9091.98193359375,9253.31267578125,56.09756943240525,Hilir (Pengolahan Pangan)
2025-10-01,ICBP.JK,8968.1591796875,9097.9927734375,9230.711953125,50.58825047270767,Hilir (Pengolahan Pangan)
2025-10-02,ICBP.JK,9136.4619140625,9107.610107421875,9214.36248046875,55.55554051230395,Hilir (Pengolahan Pangan)
2025-10-03,ICBP.JK,9184.548828125,9122.036083984374,9197.0512890625,57.14286351911868,Hilir (Pengolahan Pangan)
2025-10-06,ICBP.JK,9136.4619140625,9128.046923828126,9180.70181640625,54.444445948769605,Hilir (Pengolahan Pangan)
2025-10-07,ICBP.JK,8847.9423828125,9126.844775390626,9154.7350390625,43.61702863137846,Hilir (Pengolahan Pangan)
2025-10-08,ICBP.JK,8847.9423828125,9125.642626953126,9135.01951171875,45.054950940724936,Hilir (Pengolahan Pangan)
2025-10-09,ICBP.JK,8751.76953125,9116.025341796874,9117.7083203125,35.71429952952212,Hilir (Pengolahan Pangan)
2025-10-10,ICBP.JK,8511.3359375,9096.790673828125,9097.03107421875,32.96703836233118,Hilir (Pengolahan Pangan)
2025-10-13,ICBP.JK,8463.2490234375,9076.353857421875,9077.79640625,30.00000451297548,Hilir (Pengolahan Pangan)
2025-10-14,ICBP.JK,8150.68603515625,9036.682397460938,9050.387021484376,27.83505651071289,Hilir (Pengolahan Pangan)
2025-10-15,ICBP.JK,8343.0322265625,8997.010913085938,9033.556689453126,26.31577034666219,Hilir (Pengolahan Pangan)
2025-10-16,ICBP.JK,8896.029296875,8988.595776367187,9027.305439453125,36.36363468525684,Hilir (Pengolahan Pangan)
2025-10-17,ICBP.JK,9040.2890625,8974.169799804688,9024.420244140625,45.09804975637883,Hilir (Pengolahan Pangan)
2025-10-20,ICBP.JK,9016.2451171875,8962.148120117188,9022.015908203124,47.91665520793889,Hilir (Pengolahan Pangan)
2025-10-21,ICBP.JK,8920.072265625,8941.711303710938,9020.573310546875,48.93616423700501,Hilir (Pengolahan Pangan)
2025-10-22,ICBP.JK,8559.4228515625,8910.455004882813,9008.070791015625,38.2353081718982,Hilir (Pengolahan Pangan)
2025-10-23,ICBP.JK,8487.29296875,8863.570532226562,8994.125673828124,35.922338328410035,Hilir (Pengolahan Pangan)
2025-10-24,ICBP.JK,8463.2490234375,8805.866528320312,8981.142275390624,36.27451292708849,Hilir (Pengolahan Pangan)
2025-10-27,ICBP.JK,8511.3359375,8767.397241210938,8964.311943359375,42.391308186840696,Hilir (Pengolahan Pangan)
2025-10-28,ICBP.JK,8439.2060546875,8733.736596679688,8942.672958984374,41.05263720453967,Hilir (Pengolahan Pangan)
2025-10-29,ICBP.JK,8367.076171875,8703.682446289062,8921.995712890624,41.489360782780224,Hilir (Pengolahan Pangan)
2025-10-30,ICBP.JK,8463.2490234375,8670.021801757812,8905.646259765625,48.86363006971317,Hilir (Pengolahan Pangan)
2025-10-31,ICBP.JK,8367.076171875,8629.148168945312,8889.296806640625,47.777787305174755,Hilir (Pengolahan Pangan)
2025-11-03,ICBP.JK,8174.7294921875,8581.061547851563,8868.619560546875,50.58823866713846,Hilir (Pengolahan Pangan)
2025-11-04,ICBP.JK,8150.68603515625,8546.19873046875,8848.90404296875,44.87180588719418,Hilir (Pengolahan Pangan)
2025-11-05,ICBP.JK,8367.076171875,8522.155419921875,8835.9206640625,32.81249702513736,Hilir (Pengolahan Pangan)
2025-11-06,ICBP.JK,8246.859375,8496.909912109375,8821.49466796875,23.809525344549584,Hilir (Pengolahan Pangan)
2025-11-07,ICBP.JK,8270.90234375,8484.888232421876,8808.03041015625,25.39681976839394,Hilir (Pengolahan Pangan)
2025-11-10,ICBP.JK,8318.9892578125,8477.675244140624,8801.779140625,29.508197267089358,Hilir (Pengolahan Pangan)
2025-11-11,ICBP.JK,8222.81640625,8481.281762695313,8789.27662109375,36.00000162467162,Hilir (Pengolahan Pangan)
2025-11-12,ICBP.JK,8198.7724609375,8474.068774414063,8776.29322265625,37.49997884543459,Hilir (Pengolahan Pangan)
2025-11-13,ICBP.JK,8150.68603515625,8436.801611328125,8760.424638671875,36.73469979836663,Hilir (Pengolahan Pangan)
2025-11-14,ICBP.JK,8102.599609375,8389.917138671875,8744.556044921876,32.65305699533404,Hilir (Pengolahan Pangan)
2025-11-17,ICBP.JK,8054.5126953125,8341.830517578124,8725.321396484374,33.333319230277795,Hilir (Pengolahan Pangan)
2025-11-18,ICBP.JK,8006.42626953125,8296.148217773438,8708.01021484375,34.04254307865877,Hilir (Pengolahan Pangan)
2025-11-19,ICBP.JK,8078.55615234375,8272.1048828125,8692.141630859374,32.60870620946875,Hilir (Pengolahan Pangan)
2025-11-20,ICBP.JK,8006.42626953125,8248.061547851563,8673.3878515625,33.33333333333333,Hilir (Pengolahan Pangan)
2025-11-21,ICBP.JK,8030.46923828125,8226.42255859375,8656.076650390625,42.10524346831115,Hilir (Pengolahan Pangan)
2025-11-24,ICBP.JK,8030.46923828125,8202.379223632812,8639.246328125,43.24322989221179,Hilir (Pengolahan Pangan)
2025-11-25,ICBP.JK,8246.859375,8192.761889648438,8625.3012109375,43.24322989221179,Hilir (Pengolahan Pangan)
2025-11-26,ICBP.JK,8270.90234375,8187.953198242188,8607.99001953125,51.515131001598824,Hilir (Pengolahan Pangan)
2025-11-27,ICBP.JK,8222.81640625,8175.931567382812,8591.15970703125,47.058862178663965,Hilir (Pengolahan Pangan)
2025-11-28,ICBP.JK,8126.642578125,8163.909887695312,8567.11638671875,38.888870084798924,Hilir (Pengolahan Pangan)
2025-12-01,ICBP.JK,8078.55615234375,8159.101220703125,8543.553935546875,41.176442479705024,Hilir (Pengolahan Pangan)
2025-12-02,ICBP.JK,7790.0361328125,8141.0687255859375,8512.778486328125,31.111096067839142,Hilir (Pengolahan Pangan)
2025-12-03,ICBP.JK,7814.07958984375,8113.418896484375,8485.3691015625,34.09089860102742,Hilir (Pengolahan Pangan)
2025-12-04,ICBP.JK,7886.20947265625,8095.386401367187,8454.593642578126,39.99998194808178,Hilir (Pengolahan Pangan)
2025-12-05,ICBP.JK,7741.94970703125,8068.93876953125,8417.0860546875,36.73468880256201,Hilir (Pengolahan Pangan)
2025-12-08,ICBP.JK,7765.99267578125,8041.2889404296875,8386.791474609376,39.583305127198386,Hilir (Pengolahan Pangan)
2025-12-09,ICBP.JK,7693.86279296875,8014.841259765625,8358.4203515625,33.333305127198386,Hilir (Pengolahan Pangan)
2025-12-10,ICBP.JK,7717.90625,7990.79794921875,8333.41529296875,36.95650158427705,Hilir (Pengolahan Pangan)
2025-12-11,ICBP.JK,7717.90625,7969.158959960938,8305.0441796875,35.55555455267121,Hilir (Pengolahan Pangan)
2025-12-12,ICBP.JK,7765.99267578125,7952.32861328125,8276.673056640626,38.297861308241934,Hilir (Pengolahan Pangan)
2025-12-15,ICBP.JK,7982.3828125,7948.722119140625,8253.591474609375,38.297861308241934,Hilir (Pengolahan Pangan)
2025-12-16,ICBP.JK,8030.46923828125,7949.924267578125,8237.24201171875,39.583330689009294,Hilir (Pengolahan Pangan)
2025-12-17,ICBP.JK,8006.42626953125,7946.3177734375,8220.411689453125,40.42551720532183,Hilir (Pengolahan Pangan)
2025-12-18,ICBP.JK,7934.2958984375,7942.711254882813,8204.062216796876,41.30433822854196,Hilir (Pengolahan Pangan)
2025-12-19,ICBP.JK,8102.599609375,7946.3177734375,8195.887490234374,50.98039762240486,Hilir (Pengolahan Pangan)
2025-12-22,ICBP.JK,8030.46923828125,7946.3177734375,8187.23189453125,61.90475269460875,Hilir (Pengolahan Pangan)
2025-12-23,ICBP.JK,7934.2958984375,7930.689599609375,8182.904091796875,55.55554051230395,Hilir (Pengolahan Pangan)
2025-12-24,ICBP.JK,7934.2958984375,7913.85927734375,8174.729365234375,52.380940868260936,Hilir (Pengolahan Pangan)
2025-12-29,ICBP.JK,7982.3828125,7901.83759765625,8156.456435546875,63.157877860074215,Hilir (Pengolahan Pangan)
2025-12-30,ICBP.JK,7886.20947265625,7889.815942382813,8133.37484375,56.09756339183465,Hilir (Pengolahan Pangan)
2026-01-02,ICBP.JK,7765.99267578125,7874.187768554688,8108.369794921875,53.48836330627755,Hilir (Pengolahan Pangan)
2026-01-05,ICBP.JK,7790.0361328125,7874.187768554688,8085.769072265625,53.48836330627755,Hilir (Pengolahan Pangan)
2026-01-06,ICBP.JK,7790.0361328125,7872.985595703125,8070.381337890625,53.48836330627755,Hilir (Pengolahan Pangan)
2026-01-07,ICBP.JK,7741.94970703125,7865.772607421875,8055.47447265625,48.83722797416021,Hilir (Pengolahan Pangan)
2026-01-08,ICBP.JK,7717.90625,7864.5704345703125,8040.5676171875,34.28573749527105,Hilir (Pengolahan Pangan)
2026-01-09,ICBP.JK,7693.86279296875,7860.963940429688,8024.218154296875,29.41181038210763,Hilir (Pengolahan Pangan)
2026-01-12,ICBP.JK,7597.689453125,7856.1552734375,8007.387822265625,27.027061146236022,Hilir (Pengolahan Pangan)
2026-01-13,ICBP.JK,7669.81982421875,7853.750952148437,7993.4426953125,35.13519595633376,Hilir (Pengolahan Pangan)
2026-01-14,ICBP.JK,7645.7763671875,7850.144458007812,7977.0932421875,19.354902107220212,Hilir (Pengolahan Pangan)
2026-01-15,ICBP.JK,7741.94970703125,7848.942309570312,7964.590712890625,31.250055530663715,Hilir (Pengolahan Pangan)
2026-01-19,ICBP.JK,7790.0361328125,7839.324975585938,7956.896845703125,40.000027077816235,Hilir (Pengolahan Pangan)
2026-01-20,ICBP.JK,7814.07958984375,7828.5054931640625,7950.164716796875,41.93551768301271,Hilir (Pengolahan Pangan)
2026-01-21,ICBP.JK,7790.0361328125,7817.685986328125,7938.623916015625,36.666680205574785,Hilir (Pengolahan Pangan)
2026-01-22,ICBP.JK,8006.42626953125,7821.292504882813,7933.81525390625,57.14285714285714,Hilir (Pengolahan Pangan)
2026-01-23,ICBP.JK,7958.33935546875,7814.0794921875,7927.563994140625,62.49998413409608,Hilir (Pengolahan Pangan)
2026-01-26,ICBP.JK,8078.55615234375,7816.483837890625,7922.75533203125,66.66664786262974,Hilir (Pengolahan Pangan)
2026-01-27,ICBP.JK,7910.2529296875,7815.281689453125,7916.5040625,55.813954586715305,Hilir (Pengolahan Pangan)
2026-01-28,ICBP.JK,7477.47314453125,7792.4405517578125,7902.078076171875,40.67797601960067,Hilir (Pengolahan Pangan)
2026-01-29,ICBP.JK,7381.2998046875,7762.386401367187,7886.6903515625,38.7096911555071,Hilir (Pengolahan Pangan)
2026-01-30,ICBP.JK,7645.7763671875,7750.36474609375,7877.55388671875,48.611118554382024,Hilir (Pengolahan Pangan)
2026-02-02,ICBP.JK,8054.5126953125,7764.790747070312,7877.55388671875,61.17646693413203,Hilir (Pengolahan Pangan)
2026-02-03,ICBP.JK,8246.859375,7787.631909179688,7882.362548828125,63.333323555221995,Hilir (Pengolahan Pangan)
2026-02-04,ICBP.JK,7982.3828125,7797.249243164062,7880.43908203125,56.99999634449035,Hilir (Pengolahan Pangan)
2026-02-05,ICBP.JK,7982.3828125,7809.2708984375,7879.958212890625,55.20832914649137,Hilir (Pengolahan Pangan)
2026-02-06,ICBP.JK,7765.99267578125,7811.675219726562,7874.668681640625,49.51456061825818,Hilir (Pengolahan Pangan)
2026-02-09,ICBP.JK,7765.99267578125,7815.281713867187,7869.379150390625,49.01960276799303,Hilir (Pengolahan Pangan)
2026-02-10,ICBP.JK,7814.07958984375,7826.101220703125,7860.7235546875,50.48543938174181,Hilir (Pengolahan Pangan)
2026-02-11,ICBP.JK,7862.166015625,7835.718530273438,7852.548828125,46.87499405027722,Hilir (Pengolahan Pangan)
2026-02-12,ICBP.JK,7886.20947265625,7847.740185546875,7845.816689453125,48.42105488181588,Hilir (Pengolahan Pangan)
2026-02-13,ICBP.JK,7886.20947265625,7854.953173828125,7841.00802734375,45.555554051230395,Hilir (Pengolahan Pangan)
2026-02-18,ICBP.JK,7886.20947265625,7859.7618408203125,7837.16109375,49.39758711870694,Hilir (Pengolahan Pangan)
2026-02-19,ICBP.JK,7814.07958984375,7859.7618408203125,7837.641962890625,60.29411325510622,Hilir (Pengolahan Pangan)
2026-02-20,ICBP.JK,7717.90625,7856.155346679688,7835.71849609375,60.29411325510622,Hilir (Pengolahan Pangan)
2026-02-23,ICBP.JK,7838.123046875,7847.740185546875,7834.756767578125,56.451613959853596,Hilir (Pengolahan Pangan)
2026-02-24,ICBP.JK,7645.7763671875,7832.112036132812,7832.83330078125,33.96228005640364,Hilir (Pengolahan Pangan)
2026-02-25,ICBP.JK,7717.90625,7814.079541015625,7831.871572265625,27.083343910616037,Hilir (Pengolahan Pangan)
2026-02-26,ICBP.JK,7597.689453125,7798.4513671875,7829.94810546875,30.9523855574553,Hilir (Pengolahan Pangan)
2026-02-27,ICBP.JK,7549.60302734375,7802.057861328125,7826.582041015625,29.5454660843084,Hilir (Pengolahan Pangan)
2026-03-02,ICBP.JK,7309.169921875,7798.4513671875,7818.407314453125,28.88890994944113,Hilir (Pengolahan Pangan)
2026-03-03,ICBP.JK,7405.34326171875,7786.429711914063,7811.194326171875,34.69389869678166,Hilir (Pengolahan Pangan)
2026-03-04,ICBP.JK,7188.953125,7743.1517333984375,7795.325732421875,26.785714933303254,Hilir (Pengolahan Pangan)
2026-03-05,ICBP.JK,7188.953125,7690.256420898438,7778.49541015625,24.074088003008654,Hilir (Pengolahan Pangan)
2026-03-06,ICBP.JK,7164.90966796875,7649.382763671875,7761.665078125,22.2222264009026,Hilir (Pengolahan Pangan)
2026-03-09,ICBP.JK,6852.3466796875,7592.88095703125,7740.02609375,17.91045454724565,Hilir (Pengolahan Pangan)
2026-03-10,ICBP.JK,6972.5634765625,7553.209497070313,7717.42537109375,23.611124822407376,Hilir (Pengolahan Pangan)
2026-03-11,ICBP.JK,6972.5634765625,7513.538037109375,7696.267255859375,24.63769395613565,Hilir (Pengolahan Pangan)
2026-03-12,ICBP.JK,7285.12646484375,7487.090380859375,7683.2838671875,38.46154046433834,Hilir (Pengolahan Pangan)
2026-03-13,ICBP.JK,6972.5634765625,7442.61025390625,7664.04921875,29.06976689268808,Hilir (Pengolahan Pangan)
2026-03-16,ICBP.JK,6804.26025390625,7388.51279296875,7640.486767578125,29.411766111307685,Hilir (Pengolahan Pangan)
2026-03-17,ICBP.JK,6828.30322265625,7335.61748046875,7619.328642578125,27.710834824451013,Hilir (Pengolahan Pangan)
2026-03-25,ICBP.JK,6972.5634765625,7289.9351806640625,7603.46005859375,34.52381643142773,Hilir (Pengolahan Pangan)
2026-03-26,ICBP.JK,6996.6064453125,7249.0615234375,7587.59146484375,36.144570353799224,Hilir (Pengolahan Pangan)
2026-03-27,ICBP.JK,6828.30322265625,7204.581372070313,7568.356806640625,37.499990480438306,Hilir (Pengolahan Pangan)
2026-03-30,ICBP.JK,6948.52001953125,7160.101220703125,7552.488212890625,38.27159998575905,Hilir (Pengolahan Pangan)
2026-03-31,ICBP.JK,7068.736328125,7131.24921875,7539.504814453125,46.7532402452411,Hilir (Pengolahan Pangan)
2026-04-01,ICBP.JK,7116.8232421875,7101.195068359375,7527.9640234375,48.101267449799685,Hilir (Pengolahan Pangan)
2026-04-02,ICBP.JK,7092.77978515625,7075.9495849609375,7517.865830078125,48.101267449799685,Hilir (Pengolahan Pangan)
2026-04-06,ICBP.JK,7140.86669921875,7055.512768554688,7507.286767578125,58.82353468210941,Hilir (Pengolahan Pangan)
2026-04-07,ICBP.JK,7044.693359375,7042.2889404296875,7495.265107421875,52.23880370813136,Hilir (Pengolahan Pangan)
2026-04-08,ICBP.JK,7237.0400390625,7033.873779296875,7485.1669140625,57.33333441644774,Hilir (Pengolahan Pangan)
2026-04-09,ICBP.JK,7164.90966796875,7032.671606445312,7472.664384765625,46.153841347127205,Hilir (Pengolahan Pangan)
2026-04-10,ICBP.JK,7092.77978515625,7027.862939453125,7458.238388671875,54.54544111842336,Hilir (Pengolahan Pangan)
2026-04-13,ICBP.JK,6948.52001953125,7017.04345703125,7441.40806640625,55.55554719819481,Hilir (Pengolahan Pangan)
2026-04-14,ICBP.JK,6948.52001953125,7021.852124023438,7420.24994140625,54.71698546992827,Hilir (Pengolahan Pangan)
2026-04-15,ICBP.JK,6924.4765625,7019.447778320313,7399.572685546875,47.91665608938396,Hilir (Pengolahan Pangan)
2026-04-16,ICBP.JK,6996.6064453125,7020.649926757813,7377.93369140625,50.0,Hilir (Pengolahan Pangan)
2026-04-17,ICBP.JK,7020.64990234375,7007.426098632813,7360.141630859375,59.09090489496417,Hilir (Pengolahan Pangan)
2026-04-20,ICBP.JK,6900.43310546875,7003.819580078125,7348.600830078125,47.72726223741042,Hilir (Pengolahan Pangan)
2026-04-21,ICBP.JK,6876.39013671875,7007.42607421875,7338.50263671875,40.00003046255872,Hilir (Pengolahan Pangan)
2026-04-22,ICBP.JK,6828.30322265625,7007.42607421875,7322.153173828125,35.00000761563969,Hilir (Pengolahan Pangan)
2026-04-23,ICBP.JK,6804.26025390625,6999.010913085937,7297.148125,35.00002538547848,Hilir (Pengolahan Pangan)
2026-04-24,ICBP.JK,6563.82666015625,6977.371923828125,7263.487470703125,25.0,Hilir (Pengolahan Pangan)
2026-04-27,ICBP.JK,6635.95654296875,6967.75458984375,7236.5589453125,31.91488626224175,Hilir (Pengolahan Pangan)
2026-04-28,ICBP.JK,6515.740234375,6946.1156005859375,7207.22609375,15.909086713142116,Hilir (Pengolahan Pangan)
2026-04-29,ICBP.JK,6467.6533203125,6916.061450195312,7181.259306640625,16.279067570752332,Hilir (Pengolahan Pangan)
2026-04-30,ICBP.JK,6515.740234375,6886.007299804687,7156.2542578125,21.42858869760859,Hilir (Pengolahan Pangan)
2026-05-04,ICBP.JK,6539.78369140625,6858.357495117188,7130.76833984375,27.027050762168017,Hilir (Pengolahan Pangan)
2026-05-05,ICBP.JK,6467.6533203125,6824.696826171875,7102.8780859375,25.000012692732795,Hilir (Pengolahan Pangan)
2026-05-06,ICBP.JK,6539.78369140625,6799.451342773437,7075.9495703125,30.95241894422597,Hilir (Pengolahan Pangan)
2026-05-07,ICBP.JK,6900.43310546875,6782.62099609375,7056.23404296875,46.29629699274277,Hilir (Pengolahan Pangan)
2026-05-08,ICBP.JK,6780.216796875,6763.3863525390625,7034.114189453125,41.379317589198465,Hilir (Pengolahan Pangan)
2026-05-11,ICBP.JK,6828.30322265625,6750.162524414062,7014.398662109375,47.27273062948631,Hilir (Pengolahan Pangan)
2026-05-12,ICBP.JK,6684.04345703125,6736.938696289062,6993.72140625,43.33333107684559,Hilir (Pengolahan Pangan)
2026-05-13,ICBP.JK,6563.82666015625,6717.704028320312,6968.235478515625,41.26984178151653,Hilir (Pengolahan Pangan)
2026-05-14,ICBP.JK,6563.82666015625,6699.671533203125,6946.596484375,41.93547436131763,Hilir (Pengolahan Pangan)
2026-05-15,ICBP.JK,6563.82666015625,6678.032543945313,6923.514892578125,50.0,Hilir (Pengolahan Pangan)
2026-05-18,ICBP.JK,6539.78369140625,6653.989233398437,6902.35677734375,46.00001787138775,Hilir (Pengolahan Pangan)
2026-05-19,ICBP.JK,6467.6533203125,6632.350244140625,6880.717783203125,47.91665608938396,Hilir (Pengolahan Pangan)
2026-05-20,ICBP.JK,6491.69677734375,6613.115576171875,6864.3683203125,51.06383530331869,Hilir (Pengolahan Pangan)
2026-05-21,ICBP.JK,6419.56689453125,6592.678759765625,6844.65279296875,45.83333157045213,Hilir (Pengolahan Pangan)
2026-05-22,ICBP.JK,6563.82666015625,6580.657080078125,6832.150263671875,50.94338248987071,Hilir (Pengolahan Pangan)
2026-05-25,ICBP.JK,6828.30322265625,6593.880908203125,6824.937265625,62.29508906232782,Hilir (Pengolahan Pangan)
2026-05-26,ICBP.JK,6611.91357421875,6592.678759765625,6813.87734375,52.238805065341545,Hilir (Pengolahan Pangan)
2026-05-27,ICBP.JK,6611.91357421875,6597.4874267578125,6809.068681640625,38.46154446994278,Hilir (Pengolahan Pangan)
2026-05-28,ICBP.JK,6611.91357421875,6604.700439453125,6801.85568359375,42.55318965066523,Hilir (Pengolahan Pangan)
2026-05-29,ICBP.JK,6828.30322265625,6620.328588867187,6798.970478515625,50.0,Hilir (Pengolahan Pangan)
2026-06-02,ICBP.JK,6539.78369140625,6620.328588867187,6784.063623046875,45.0000033847339,Hilir (Pengolahan Pangan)
2026-06-03,ICBP.JK,6275.30712890625,6610.711279296875,6770.11849609375,40.909096503692744,Hilir (Pengolahan Pangan)
2026-06-04,ICBP.JK,6371.48046875,6602.296118164062,6761.462900390625,44.285722989315744,Hilir (Pengolahan Pangan)
2026-06-05,ICBP.JK,6203.1767578125,6567.43330078125,6748.96037109375,40.259736491948516,Hilir (Pengolahan Pangan)
2026-06-08,ICBP.JK,5770.39697265625,6516.942309570312,6724.917041015625,32.97871421077693,Hilir (Pengolahan Pangan)
2026-06-09,ICBP.JK,6082.96044921875,6479.6751708984375,6706.64412109375,42.307697565043,Hilir (Pengolahan Pangan)
2026-06-10,ICBP.JK,6010.83056640625,6446.0145263671875,6690.29466796875,40.566040989241145,Hilir (Pengolahan Pangan)
2026-06-11,ICBP.JK,6010.83056640625,6418.364721679687,6671.54087890625,41.74757492122116,Hilir (Pengolahan Pangan)
2026-06-12,ICBP.JK,6107.00390625,6395.523583984375,6652.30623046875,40.594066771988814,Hilir (Pengolahan Pangan)
2026-06-15,ICBP.JK,6347.43701171875,6384.7041015625,6636.918505859375,40.000004061679036,Hilir (Pengolahan Pangan)
2026-06-17,ICBP.JK,6371.48046875,6376.2889404296875,6622.49251953125,44.56522051050441,Hilir (Pengolahan Pangan)
2026-06-18,ICBP.JK,6371.48046875,6371.480297851563,6607.104794921875,44.56522051050441,Hilir (Pengolahan Pangan)
2026-06-19,ICBP.JK,6443.6103515625,6369.0759765625,6595.083134765625,46.315790373779166,Hilir (Pengolahan Pangan)
2026-06-22,ICBP.JK,6323.3935546875,6364.267309570312,6576.810205078125,38.461543611594706,Hilir (Pengolahan Pangan)
2026-06-23,ICBP.JK,6347.43701171875,6353.447827148438,6560.460751953125,45.0,Hilir (Pengolahan Pangan)
2026-06-24,ICBP.JK,6251.263671875,6324.595849609375,6543.6304296875,49.315065063324596,Hilir (Pengolahan Pangan)
2026-06-25,ICBP.JK,6467.6533203125,6317.382836914063,6534.013095703125,52.564089879706664,Hilir (Pengolahan Pangan)
2026-06-26,ICBP.JK,6347.43701171875,6304.159008789063,6521.991435546875,53.94737721104295,Hilir (Pengolahan Pangan)
2026-06-29,ICBP.JK,6395.5234375,6293.339501953125,6511.412373046875,71.66667287201005,Hilir (Pengolahan Pangan)
2026-06-30,ICBP.JK,6539.78369140625,6278.913525390625,6502.27591796875,67.924535531647,Hilir (Pengolahan Pangan)
2026-07-01,ICBP.JK,6539.78369140625,6278.913525390625,6492.65859375,72.00000324934322,Hilir (Pengolahan Pangan)
2026-07-02,ICBP.JK,6491.69677734375,6289.7330078125,6484.4838671875,69.23075721396998,Hilir (Pengolahan Pangan)
2026-07-03,ICBP.JK,6684.04345703125,6305.361157226563,6480.63693359375,71.42856106714788,Hilir (Pengolahan Pangan)
2026-07-06,ICBP.JK,6660.0,6328.202319335937,6477.270869140625,63.82977252448349,Hilir (Pengolahan Pangan)
2026-07-07,ICBP.JK,6725.0,6375.932470703125,6475.6856640625,65.09485888130818,Hilir (Pengolahan Pangan)
2026-07-08,ICBP.JK,6625.0,6403.034448242188,6476.909130859375,59.973284609953005,Hilir (Pengolahan Pangan)
2026-07-09,ICBP.JK,6675.0,6436.242919921875,6477.69,59.26401039695473,Hilir (Pengolahan Pangan)
2026-07-10,ICBP.JK,6650.0,6468.201391601562,6480.3751953125,64.15539551049915,Hilir (Pengolahan Pangan)
2026-07-13,ICBP.JK,6625.0,6494.1011962890625,6483.52212890625,62.01984499035155,Hilir (Pengolahan Pangan)
2026-07-14,ICBP.JK,6650.0,6509.229345703125,6486.20732421875,68.40157846537687,Hilir (Pengolahan Pangan)
2026-07-15,ICBP.JK,6600.0,6520.655322265625,6487.411650390625,57.215970625601,Hilir (Pengolahan Pangan)
2026-07-16,ICBP.JK,6700.0,6537.081298828125,6492.058583984375,69.65620312572311,Hilir (Pengolahan Pangan)
2026-07-17,ICBP.JK,6850.0,6557.40078125,6498.26291015625,72.75255767292099,Hilir (Pengolahan Pangan)
2026-07-20,ICBP.JK,6900.0,6586.231103515625,6498.254248046875,69.91296010676058,Hilir (Pengolahan Pangan)
2023-01-02,INDF.JK,5791.74462890625,,,,Hilir (Pengolahan Pangan)
2023-01-03,INDF.JK,5770.373046875,,,,Hilir (Pengolahan Pangan)
2023-01-04,INDF.JK,5855.8603515625,,,,Hilir (Pengolahan Pangan)
2023-01-05,INDF.JK,5855.8603515625,,,,Hilir (Pengolahan Pangan)
2023-01-06,INDF.JK,5941.34716796875,,,,Hilir (Pengolahan Pangan)
2023-01-09,INDF.JK,5941.34716796875,,,,Hilir (Pengolahan Pangan)
2023-01-10,INDF.JK,5706.25830078125,,,,Hilir (Pengolahan Pangan)
2023-01-11,INDF.JK,5706.25830078125,,,,Hilir (Pengolahan Pangan)
2023-01-12,INDF.JK,5663.51416015625,,,,Hilir (Pengolahan Pangan)
2023-01-13,INDF.JK,5727.6298828125,,,,Hilir (Pengolahan Pangan)
2023-01-16,INDF.JK,5727.6298828125,,,,Hilir (Pengolahan Pangan)
2023-01-17,INDF.JK,5834.48828125,,,,Hilir (Pengolahan Pangan)
2023-01-18,INDF.JK,5941.34716796875,,,,Hilir (Pengolahan Pangan)
2023-01-19,INDF.JK,5877.2314453125,,,55.263140490501364,Hilir (Pengolahan Pangan)
2023-01-20,INDF.JK,5877.2314453125,,,55.263140490501364,Hilir (Pengolahan Pangan)
2023-01-24,INDF.JK,5919.9755859375,,,58.97435747225554,Hilir (Pengolahan Pangan)
2023-01-25,INDF.JK,5813.11669921875,,,47.49999571618773,Hilir (Pengolahan Pangan)
2023-01-26,INDF.JK,5727.6298828125,,,43.18182998295821,Hilir (Pengolahan Pangan)
2023-01-27,INDF.JK,5727.6298828125,,,37.50003569843561,Hilir (Pengolahan Pangan)
2023-01-30,INDF.JK,5813.11669921875,5810.979516601563,,43.18182998295821,Hilir (Pengolahan Pangan)
2023-01-31,INDF.JK,5749.001953125,5808.8423828125,,52.777783066435916,Hilir (Pengolahan Pangan)
2023-02-01,INDF.JK,5684.8857421875,5804.568017578125,,48.71790365487235,Hilir (Pengolahan Pangan)
2023-02-02,INDF.JK,5642.142578125,5793.88212890625,,48.71796073478316,Hilir (Pengolahan Pangan)
2023-02-03,INDF.JK,5727.6298828125,5787.47060546875,,50.0,Hilir (Pengolahan Pangan)
2023-02-06,INDF.JK,5706.25830078125,5775.716162109375,,48.78049867793786,Hilir (Pengolahan Pangan)
2023-02-07,INDF.JK,5706.25830078125,5763.96171875,,41.66671426458987,Hilir (Pengolahan Pangan)
2023-02-08,INDF.JK,5813.11669921875,5769.304638671875,,41.66667724398965,Hilir (Pengolahan Pangan)
2023-02-09,INDF.JK,5791.74462890625,5773.578955078125,,44.11766484629667,Hilir (Pengolahan Pangan)
2023-02-10,INDF.JK,5898.603515625,5785.333422851562,,51.282069307313506,Hilir (Pengolahan Pangan)
2023-02-13,INDF.JK,5749.001953125,5786.402026367187,,40.90910507048835,Hilir (Pengolahan Pangan)
2023-02-14,INDF.JK,5770.373046875,5788.5391845703125,,47.49998714851913,Hilir (Pengolahan Pangan)
2023-02-15,INDF.JK,5706.25830078125,5782.127685546875,,48.71795622849665,Hilir (Pengolahan Pangan)
2023-02-16,INDF.JK,5642.142578125,5767.167456054687,,45.23807192475697,Hilir (Pengolahan Pangan)
2023-02-17,INDF.JK,5642.142578125,5755.413012695312,,39.47366364183491,Hilir (Pengolahan Pangan)
2023-02-20,INDF.JK,5663.51416015625,5744.7271484375,,44.44438803194781,Hilir (Pengolahan Pangan)
2023-02-21,INDF.JK,5578.02734375,5727.629736328125,,43.243249918800196,Hilir (Pengolahan Pangan)
2023-02-22,INDF.JK,5642.142578125,5719.081030273437,,50.0,Hilir (Pengolahan Pangan)
2023-02-23,INDF.JK,5620.7705078125,5713.738061523438,,42.857086905094505,Hilir (Pengolahan Pangan)
2023-02-24,INDF.JK,5620.7705078125,5708.395092773438,,44.117581837913384,Hilir (Pengolahan Pangan)
2023-02-27,INDF.JK,5642.142578125,5699.84638671875,,45.7142484129445,Hilir (Pengolahan Pangan)
2023-02-28,INDF.JK,5535.2841796875,5689.160498046875,,31.428562103236118,Hilir (Pengolahan Pangan)
2023-03-01,INDF.JK,5364.31005859375,5673.1317138671875,,26.190468419363427,Hilir (Pengolahan Pangan)
2023-03-02,INDF.JK,5342.93798828125,5658.171484375,,15.789429382413658,Hilir (Pengolahan Pangan)
2023-03-03,INDF.JK,5364.31005859375,5640.0054931640625,,21.874970994967228,Hilir (Pengolahan Pangan)
2023-03-06,INDF.JK,5342.93798828125,5621.8394775390625,,18.750040160757266,Hilir (Pengolahan Pangan)
2023-03-07,INDF.JK,5342.93798828125,5603.6734619140625,,20.689679622221135,Hilir (Pengolahan Pangan)
2023-03-08,INDF.JK,5257.45166015625,5575.890209960938,,20.000060925411304,Hilir (Pengolahan Pangan)
2023-03-09,INDF.JK,5257.45166015625,5549.175561523438,,20.000060925411304,Hilir (Pengolahan Pangan)
2023-03-10,INDF.JK,5236.0791015625,5516.049340820313,,16.666730130540117,Hilir (Pengolahan Pangan)
2023-03-13,INDF.JK,5236.0791015625,5490.4031982421875,5669.92595703125,19.23083006592232,Hilir (Pengolahan Pangan)
2023-03-14,INDF.JK,5278.8232421875,5465.825708007813,5659.667529296875,16.000175464569864,Hilir (Pengolahan Pangan)
2023-03-15,INDF.JK,5214.70751953125,5441.2481689453125,5648.55421875,14.814977783456598,Hilir (Pengolahan Pangan)
2023-03-16,INDF.JK,5257.45166015625,5422.013623046875,5636.586044921875,20.689867070243295,Hilir (Pengolahan Pangan)
2023-03-17,INDF.JK,5236.0791015625,5401.71044921875,5624.190419921875,17.241542308546798,Hilir (Pengolahan Pangan)
2023-03-20,INDF.JK,5300.1943359375,5383.544458007813,5611.36736328125,29.62971111374368,Hilir (Pengolahan Pangan)
2023-03-21,INDF.JK,5236.0791015625,5366.447045898438,5597.262001953125,36.36369300875555,Hilir (Pengolahan Pangan)
2023-03-24,INDF.JK,5407.05322265625,5354.692578125,5591.277900390625,55.172383910099754,Hilir (Pengolahan Pangan)
2023-03-27,INDF.JK,5449.79638671875,5346.143872070313,5586.148662109375,56.66658543309425,Hilir (Pengolahan Pangan)
2023-03-28,INDF.JK,5449.79638671875,5337.595166015625,5581.874306640625,58.62062717242988,Hilir (Pengolahan Pangan)
2023-03-29,INDF.JK,5428.42529296875,5326.9093017578125,5575.89021484375,56.666671743772675,Hilir (Pengolahan Pangan)
2023-03-30,INDF.JK,5471.16845703125,5323.703515625,5570.760986328125,67.8570204627162,Hilir (Pengolahan Pangan)
2023-03-31,INDF.JK,5300.1943359375,5320.497729492187,5560.075107421875,52.77771607684453,Hilir (Pengolahan Pangan)
2023-04-03,INDF.JK,5278.8232421875,5317.2919921875,5546.82462890625,52.777816561295374,Hilir (Pengolahan Pangan)
2023-04-04,INDF.JK,5428.42529296875,5320.49775390625,5537.848505859375,60.46513357806218,Hilir (Pengolahan Pangan)
2023-04-05,INDF.JK,5364.31005859375,5321.566357421875,5527.590078125,54.545445104527815,Hilir (Pengolahan Pangan)
2023-04-06,INDF.JK,5342.93798828125,5321.566357421875,5516.049326171875,57.14285714285714,Hilir (Pengolahan Pangan)
2023-04-10,INDF.JK,5407.05322265625,5329.046435546875,5507.928056640625,58.139505228258095,Hilir (Pengolahan Pangan)
2023-04-11,INDF.JK,5428.42529296875,5337.5951171875,5501.94396484375,60.46515581970789,Hilir (Pengolahan Pangan)
2023-04-12,INDF.JK,5364.31005859375,5344.006665039063,5494.677568359375,53.488402984146795,Hilir (Pengolahan Pangan)
2023-04-13,INDF.JK,5364.31005859375,5350.418212890625,5485.701435546875,57.50003855444259,Hilir (Pengolahan Pangan)
2023-04-14,INDF.JK,5385.681640625,5355.7611328125,5478.435029296875,48.48485687680223,Hilir (Pengolahan Pangan)
2023-04-17,INDF.JK,5407.05322265625,5365.37841796875,5472.87837890625,46.875017849289165,Hilir (Pengolahan Pangan)
2023-04-18,INDF.JK,5428.42529296875,5373.927099609375,5468.604033203125,48.48489254257518,Hilir (Pengolahan Pangan)
2023-04-26,INDF.JK,5556.65576171875,5389.9559326171875,5465.18455078125,57.894740006517424,Hilir (Pengolahan Pangan)
2023-04-27,INDF.JK,5492.54052734375,5399.5732421875,5460.9101953125,51.28207080944157,Hilir (Pengolahan Pangan)
2023-04-28,INDF.JK,5513.912109375,5413.464892578125,5457.063271484375,65.62503123621144,Hilir (Pengolahan Pangan)
2023-05-02,INDF.JK,5556.65576171875,5420.94501953125,5451.934052734375,69.69694452117815,Hilir (Pengolahan Pangan)
2023-05-03,INDF.JK,5684.8857421875,5432.699487304688,5449.796875,68.7499598391854,Hilir (Pengolahan Pangan)
2023-05-04,INDF.JK,5663.51416015625,5443.3853759765625,5445.095087890625,73.33330794772596,Hilir (Pengolahan Pangan)
2023-05-05,INDF.JK,5727.6298828125,5458.34560546875,5444.667646484375,78.12502900503277,Hilir (Pengolahan Pangan)
2023-05-08,INDF.JK,5877.2314453125,5478.648754882813,5446.804814453125,80.55556437000816,Hilir (Pengolahan Pangan)
2023-05-09,INDF.JK,5834.48828125,5505.363452148437,5449.3694140625,75.67570237788699,Hilir (Pengolahan Pangan)
2023-05-10,INDF.JK,5898.603515625,5536.352465820312,5454.4986328125,83.78382216821255,Hilir (Pengolahan Pangan)
2023-05-11,INDF.JK,5813.11669921875,5555.5870361328125,5457.918115234375,75.60979415337636,Hilir (Pengolahan Pangan)
2023-05-12,INDF.JK,5749.001953125,5574.821630859375,5459.62787109375,69.76751229226419,Hilir (Pengolahan Pangan)
2023-05-15,INDF.JK,5749.001953125,5595.124829101563,5463.04736328125,69.0476954636027,Hilir (Pengolahan Pangan)
2023-05-16,INDF.JK,5834.48828125,5616.49658203125,5466.89427734375,71.11115624119435,Hilir (Pengolahan Pangan)
2023-05-17,INDF.JK,5813.11669921875,5635.73115234375,5470.741201171875,65.00004569423248,Hilir (Pengolahan Pangan)
2023-05-19,INDF.JK,5941.34716796875,5664.5830078125,5477.152734375,74.4186738473898,Hilir (Pengolahan Pangan)
2023-05-22,INDF.JK,5898.603515625,5691.297680664063,5482.281953125,70.45459501953945,Hilir (Pengolahan Pangan)
2023-05-23,INDF.JK,5941.34716796875,5719.08095703125,5490.403212890625,70.45459501953945,Hilir (Pengolahan Pangan)
2023-05-24,INDF.JK,5941.34716796875,5745.795654296875,5501.943955078125,65.78953855477681,Hilir (Pengolahan Pangan)
2023-05-25,INDF.JK,6069.57763671875,5777.853271484375,5516.476748046875,72.09308009551145,Hilir (Pengolahan Pangan)
2023-05-26,INDF.JK,6155.06494140625,5807.77373046875,5532.291845703125,72.72732465247759,Hilir (Pengolahan Pangan)
2023-05-29,INDF.JK,6155.06494140625,5840.899951171875,5548.534384765625,67.5676443364251,Hilir (Pengolahan Pangan)
2023-05-30,INDF.JK,6112.32080078125,5870.820385742188,5563.922041015625,67.56756089202298,Hilir (Pengolahan Pangan)
2023-05-31,INDF.JK,6069.57763671875,5896.466479492187,5580.164560546875,61.11112874001631,Hilir (Pengolahan Pangan)
2023-06-05,INDF.JK,6197.80810546875,5922.11259765625,5598.971689453125,73.68422001955227,Hilir (Pengolahan Pangan)
2023-06-06,INDF.JK,6304.66650390625,5954.17021484375,5620.3434375,82.49995858972008,Hilir (Pengolahan Pangan)
2023-06-07,INDF.JK,6368.7822265625,5986.22783203125,5642.9975,83.72090057712683,Hilir (Pengolahan Pangan)
2023-06-08,INDF.JK,6347.41015625,6009.736767578125,5664.36923828125,79.99995430597632,Hilir (Pengolahan Pangan)
2023-06-09,INDF.JK,6347.41015625,6035.382861328125,5687.023291015625,82.05121595869261,Hilir (Pengolahan Pangan)
2023-06-12,INDF.JK,6368.7822265625,6058.891796875,5709.24990234375,79.41170343800167,Hilir (Pengolahan Pangan)
2023-06-13,INDF.JK,6283.294921875,6082.400708007813,5730.19421875,74.99993653614267,Hilir (Pengolahan Pangan)
2023-06-14,INDF.JK,6347.41015625,6112.321118164063,5751.13853515625,75.67560725151269,Hilir (Pengolahan Pangan)
2023-06-15,INDF.JK,6368.7822265625,6143.310131835938,5773.79259765625,76.31573093223523,Hilir (Pengolahan Pangan)
2023-06-16,INDF.JK,6219.18017578125,6162.5447265625,5790.03513671875,58.97435747225554,Hilir (Pengolahan Pangan)
2023-06-19,INDF.JK,6326.03857421875,6188.1908203125,5807.55998046875,59.99996572948224,Hilir (Pengolahan Pangan)
2023-06-20,INDF.JK,6112.32080078125,6196.739501953125,5820.81046875,47.999972583585794,Hilir (Pengolahan Pangan)
2023-06-21,INDF.JK,6304.66650390625,6217.042651367187,5838.33529296875,57.89473051328855,Hilir (Pengolahan Pangan)
2023-06-22,INDF.JK,6176.4365234375,6228.797119140625,5852.440654296875,54.09836433975261,Hilir (Pengolahan Pangan)
2023-06-23,INDF.JK,6240.5517578125,6243.757348632813,5871.247802734375,51.7241433643357,Hilir (Pengolahan Pangan)
2023-06-26,INDF.JK,6261.92333984375,6253.3746337890625,5890.9098046875,48.148163818262894,Hilir (Pengolahan Pangan)
2023-06-27,INDF.JK,6283.294921875,6259.7861328125,5908.007197265625,46.1538326348876,Hilir (Pengolahan Pangan)
2023-07-03,INDF.JK,6197.80810546875,6261.923291015625,5924.677158203125,43.63636967855863,Hilir (Pengolahan Pangan)
2023-07-04,INDF.JK,6304.66650390625,6271.540576171875,5943.911728515625,48.333326352288644,Hilir (Pengolahan Pangan)
2023-07-05,INDF.JK,6347.41015625,6285.432202148438,5962.7188671875,49.18031497478584,Hilir (Pengolahan Pangan)
2023-07-06,INDF.JK,6368.7822265625,6293.980908203125,5981.526005859375,53.448290803664975,Hilir (Pengolahan Pangan)
2023-07-07,INDF.JK,6441.38623046875,6300.81689453125,6003.067529296875,53.76491830023807,Hilir (Pengolahan Pangan)
2023-07-10,INDF.JK,6419.2509765625,6303.34033203125,6024.16634765625,52.020669636154345,Hilir (Pengolahan Pangan)
2023-07-11,INDF.JK,6463.52197265625,6309.145922851562,6045.723154296875,60.68411725772359,Hilir (Pengolahan Pangan)
2023-07-12,INDF.JK,6552.06298828125,6319.378564453125,6068.623349609375,60.044064754445536,Hilir (Pengolahan Pangan)
2023-07-13,INDF.JK,6596.33349609375,6330.756127929688,6091.981513671875,75.32197283207344,Hilir (Pengolahan Pangan)
2023-07-14,INDF.JK,6596.33349609375,6346.408056640625,6112.775068359375,69.10387978897059,Hilir (Pengolahan Pangan)
2023-07-17,INDF.JK,6463.52197265625,6352.213647460938,6132.194697265625,68.69161166275742,Hilir (Pengolahan Pangan)
2023-07-18,INDF.JK,6507.7919921875,6359.164135742188,6152.072294921875,67.86108696162974,Hilir (Pengolahan Pangan)
2023-07-20,INDF.JK,6485.6572265625,6372.48798828125,6170.65232421875,64.93808710643046,Hilir (Pengolahan Pangan)
2023-07-21,INDF.JK,6485.6572265625,6380.468920898437,6186.66775390625,63.90808084740234,Hilir (Pengolahan Pangan)
2023-07-24,INDF.JK,6441.38623046875,6396.922192382813,6202.2251953125,67.74618145183095,Hilir (Pengolahan Pangan)
2023-07-25,INDF.JK,6352.84521484375,6399.331127929688,6214.729501953125,53.60637546655906,Hilir (Pengolahan Pangan)
2023-07-26,INDF.JK,6352.84521484375,6408.1515625,6224.24177734375,50.43465018294278,Hilir (Pengolahan Pangan)
2023-07-27,INDF.JK,6419.2509765625,6417.0865234375,6235.93703125,53.76488689312326,Hilir (Pengolahan Pangan)
2023-07-28,INDF.JK,6485.6572265625,6428.273217773438,6247.67810546875,53.333367647285904,Hilir (Pengolahan Pangan)
2023-07-31,INDF.JK,6485.6572265625,6438.391333007812,6261.128916015625,55.17244789139076,Hilir (Pengolahan Pangan)
2023-08-01,INDF.JK,6197.8974609375,6438.39580078125,6270.106826171875,34.99994209525826,Hilir (Pengolahan Pangan)
2023-08-02,INDF.JK,6242.16796875,6435.2708740234375,6279.970146484375,31.578892373815563,Hilir (Pengolahan Pangan)
2023-08-03,INDF.JK,6242.16796875,6430.008764648437,6288.123740234375,27.777726715404683,Hilir (Pengolahan Pangan)
2023-08-04,INDF.JK,6242.16796875,6423.678051757813,6296.704765625,27.777726715404683,Hilir (Pengolahan Pangan)
2023-08-07,INDF.JK,6264.3037109375,6414.82392578125,6303.163896484375,35.48384112736751,Hilir (Pengolahan Pangan)
2023-08-08,INDF.JK,6197.8974609375,6403.75625,6309.149775390625,28.125021541889154,Hilir (Pengolahan Pangan)
2023-08-09,INDF.JK,6175.76220703125,6389.36826171875,6313.838076171875,28.125002154187428,Hilir (Pengolahan Pangan)
2023-08-10,INDF.JK,6264.3037109375,6374.980297851563,6320.29720703125,36.11111791940667,Hilir (Pengolahan Pangan)
2023-08-11,INDF.JK,6242.16796875,6357.272021484375,6323.749013671875,37.142858943581594,Hilir (Pengolahan Pangan)
2023-08-14,INDF.JK,6242.16796875,6339.563745117188,6325.49107421875,41.935458621492025,Hilir (Pengolahan Pangan)
2023-08-15,INDF.JK,6197.8974609375,6326.28251953125,6326.347724609375,39.39392926590094,Hilir (Pengolahan Pangan)
2023-08-16,INDF.JK,6286.4384765625,6315.21484375,6329.830078125,41.17645150616675,Hilir (Pengolahan Pangan)
2023-08-18,INDF.JK,6242.16796875,6303.040380859375,6333.281884765625,33.33331105163383,Hilir (Pengolahan Pangan)
2023-08-21,INDF.JK,6197.8974609375,6288.652392578125,6333.283671875,31.428558823492338,Hilir (Pengolahan Pangan)
2023-08-22,INDF.JK,6197.8974609375,6276.477954101562,6331.148291015625,50.0,Hilir (Pengolahan Pangan)
2023-08-23,INDF.JK,6264.3037109375,6272.05087890625,6329.058720703125,52.17395057276361,Hilir (Pengolahan Pangan)
2023-08-24,INDF.JK,6220.03271484375,6265.41025390625,6326.511171875,48.0000105882571,Hilir (Pengolahan Pangan)
2023-08-25,INDF.JK,6308.57373046875,6259.876391601562,6325.734443359375,55.172390186686634,Hilir (Pengolahan Pangan)
2023-08-28,INDF.JK,6286.4384765625,6249.915454101562,6324.087568359375,51.724093341102126,Hilir (Pengolahan Pangan)
2023-08-29,INDF.JK,6330.70947265625,6242.16806640625,6325.035859375,60.71428290065066,Hilir (Pengolahan Pangan)
2023-08-30,INDF.JK,6242.16796875,6244.381591796875,6322.931015625,54.838689018728,Hilir (Pengolahan Pangan)
2023-08-31,INDF.JK,6286.4384765625,6246.5951171875,6321.284140625,51.724093341102126,Hilir (Pengolahan Pangan)
2023-09-01,INDF.JK,6197.8974609375,6244.381591796875,6320.858486328125,46.87500861676754,Hilir (Pengolahan Pangan)
2023-09-04,INDF.JK,6109.35595703125,6237.740991210938,6316.524833984375,41.666661560435614,Hilir (Pengolahan Pangan)
2023-09-05,INDF.JK,6065.08544921875,6227.780078125,6315.580126953125,41.666661560435614,Hilir (Pengolahan Pangan)
2023-09-06,INDF.JK,6087.22021484375,6222.2462158203125,6311.231201171875,36.36360597943974,Hilir (Pengolahan Pangan)
2023-09-07,INDF.JK,6153.626953125,6221.139453125,6310.775009765625,44.1176699573355,Hilir (Pengolahan Pangan)
2023-09-08,INDF.JK,6131.49169921875,6214.498852539063,6308.59380859375,45.454563685039055,Hilir (Pengolahan Pangan)
2023-09-11,INDF.JK,6153.626953125,6210.071801757813,6306.427880859375,47.05883497866775,Hilir (Pengolahan Pangan)
2023-09-12,INDF.JK,6065.08544921875,6201.21767578125,6302.06369140625,37.14284273704338,Hilir (Pengolahan Pangan)
2023-09-13,INDF.JK,6109.35595703125,6196.790600585938,6300.2946484375,42.85713385350358,Hilir (Pengolahan Pangan)
2023-09-14,INDF.JK,5932.2734375,6179.082348632813,6292.846787109375,28.205145608608177,Hilir (Pengolahan Pangan)
2023-09-15,INDF.JK,5976.5439453125,6165.8011474609375,6285.429462890625,32.5000027573641,Hilir (Pengolahan Pangan)
2023-09-18,INDF.JK,5843.73193359375,6148.09287109375,6274.92845703125,24.99997493304616,Hilir (Pengolahan Pangan)
2023-09-19,INDF.JK,5910.13818359375,6133.704907226563,6264.30349609375,32.558141920921344,Hilir (Pengolahan Pangan)
2023-09-20,INDF.JK,6020.814453125,6121.530444335937,6256.334765625,36.95651131430895,Hilir (Pengolahan Pangan)
2023-09-21,INDF.JK,5932.2734375,6107.14248046875,6245.709794921875,36.95651131430895,Hilir (Pengolahan Pangan)
2023-09-22,INDF.JK,5998.67919921875,6091.64775390625,6234.642119140625,44.44443355114486,Hilir (Pengolahan Pangan)
2023-09-25,INDF.JK,5998.67919921875,6077.259790039063,6222.689033203125,46.511611204704806,Hilir (Pengolahan Pangan)
2023-09-26,INDF.JK,5932.2734375,6057.33798828125,6209.40783203125,42.22224509814014,Hilir (Pengolahan Pangan)
2023-09-27,INDF.JK,5976.5439453125,6044.056787109375,6199.668271484375,40.90905900566313,Hilir (Pengolahan Pangan)
2023-09-29,INDF.JK,5865.8671875,6023.02822265625,6186.829775390625,37.499959788399664,Hilir (Pengolahan Pangan)
2023-10-02,INDF.JK,5976.5439453125,6011.960546875,6176.647509765625,42.307669465605464,Hilir (Pengolahan Pangan)
2023-10-03,INDF.JK,5954.40869140625,6004.21318359375,6166.0225390625,44.89794815879913,Hilir (Pengolahan Pangan)
2023-10-04,INDF.JK,5976.5439453125,5999.786108398437,6156.725693359375,43.749991383228505,Hilir (Pengolahan Pangan)
2023-10-05,INDF.JK,6087.22021484375,5999.786108398437,6151.413193359375,57.777762527150884,Hilir (Pengolahan Pangan)
2023-10-06,INDF.JK,6087.22021484375,5996.465771484375,6146.100693359375,55.81394155817173,Hilir (Pengolahan Pangan)
2023-10-09,INDF.JK,6065.08544921875,5993.145458984375,6139.0173828125,63.15793751044898,Hilir (Pengolahan Pangan)
2023-10-10,INDF.JK,6020.814453125,5986.504833984375,6129.72052734375,56.75674870016092,Hilir (Pengolahan Pangan)
2023-10-11,INDF.JK,5976.5439453125,5982.0777587890625,6119.53826171875,47.05882734584033,Hilir (Pengolahan Pangan)
2023-10-12,INDF.JK,5954.40869140625,5974.330395507813,6114.668486328125,51.61290093038976,Hilir (Pengolahan Pangan)
2023-10-13,INDF.JK,5932.2734375,5974.330395507813,6108.470595703125,44.827594075726104,Hilir (Pengolahan Pangan)
2023-10-16,INDF.JK,5954.40869140625,5973.2236328125,6102.71541015625,46.66667156865629,Hilir (Pengolahan Pangan)
2023-10-17,INDF.JK,6065.08544921875,5984.29130859375,6099.173759765625,59.375015079353595,Hilir (Pengolahan Pangan)
2023-10-18,INDF.JK,6020.814453125,5989.825122070312,6094.303974609375,53.12499138323246,Hilir (Pengolahan Pangan)
2023-10-19,INDF.JK,5976.5439453125,5987.611596679688,6089.876904296875,58.62070801576073,Hilir (Pengolahan Pangan)
2023-10-20,INDF.JK,5910.13818359375,5986.504833984375,6084.564423828125,44.44445352220151,Hilir (Pengolahan Pangan)
2023-10-23,INDF.JK,5843.73193359375,5978.757470703125,6076.15298828125,41.37929198423927,Hilir (Pengolahan Pangan)
2023-10-24,INDF.JK,5954.40869140625,5976.5439453125,6070.397802734375,48.484852536074705,Hilir (Pengolahan Pangan)
2023-10-25,INDF.JK,5976.5439453125,5978.757470703125,6065.085322265625,41.379336574219515,Hilir (Pengolahan Pangan)
2023-10-26,INDF.JK,5976.5439453125,5978.757470703125,6060.658251953125,41.379336574219515,Hilir (Pengolahan Pangan)
2023-10-27,INDF.JK,5976.5439453125,5984.29130859375,6054.460361328125,42.85713160260263,Hilir (Pengolahan Pangan)
2023-10-30,INDF.JK,5954.40869140625,5983.184545898437,6048.70517578125,44.444462599928926,Hilir (Pengolahan Pangan)
2023-10-31,INDF.JK,5888.00244140625,5979.864233398437,6042.507275390625,42.85713160260263,Hilir (Pengolahan Pangan)
2023-11-01,INDF.JK,5888.00244140625,5975.437158203125,6036.309375,44.4444262889748,Hilir (Pengolahan Pangan)
2023-11-02,INDF.JK,5733.05517578125,5957.72890625,6025.684404296875,36.36362420997397,Hilir (Pengolahan Pangan)
2023-11-03,INDF.JK,5644.513671875,5935.593579101563,6014.1740234375,30.5555470451809,Hilir (Pengolahan Pangan)
2023-11-06,INDF.JK,5622.37841796875,5913.458227539062,6000.4501171875,18.749991383244335,Hilir (Pengolahan Pangan)
2023-11-07,INDF.JK,5644.513671875,5894.6431884765625,5987.61162109375,22.58063597964319,Hilir (Pengolahan Pangan)
2023-11-08,INDF.JK,5622.37841796875,5876.934912109375,5973.445,23.33332107838632,Hilir (Pengolahan Pangan)
2023-11-09,INDF.JK,5600.24267578125,5859.226611328125,5960.606494140625,24.99996060914026,Hilir (Pengolahan Pangan)
2023-11-10,INDF.JK,5600.24267578125,5842.625073242188,5946.882578125,27.999964705778538,Hilir (Pengolahan Pangan)
2023-11-13,INDF.JK,5710.919921875,5830.450634765625,5937.14302734375,28.000028235352246,Hilir (Pengolahan Pangan)
2023-11-14,INDF.JK,5644.513671875,5809.422045898437,5927.846181640625,22.222258533102178,Hilir (Pengolahan Pangan)
2023-11-15,INDF.JK,5688.78466796875,5792.820556640625,5920.320166015625,27.5862672239696,Hilir (Pengolahan Pangan)
2023-11-16,INDF.JK,5710.919921875,5779.53935546875,5912.79416015625,30.000044117711923,Hilir (Pengolahan Pangan)
2023-11-17,INDF.JK,5688.78466796875,5768.4716796875,5903.497314453125,30.000044117711923,Hilir (Pengolahan Pangan)
2023-11-20,INDF.JK,5666.64892578125,5759.617529296875,5894.200458984375,32.14289090639801,Hilir (Pengolahan Pangan)
2023-11-21,INDF.JK,5688.78466796875,5746.336328125,5884.90361328125,34.4828268168493,Hilir (Pengolahan Pangan)
2023-11-22,INDF.JK,5622.37841796875,5728.6280517578125,5876.04947265625,40.00003529409688,Hilir (Pengolahan Pangan)
2023-11-23,INDF.JK,5622.37841796875,5710.919775390625,5866.309921875,47.61906762702981,Hilir (Pengolahan Pangan)
2023-11-24,INDF.JK,5688.78466796875,5696.531811523438,5861.440146484375,56.5217307906256,Hilir (Pengolahan Pangan)
2023-11-27,INDF.JK,5666.64892578125,5682.143823242188,5855.24224609375,52.17389219397527,Hilir (Pengolahan Pangan)
2023-11-28,INDF.JK,5644.513671875,5669.969384765625,5851.257880859375,52.17389219397527,Hilir (Pengolahan Pangan)
2023-11-29,INDF.JK,5688.78466796875,5660.00849609375,5846.830810546875,58.333348651932624,Hilir (Pengolahan Pangan)
2023-11-30,INDF.JK,5688.78466796875,5657.794970703125,5840.19021484375,58.333348651932624,Hilir (Pengolahan Pangan)
2023-12-01,INDF.JK,5600.24267578125,5655.5814208984375,5833.549599609375,39.13044312240989,Hilir (Pengolahan Pangan)
2023-12-04,INDF.JK,5622.37841796875,5655.5814208984375,5826.023583984375,47.61907262897281,Hilir (Pengolahan Pangan)
2023-12-05,INDF.JK,5733.05517578125,5660.00849609375,5820.711103515625,54.16662837016844,Hilir (Pengolahan Pangan)
2023-12-06,INDF.JK,5755.19091796875,5666.64912109375,5817.169453125,54.166670496312975,Hilir (Pengolahan Pangan)
2023-12-07,INDF.JK,5710.919921875,5672.1829833984375,5811.85697265625,51.99997882359792,Hilir (Pengolahan Pangan)
2023-12-08,INDF.JK,5666.64892578125,5675.5032958984375,5807.872607421875,50.0,Hilir (Pengolahan Pangan)
2023-12-11,INDF.JK,5644.513671875,5672.1829833984375,5801.232001953125,46.15383962757991,Hilir (Pengolahan Pangan)
2023-12-12,INDF.JK,5688.78466796875,5674.396533203125,5795.919521484375,55.99998588238616,Hilir (Pengolahan Pangan)
2023-12-13,INDF.JK,5666.64892578125,5673.28974609375,5789.72162109375,53.84611468858967,Hilir (Pengolahan Pangan)
2023-12-14,INDF.JK,5666.64892578125,5671.076196289063,5781.3101953125,47.82606193714214,Hilir (Pengolahan Pangan)
2023-12-15,INDF.JK,5600.24267578125,5666.649096679687,5771.57064453125,44.000014117613844,Hilir (Pengolahan Pangan)
2023-12-18,INDF.JK,5555.97265625,5661.115283203125,5761.388388671875,42.30775757040998,Hilir (Pengolahan Pangan)
2023-12-19,INDF.JK,5600.24267578125,5656.68818359375,5752.976953125,42.3076596762781,Hilir (Pengolahan Pangan)
2023-12-20,INDF.JK,5555.97265625,5653.367895507812,5744.56552734375,39.285733981128644,Hilir (Pengolahan Pangan)
2023-12-21,INDF.JK,5555.97265625,5650.047607421875,5736.596806640625,45.83339843767951,Hilir (Pengolahan Pangan)
2023-12-22,INDF.JK,5555.97265625,5643.407006835938,5729.070791015625,43.47828588911278,Hilir (Pengolahan Pangan)
2023-12-27,INDF.JK,5622.37841796875,5641.1934814453125,5722.430185546875,38.09522308917265,Hilir (Pengolahan Pangan)
2023-12-28,INDF.JK,5710.919921875,5644.5137939453125,5715.346875,45.83329886626318,Hilir (Pengolahan Pangan)
2023-12-29,INDF.JK,5710.919921875,5645.620556640625,5709.148984375,50.0,Hilir (Pengolahan Pangan)
2024-01-02,INDF.JK,5710.919921875,5646.727319335938,5703.83650390625,55.00004963266314,Hilir (Pengolahan Pangan)
2024-01-03,INDF.JK,5666.64892578125,5650.047631835938,5698.96671875,52.380947378925306,Hilir (Pengolahan Pangan)
2024-01-04,INDF.JK,5710.919921875,5654.47470703125,5696.310478515625,52.380947378925306,Hilir (Pengolahan Pangan)
2024-01-05,INDF.JK,5710.919921875,5653.367944335938,5691.440703125,55.00004963266314,Hilir (Pengolahan Pangan)
2024-01-08,INDF.JK,5666.64892578125,5648.940844726562,5685.242802734375,50.0,Hilir (Pengolahan Pangan)
2024-01-09,INDF.JK,5644.513671875,5645.620532226562,5678.602197265625,55.00004963266314,Hilir (Pengolahan Pangan)
2024-01-10,INDF.JK,5622.37841796875,5643.407006835938,5671.51888671875,57.894718510580745,Hilir (Pengolahan Pangan)
2024-01-11,INDF.JK,5622.37841796875,5642.300244140625,5664.87828125,52.941229900449486,Hilir (Pengolahan Pangan)
2024-01-12,INDF.JK,5644.513671875,5640.086694335938,5660.008505859375,62.49993106604975,Hilir (Pengolahan Pangan)
2024-01-15,INDF.JK,5710.919921875,5642.300244140625,5656.46685546875,68.42100374768383,Hilir (Pengolahan Pangan)
2024-01-16,INDF.JK,5710.919921875,5644.5137939453125,5656.024150390625,68.42100374768383,Hilir (Pengolahan Pangan)
2024-01-17,INDF.JK,5666.64892578125,5647.8341064453125,5656.46685546875,55.55551470588235,Hilir (Pengolahan Pangan)
2024-01-18,INDF.JK,5644.513671875,5652.261157226562,5656.909560546875,39.99999999999999,Hilir (Pengolahan Pangan)
2024-01-19,INDF.JK,5710.919921875,5657.79501953125,5658.237685546875,50.0,Hilir (Pengolahan Pangan)
2024-01-22,INDF.JK,5688.78466796875,5664.435620117188,5659.565810546875,47.36843938407097,Hilir (Pengolahan Pangan)
2024-01-23,INDF.JK,5666.64892578125,5669.96943359375,5660.893935546875,50.0,Hilir (Pengolahan Pangan)
2024-01-24,INDF.JK,5710.919921875,5677.716796875,5663.10748046875,50.0,Hilir (Pengolahan Pangan)
2024-01-25,INDF.JK,5666.64892578125,5679.930322265625,5662.222060546875,44.99998345588843,Hilir (Pengolahan Pangan)
2024-01-26,INDF.JK,5688.78466796875,5678.823559570313,5663.10748046875,52.63161561020465,Hilir (Pengolahan Pangan)
2024-01-29,INDF.JK,5688.78466796875,5677.716796875,5663.10748046875,55.555569172096604,Hilir (Pengolahan Pangan)
2024-01-30,INDF.JK,5666.64892578125,5675.503247070313,5662.222060546875,55.55550108945811,Hilir (Pengolahan Pangan)
2024-01-31,INDF.JK,5644.513671875,5674.396484375,5661.336640625,52.631554505505996,Hilir (Pengolahan Pangan)
2024-02-01,INDF.JK,5622.37841796875,5669.969409179687,5660.45123046875,47.36844549449401,Hilir (Pengolahan Pangan)
2024-02-02,INDF.JK,5666.64892578125,5667.755859375,5660.008515625,44.444430827903396,Hilir (Pengolahan Pangan)
2024-02-05,INDF.JK,5578.107421875,5663.328784179687,5659.123095703125,36.36364547884661,Hilir (Pengolahan Pangan)
2024-02-06,INDF.JK,5622.37841796875,5662.222021484375,5659.123095703125,45.45458191538642,Hilir (Pengolahan Pangan)
2024-02-07,INDF.JK,5622.37841796875,5662.222021484375,5657.794970703125,47.61906762702981,Hilir (Pengolahan Pangan)
2024-02-12,INDF.JK,5666.64892578125,5664.435546875,5657.794970703125,44.99998345588843,Hilir (Pengolahan Pangan)
2024-02-13,INDF.JK,5622.37841796875,5663.328784179687,5657.352265625,42.857142857142854,Hilir (Pengolahan Pangan)
2024-02-15,INDF.JK,5666.64892578125,5661.115234375,5656.90955078125,50.0,Hilir (Pengolahan Pangan)
2024-02-16,INDF.JK,5688.78466796875,5660.008471679687,5656.90955078125,47.61906262506579,Hilir (Pengolahan Pangan)
2024-02-19,INDF.JK,5733.05517578125,5663.328784179687,5659.56580078125,57.14287214889107,Hilir (Pengolahan Pangan)
2024-02-20,INDF.JK,5799.4609375,5671.076147460937,5663.107451171875,60.869523518145364,Hilir (Pengolahan Pangan)
2024-02-21,INDF.JK,5843.73193359375,5677.716748046875,5665.320986328125,63.99998235288927,Hilir (Pengolahan Pangan)
2024-02-22,INDF.JK,5954.40869140625,5690.99794921875,5669.305341796875,72.41382195575744,Hilir (Pengolahan Pangan)
2024-02-23,INDF.JK,5954.40869140625,5705.3859375,5674.1751171875,75.00001969544539,Hilir (Pengolahan Pangan)
2024-02-26,INDF.JK,5865.8671875,5713.13330078125,5678.159482421875,67.74193089305066,Hilir (Pengolahan Pangan)
2024-02-27,INDF.JK,5821.5966796875,5720.880688476563,5681.701142578125,61.29034553474666,Hilir (Pengolahan Pangan)
2024-02-28,INDF.JK,5865.8671875,5729.734814453125,5685.24279296875,72.41382195575744,Hilir (Pengolahan Pangan)
2024-02-29,INDF.JK,5865.8671875,5738.588940429688,5689.227158203125,70.37038549994077,Hilir (Pengolahan Pangan)
2024-03-01,INDF.JK,5910.13818359375,5750.763403320312,5694.096943359375,72.41382195575744,Hilir (Pengolahan Pangan)
2024-03-04,INDF.JK,5799.4609375,5758.510766601563,5698.08130859375,59.374989229062855,Hilir (Pengolahan Pangan)
2024-03-05,INDF.JK,5755.19091796875,5765.151391601563,5702.065673828125,59.375030158644805,Hilir (Pengolahan Pangan)
2024-03-06,INDF.JK,5755.19091796875,5769.5784912109375,5705.164638671875,56.66671078444348,Hilir (Pengolahan Pangan)
2024-03-07,INDF.JK,5622.37841796875,5771.792041015625,5706.49275390625,45.71427310920662,Hilir (Pengolahan Pangan)
2024-03-08,INDF.JK,5622.37841796875,5771.792041015625,5707.820869140625,42.42424444985147,Hilir (Pengolahan Pangan)
2024-03-13,INDF.JK,5578.107421875,5769.5784912109375,5708.263564453125,34.37501723348757,Hilir (Pengolahan Pangan)
2024-03-14,INDF.JK,5688.78466796875,5770.685278320312,5709.591689453125,40.0000252101264,Hilir (Pengolahan Pangan)
2024-03-15,INDF.JK,5688.78466796875,5774.005590820312,5709.148984375,30.000044117711923,Hilir (Pengolahan Pangan)
2024-03-18,INDF.JK,5710.919921875,5776.219140625,5709.148984375,32.258094356418525,Hilir (Pengolahan Pangan)
2024-03-19,INDF.JK,5688.78466796875,5776.219140625,5708.706279296875,35.714325105114426,Hilir (Pengolahan Pangan)
2024-03-20,INDF.JK,5733.05517578125,5776.219140625,5710.034404296875,42.857142857142854,Hilir (Pengolahan Pangan)
2024-03-21,INDF.JK,5710.919921875,5771.79208984375,5710.034404296875,37.03707032201034,Hilir (Pengolahan Pangan)
2024-03-22,INDF.JK,5688.78466796875,5764.0447265625,5709.59169921875,35.714325105114426,Hilir (Pengolahan Pangan)
2024-03-25,INDF.JK,5710.919921875,5751.870288085937,5710.477119140625,33.33333333333333,Hilir (Pengolahan Pangan)
2024-03-26,INDF.JK,5644.513671875,5736.375537109375,5710.477119140625,36.000017647110724,Hilir (Pengolahan Pangan)
2024-03-27,INDF.JK,5600.24267578125,5723.094311523438,5710.034404296875,35.99995411759308,Hilir (Pengolahan Pangan)
2024-03-28,INDF.JK,5644.513671875,5714.240161132812,5710.477109375,40.74071955941141,Hilir (Pengolahan Pangan)
2024-04-01,INDF.JK,5688.78466796875,5705.38603515625,5711.362529296875,56.521743300347374,Hilir (Pengolahan Pangan)
2024-04-02,INDF.JK,5843.73193359375,5704.279272460937,5714.01876953125,66.6666421568267,Hilir (Pengolahan Pangan)
2024-04-03,INDF.JK,5799.4609375,5698.74541015625,5715.78958984375,66.6666421568267,Hilir (Pengolahan Pangan)
2024-04-04,INDF.JK,5755.19091796875,5696.531909179687,5717.5604296875,55.555573711025204,Hilir (Pengolahan Pangan)
2024-04-05,INDF.JK,5755.19091796875,5696.531909179687,5719.773974609375,55.555573711025204,Hilir (Pengolahan Pangan)
2024-04-16,INDF.JK,5445.2958984375,5681.037158203125,5714.461494140625,35.00001102944421,Hilir (Pengolahan Pangan)
2024-04-17,INDF.JK,5356.75390625,5667.755932617188,5707.82087890625,32.558126411703725,Hilir (Pengolahan Pangan)
2024-04-18,INDF.JK,5423.16015625,5657.79501953125,5702.951103515625,34.09092162435459,Hilir (Pengolahan Pangan)
2024-04-19,INDF.JK,5401.02490234375,5648.940893554687,5696.753203125,34.09092162435459,Hilir (Pengolahan Pangan)
2024-04-22,INDF.JK,5445.2958984375,5636.766455078125,5692.326142578125,37.77780065362841,Hilir (Pengolahan Pangan)
2024-04-23,INDF.JK,5334.619140625,5619.058178710938,5685.24283203125,32.65309521772991,Hilir (Pengolahan Pangan)
2024-04-24,INDF.JK,5356.75390625,5601.349877929688,5678.602216796875,36.17021376454829,Hilir (Pengolahan Pangan)
2024-04-25,INDF.JK,5489.56640625,5591.38896484375,5675.06056640625,45.098064658444336,Hilir (Pengolahan Pangan)
2024-04-26,INDF.JK,5356.75390625,5572.573901367187,5669.30537109375,38.18181964025592,Hilir (Pengolahan Pangan)
2024-04-29,INDF.JK,5467.43115234375,5560.399462890625,5666.20642578125,41.3793182136272,Hilir (Pengolahan Pangan)
2024-04-30,INDF.JK,5533.83740234375,5552.652099609375,5663.5501953125,37.03707032201034,Hilir (Pengolahan Pangan)
2024-05-02,INDF.JK,5511.70166015625,5542.691186523438,5662.222080078125,37.73587889770642,Hilir (Pengolahan Pangan)
2024-05-03,INDF.JK,5511.70166015625,5536.0505859375,5660.008544921875,39.21569136305481,Hilir (Pengolahan Pangan)
2024-05-06,INDF.JK,5511.70166015625,5531.62353515625,5657.795009765625,39.21569136305481,Hilir (Pengolahan Pangan)
2024-05-07,INDF.JK,5445.2958984375,5521.662646484375,5653.36794921875,50.0,Hilir (Pengolahan Pangan)
2024-05-08,INDF.JK,5489.56640625,5511.701733398438,5650.711708984375,57.89474906307905,Hilir (Pengolahan Pangan)
2024-05-13,INDF.JK,5401.02490234375,5489.566381835937,5645.399228515625,48.7179559693823,Hilir (Pengolahan Pangan)
2024-05-14,INDF.JK,5467.43115234375,5472.964892578125,5640.972158203125,53.65854183434984,Hilir (Pengolahan Pangan)
2024-05-15,INDF.JK,5401.02490234375,5455.256591796875,5634.331552734375,47.61903511402592,Hilir (Pengolahan Pangan)
2024-05-16,INDF.JK,5445.2958984375,5439.7618408203125,5627.248251953125,56.41024480796924,Hilir (Pengolahan Pangan)
2024-05-17,INDF.JK,5445.2958984375,5439.7618408203125,5619.27953125,55.263179281416136,Hilir (Pengolahan Pangan)
2024-05-20,INDF.JK,5511.70166015625,5447.509228515625,5610.425390625,51.42856242496053,Hilir (Pengolahan Pangan)
2024-05-21,INDF.JK,5445.2958984375,5448.616015625,5600.243134765625,56.25003446697512,Hilir (Pengolahan Pangan)
2024-05-22,INDF.JK,5445.2958984375,5450.829565429687,5591.831708984375,48.14815722587556,Hilir (Pengolahan Pangan)
2024-05-27,INDF.JK,5423.16015625,5449.7227783203125,5583.862978515625,39.99996470580969,Hilir (Pengolahan Pangan)
2024-05-28,INDF.JK,5423.16015625,5454.149829101562,5575.008837890625,41.66665900733182,Hilir (Pengolahan Pangan)
2024-05-29,INDF.JK,5423.16015625,5457.470141601562,5566.154697265625,41.66665900733182,Hilir (Pengolahan Pangan)
2024-05-30,INDF.JK,5356.75390625,5450.829516601562,5555.08701171875,37.03701888158222,Hilir (Pengolahan Pangan)
2024-05-31,INDF.JK,5201.80712890625,5443.082177734375,5543.133935546875,32.258069106949335,Hilir (Pengolahan Pangan)
2024-06-03,INDF.JK,5356.75390625,5437.548315429687,5535.1651953125,41.66663602929913,Hilir (Pengolahan Pangan)
2024-06-04,INDF.JK,5401.02490234375,5430.907690429687,5528.081875,50.0,Hilir (Pengolahan Pangan)
2024-06-05,INDF.JK,5423.16015625,5426.480615234375,5524.097509765625,46.8749763039056,Hilir (Pengolahan Pangan)
2024-06-06,INDF.JK,5489.56640625,5425.373852539063,5521.44126953125,56.2500129251424,Hilir (Pengolahan Pangan)
2024-06-07,INDF.JK,5489.56640625,5424.26708984375,5519.67044921875,53.33332352936851,Hilir (Pengolahan Pangan)
2024-06-10,INDF.JK,5467.43115234375,5425.373852539063,5515.24337890625,51.61289863497962,Hilir (Pengolahan Pangan)
2024-06-11,INDF.JK,5423.16015625,5422.053540039063,5509.930888671875,43.33332107838631,Hilir (Pengolahan Pangan)
2024-06-12,INDF.JK,5489.56640625,5426.480615234375,5505.503818359375,53.333318627407735,Hilir (Pengolahan Pangan)
2024-06-13,INDF.JK,5423.16015625,5424.267065429687,5500.191328125,48.48482215193089,Hilir (Pengolahan Pangan)
2024-06-14,INDF.JK,5378.88916015625,5423.1602783203125,5493.1080078125,47.05880444733084,Hilir (Pengolahan Pangan)
2024-06-19,INDF.JK,5246.0771484375,5413.1993408203125,5483.81115234375,39.99998897055579,Hilir (Pengolahan Pangan)
2024-06-20,INDF.JK,5246.0771484375,5403.2384033203125,5474.957001953125,39.99998897055579,Hilir (Pengolahan Pangan)
2024-06-21,INDF.JK,5290.34814453125,5392.170727539063,5466.54556640625,46.153863557306444,Hilir (Pengolahan Pangan)
2024-06-24,INDF.JK,5246.0771484375,5382.209790039063,5458.5768359375,52.94112685724221,Hilir (Pengolahan Pangan)
2024-06-25,INDF.JK,5268.212890625,5373.355639648437,5451.936240234375,42.85719912962231,Hilir (Pengolahan Pangan)
2024-06-26,INDF.JK,5223.9423828125,5363.394750976562,5443.524814453125,35.71434761406188,Hilir (Pengolahan Pangan)
2024-06-27,INDF.JK,5334.619140625,5358.967700195312,5436.44150390625,43.75004308365951,Hilir (Pengolahan Pangan)
2024-06-28,INDF.JK,5378.88916015625,5356.754150390625,5427.1446484375,41.935458621492025,Hilir (Pengolahan Pangan)
2024-07-01,INDF.JK,5401.02490234375,5358.967700195312,5419.175927734375,43.75000430836892,Hilir (Pengolahan Pangan)
2024-07-02,INDF.JK,5401.02490234375,5368.9285888671875,5412.092607421875,45.16128573177015,Hilir (Pengolahan Pangan)
2024-07-03,INDF.JK,5401.02490234375,5371.142138671875,5405.009287109375,48.27587256069037,Hilir (Pengolahan Pangan)
2024-07-04,INDF.JK,5378.88916015625,5370.0353515625,5403.68115234375,40.74071955941141,Hilir (Pengolahan Pangan)
2024-07-05,INDF.JK,5423.16015625,5370.0353515625,5405.00927734375,50.0,Hilir (Pengolahan Pangan)
2024-07-08,INDF.JK,5489.56640625,5370.0353515625,5406.33740234375,59.25928044058859,Hilir (Pengolahan Pangan)
2024-07-09,INDF.JK,5505.2958984375,5370.821826171875,5408.422822265625,76.9697443848594,Hilir (Pengolahan Pangan)
2024-07-10,INDF.JK,5551.55859375,5375.0281982421875,5410.548076171875,78.99208497071254,Hilir (Pengolahan Pangan)
2024-07-11,INDF.JK,5482.16455078125,5377.97841796875,5413.498984375,67.37596557715241,Hilir (Pengolahan Pangan)
2024-07-12,INDF.JK,5505.2958984375,5378.764892578125,5416.46982421875,74.41685263237294,Hilir (Pengolahan Pangan)
2024-07-15,INDF.JK,5528.42724609375,5384.028247070312,5417.247041015625,74.46474658841655,Hilir (Pengolahan Pangan)
2024-07-16,INDF.JK,5505.2958984375,5390.348583984375,5420.217880859375,77.54717630590594,Hilir (Pengolahan Pangan)
2024-07-17,INDF.JK,5597.82177734375,5407.935815429688,5422.825693359375,76.71972883668042,Hilir (Pengolahan Pangan)
2024-07-18,INDF.JK,5620.953125,5426.679614257812,5424.5680078125,75.67575686322444,Hilir (Pengolahan Pangan)
2024-07-19,INDF.JK,5620.953125,5443.20986328125,5426.753037109375,74.47723802122675,Hilir (Pengolahan Pangan)
2024-07-22,INDF.JK,5574.6904296875,5459.64052734375,5428.0128125,67.5238049252521,Hilir (Pengolahan Pangan)
2024-07-23,INDF.JK,5644.0849609375,5478.434130859375,5430.660478515625,71.51325359939356,Hilir (Pengolahan Pangan)
2024-07-24,INDF.JK,5551.55859375,5494.81494140625,5432.785732421875,63.58963362285959,Hilir (Pengolahan Pangan)
2024-07-25,INDF.JK,5644.0849609375,5510.288232421875,5435.876103515625,66.16001794390814,Hilir (Pengolahan Pangan)
2024-07-26,INDF.JK,5667.21630859375,5524.70458984375,5441.199931640625,63.87285507183379,Hilir (Pengolahan Pangan)
2024-07-29,INDF.JK,5620.953125,5535.701000976563,5444.27037109375,58.62068212522128,Hilir (Pengolahan Pangan)
2024-07-30,INDF.JK,5597.82177734375,5545.540844726563,5448.20630859375,53.57144741871354,Hilir (Pengolahan Pangan)
2024-07-31,INDF.JK,5667.21630859375,5558.850415039063,5452.644716796875,64.28570351584528,Hilir (Pengolahan Pangan)
2024-08-01,INDF.JK,5690.34765625,5574.42333984375,5457.545751953125,64.28570351584528,Hilir (Pengolahan Pangan)
2024-08-02,INDF.JK,5644.0849609375,5585.469580078125,5460.19341796875,58.620712245009365,Hilir (Pengolahan Pangan)
2024-08-05,INDF.JK,5597.82177734375,5590.882348632813,5463.243935546875,56.66665963035437,Hilir (Pengolahan Pangan)
2024-08-06,INDF.JK,5644.0849609375,5597.821801757813,5467.219716796875,53.57144203375468,Hilir (Pengolahan Pangan)
2024-08-07,INDF.JK,5667.21630859375,5603.6046875,5472.10083984375,53.57144203375468,Hilir (Pengolahan Pangan)
2024-08-08,INDF.JK,5759.7421875,5617.483569335937,5478.83248046875,59.37500412283815,Hilir (Pengolahan Pangan)
2024-08-09,INDF.JK,5806.0048828125,5632.519018554687,5486.489375,65.62496289445666,Hilir (Pengolahan Pangan)
2024-08-12,INDF.JK,5782.87353515625,5645.2413330078125,5495.011767578125,59.99997185475082,Hilir (Pengolahan Pangan)
2024-08-13,INDF.JK,5852.2685546875,5662.5899658203125,5508.02099609375,72.41382824316908,Hilir (Pengolahan Pangan)
2024-08-14,INDF.JK,6014.1884765625,5683.40830078125,5521.1696875,75.0,Hilir (Pengolahan Pangan)
2024-08-15,INDF.JK,5991.05712890625,5701.913500976562,5532.97033203125,71.87501649137435,Hilir (Pengolahan Pangan)
2024-08-16,INDF.JK,6037.3203125,5722.731860351562,5545.25353515625,78.12504947412305,Hilir (Pengolahan Pangan)
2024-08-19,INDF.JK,5967.92578125,5742.393627929688,5554.82072265625,73.52943550314741,Hilir (Pengolahan Pangan)
2024-08-20,INDF.JK,6037.3203125,5762.055395507812,5565.77580078125,73.52943550314741,Hilir (Pengolahan Pangan)
2024-08-21,INDF.JK,6129.84619140625,5790.969775390625,5579.0241015625,75.67570034647204,Hilir (Pengolahan Pangan)
2024-08-22,INDF.JK,6152.9775390625,5816.414404296875,5593.62044921875,80.55555229800204,Hilir (Pengolahan Pangan)
2024-08-23,INDF.JK,6199.24072265625,5843.015625,5607.813935546875,86.11113391398573,Hilir (Pengolahan Pangan)
2024-08-26,INDF.JK,6338.02978515625,5878.869458007813,5626.111328125,87.50001978963877,Hilir (Pengolahan Pangan)
2024-08-27,INDF.JK,6291.7666015625,5913.56669921875,5644.368876953125,82.92683177976681,Hilir (Pengolahan Pangan)
2024-08-28,INDF.JK,6314.89794921875,5945.95078125,5665.74529296875,81.57894883025911,Hilir (Pengolahan Pangan)
2024-08-29,INDF.JK,6291.7666015625,5976.021728515625,5686.65908203125,78.37839996531288,Hilir (Pengolahan Pangan)
2024-08-30,INDF.JK,6338.02978515625,6010.718969726562,5707.61271484375,81.57895906311903,Hilir (Pengolahan Pangan)
2024-09-02,INDF.JK,6222.3720703125,6041.946484375,5727.13861328125,69.99997889106311,Hilir (Pengolahan Pangan)
2024-09-03,INDF.JK,6268.63525390625,6073.173999023437,5747.147060546875,65.71429260699357,Hilir (Pengolahan Pangan)
2024-09-04,INDF.JK,6199.24072265625,6099.775219726563,5766.65302734375,62.16215753639576,Hilir (Pengolahan Pangan)
2024-09-05,INDF.JK,6453.6875,6134.472485351563,5789.03439453125,69.56521140578953,Hilir (Pengolahan Pangan)
2024-09-06,INDF.JK,6499.9501953125,6169.169750976563,5811.455615234375,75.55553991931701,Hilir (Pengolahan Pangan)
2024-09-09,INDF.JK,6407.423828125,6200.397265625,5831.58359375,67.3912684347372,Hilir (Pengolahan Pangan)
2024-09-10,INDF.JK,6523.08154296875,6233.937915039062,5854.0247265625,68.08508058213881,Hilir (Pengolahan Pangan)
2024-09-11,INDF.JK,6476.81884765625,6257.06943359375,5875.54060546875,64.58333424951878,Hilir (Pengolahan Pangan)
2024-09-12,INDF.JK,6615.607421875,6288.296948242188,5900.274970703125,67.30767435261566,Hilir (Pengolahan Pangan)
2024-09-13,INDF.JK,6569.3447265625,6314.898168945312,5923.198662109375,60.4166639181079,Hilir (Pengolahan Pangan)
2024-09-17,INDF.JK,6569.3447265625,6344.9691162109375,5944.794228515625,63.04348624156331,Hilir (Pengolahan Pangan)
2024-09-18,INDF.JK,6546.212890625,6370.413745117187,5965.612568359375,60.869559231873744,Hilir (Pengolahan Pangan)
2024-09-19,INDF.JK,6546.212890625,6391.232080078125,5985.505654296875,62.22220658598368,Hilir (Pengolahan Pangan)
2024-09-20,INDF.JK,6615.607421875,6414.36357421875,6008.17451171875,63.0434573115581,Hilir (Pengolahan Pangan)
2024-09-23,INDF.JK,6569.3447265625,6432.8687744140625,6029.45548828125,67.4418718815229,Hilir (Pengolahan Pangan)
2024-09-24,INDF.JK,6638.7392578125,6447.904248046875,6051.661728515625,68.1818247238447,Hilir (Pengolahan Pangan)
2024-09-25,INDF.JK,6638.7392578125,6465.252880859375,6074.330595703125,73.17074300895071,Hilir (Pengolahan Pangan)
2024-09-26,INDF.JK,6685.001953125,6483.758081054688,6096.07419921875,65.62498350862565,Hilir (Pengolahan Pangan)
2024-09-27,INDF.JK,6638.7392578125,6501.106713867188,6116.429921875,59.37501649137435,Hilir (Pengolahan Pangan)
2024-09-30,INDF.JK,6523.08154296875,6510.359301757812,6134.472490234375,57.575782774702766,Hilir (Pengolahan Pangan)
2024-10-01,INDF.JK,6638.7392578125,6531.177661132812,6155.753466796875,57.575782774702766,Hilir (Pengolahan Pangan)
2024-10-02,INDF.JK,6546.212890625,6545.05654296875,6173.796025390625,54.28568843802867,Hilir (Pengolahan Pangan)
2024-10-03,INDF.JK,6569.3447265625,6563.561743164062,6194.151748046875,46.66669012102449,Hilir (Pengolahan Pangan)
2024-10-04,INDF.JK,6523.08154296875,6567.0314453125,6211.7316796875,46.66665728493014,Hilir (Pengolahan Pangan)
2024-10-07,INDF.JK,6407.423828125,6562.405126953125,6226.535830078125,39.99998793776853,Hilir (Pengolahan Pangan)
2024-10-08,INDF.JK,6476.81884765625,6565.8748779296875,6243.65314453125,45.94597832629228,Hilir (Pengolahan Pangan)
2024-10-09,INDF.JK,6407.423828125,6560.0919921875,6259.845185546875,42.50001055444616,Hilir (Pengolahan Pangan)
2024-10-10,INDF.JK,6499.9501953125,6561.248559570313,6276.49986328125,43.90246665053467,Hilir (Pengolahan Pangan)
2024-10-11,INDF.JK,6476.81884765625,6554.309130859375,6292.229287109375,45.000018470271044,Hilir (Pengolahan Pangan)
2024-10-14,INDF.JK,6523.08154296875,6551.9959716796875,6309.80921875,43.58974497757316,Hilir (Pengolahan Pangan)
2024-10-15,INDF.JK,6661.87060546875,6556.622265625,6331.0901953125,51.11110172938119,Hilir (Pengolahan Pangan)
2024-10-16,INDF.JK,6638.7392578125,6561.248583984375,6350.98328125,47.727292353305224,Hilir (Pengolahan Pangan)
2024-10-17,INDF.JK,6638.7392578125,6565.87490234375,6370.413740234375,50.0,Hilir (Pengolahan Pangan)
2024-10-18,INDF.JK,6870.05419921875,6578.597241210938,6392.61998046875,65.95742291886552,Hilir (Pengolahan Pangan)
2024-10-21,INDF.JK,6846.9228515625,6592.476147460938,6413.43833984375,60.465102579408715,Hilir (Pengolahan Pangan)
2024-10-22,INDF.JK,6870.05419921875,6604.04189453125,6435.181953125,67.49999340346767,Hilir (Pengolahan Pangan)
2024-10-23,INDF.JK,6939.4482421875,6619.07734375,6456.925546875,69.04758554139359,Hilir (Pengolahan Pangan)
2024-10-24,INDF.JK,6962.580078125,6632.95625,6475.89337890625,73.1707191499593,Hilir (Pengolahan Pangan)
2024-10-25,INDF.JK,6939.4482421875,6647.99169921875,6494.861201171875,81.08105024263841,Hilir (Pengolahan Pangan)
2024-10-28,INDF.JK,6962.580078125,6669.966625976563,6513.366396484375,79.99996381328378,Hilir (Pengolahan Pangan)
2024-10-29,INDF.JK,7008.8427734375,6688.4718017578125,6534.184736328125,88.23530507384403,Hilir (Pengolahan Pangan)
2024-10-30,INDF.JK,6916.31689453125,6706.977001953125,6551.76466796875,76.47059553942998,Hilir (Pengolahan Pangan)
2024-10-31,INDF.JK,7031.974609375,6730.10849609375,6569.807236328125,81.57894883025911,Hilir (Pengolahan Pangan)
2024-11-01,INDF.JK,6754.396484375,6741.674243164062,6581.835615234375,60.4166639181079,Hilir (Pengolahan Pangan)
2024-11-04,INDF.JK,6893.185546875,6765.962329101562,6595.71451171875,60.4166639181079,Hilir (Pengolahan Pangan)
2024-11-05,INDF.JK,7286.4208984375,6806.442431640625,6614.682333984375,71.87498763148555,Hilir (Pengolahan Pangan)
2024-11-06,INDF.JK,7217.02685546875,6846.922583007812,6633.1875390625,68.6567248821759,Hilir (Pengolahan Pangan)
2024-11-07,INDF.JK,7309.55224609375,6887.402685546875,6653.080625,65.5737653861726,Hilir (Pengolahan Pangan)
2024-11-08,INDF.JK,7124.50048828125,6919.786767578125,6669.735302734375,58.82352393366451,Hilir (Pengolahan Pangan)
2024-11-11,INDF.JK,7217.02685546875,6954.484033203125,6687.315244140625,60.563388656591464,Hilir (Pengolahan Pangan)
2024-11-12,INDF.JK,7263.28955078125,6984.55498046875,6708.13359375,60.00001206224965,Hilir (Pengolahan Pangan)
2024-11-13,INDF.JK,7147.6318359375,7009.999609375,6725.713525390625,55.405400008671776,Hilir (Pengolahan Pangan)
2024-11-14,INDF.JK,7124.50048828125,7034.287670898438,6744.218720703125,55.40541581339465,Hilir (Pengolahan Pangan)
2024-11-15,INDF.JK,7147.6318359375,7048.166552734375,6758.097607421875,55.40540309251824,Hilir (Pengolahan Pangan)
2024-11-18,INDF.JK,7147.6318359375,7063.202001953125,6771.051240234375,54.166671552996945,Hilir (Pengolahan Pangan)
2024-11-19,INDF.JK,7217.02685546875,7080.550634765625,6787.24330078125,59.15494674601249,Hilir (Pengolahan Pangan)
2024-11-20,INDF.JK,7217.02685546875,7094.4295654296875,6801.12220703125,56.060617206282664,Hilir (Pengolahan Pangan)
2024-11-21,INDF.JK,7055.10595703125,7099.055859375,6812.68794921875,60.655740541378535,Hilir (Pengolahan Pangan)
2024-11-22,INDF.JK,6916.31689453125,7097.8992919921875,6818.702138671875,50.819667025518626,Hilir (Pengolahan Pangan)
2024-11-25,INDF.JK,7031.974609375,7101.3690185546875,6827.954736328125,38.775518116635055,Hilir (Pengolahan Pangan)
2024-11-26,INDF.JK,7078.23779296875,7104.83876953125,6838.13259765625,43.75,Hilir (Pengolahan Pangan)
2024-11-28,INDF.JK,7078.23779296875,7112.934814453125,6848.773095703125,38.636402888466286,Hilir (Pengolahan Pangan)
2024-11-29,INDF.JK,6985.71142578125,7110.621655273438,6857.56306640625,42.50001055444616,Hilir (Pengolahan Pangan)
2024-12-02,INDF.JK,6985.71142578125,7122.18740234375,6864.965146484375,36.11110785356523,Hilir (Pengolahan Pangan)
2024-12-03,INDF.JK,7193.89501953125,7137.222875976562,6877.45615234375,46.511632473530426,Hilir (Pengolahan Pangan)
2024-12-04,INDF.JK,7263.28955078125,7136.06630859375,6889.947158203125,56.09756223134424,Hilir (Pengolahan Pangan)
2024-12-05,INDF.JK,7286.4208984375,7139.5360107421875,6902.900791015625,58.53656652983639,Hilir (Pengolahan Pangan)
2024-12-06,INDF.JK,7332.68408203125,7140.692602539062,6915.85443359375,59.523803540564,Hilir (Pengolahan Pangan)
2024-12-09,INDF.JK,7587.13037109375,7163.8240966796875,6934.822255859375,67.92450500619526,Hilir (Pengolahan Pangan)
2024-12-10,INDF.JK,7540.8671875,7180.01611328125,6955.17796875,63.46149552552046,Hilir (Pengolahan Pangan)
2024-12-11,INDF.JK,7587.13037109375,7196.208154296875,6974.145791015625,64.81477717204774,Hilir (Pengolahan Pangan)
2024-12-12,INDF.JK,7587.13037109375,7218.183081054687,6994.964140625,74.46805548319641,Hilir (Pengolahan Pangan)
2024-12-13,INDF.JK,7563.99853515625,7240.157983398438,7014.857216796875,83.33326632094978,Hilir (Pengolahan Pangan)
2024-12-16,INDF.JK,7517.73583984375,7258.66318359375,7034.750302734375,76.92303528814475,Hilir (Pengolahan Pangan)
2024-12-17,INDF.JK,7448.341796875,7273.698681640625,7055.568662109375,69.99999472276856,Hilir (Pengolahan Pangan)
2024-12-18,INDF.JK,7240.158203125,7274.855249023438,7070.83544921875,57.14285098865158,Hilir (Pengolahan Pangan)
2024-12-19,INDF.JK,7078.23779296875,7267.915795898438,7084.251728515625,53.846169459270314,Hilir (Pengolahan Pangan)
2024-12-20,INDF.JK,7055.10595703125,7267.915795898438,7095.35484375,52.830189430720104,Hilir (Pengolahan Pangan)
2024-12-23,INDF.JK,7147.6318359375,7279.48154296875,7108.771103515625,47.91665842099037,Hilir (Pengolahan Pangan)
2024-12-24,INDF.JK,7055.10595703125,7280.638110351562,7119.411591796875,40.81632125557664,Hilir (Pengolahan Pangan)
2024-12-27,INDF.JK,7124.50048828125,7282.951245117188,7128.664189453125,43.13725895980984,Hilir (Pengolahan Pangan)
2024-12-30,INDF.JK,7124.50048828125,7285.264379882812,7138.3794140625,40.81632125557664,Hilir (Pengolahan Pangan)
2025-01-02,INDF.JK,6916.31689453125,7281.794653320312,7143.930966796875,19.148941903737907,Hilir (Pengolahan Pangan)
2025-01-03,INDF.JK,6985.71142578125,7281.794653320312,7146.244111328125,25.00001099423507,Hilir (Pengolahan Pangan)
2025-01-06,INDF.JK,6823.79150390625,7263.289477539062,7145.781484375,18.867931291580632,Hilir (Pengolahan Pangan)
2025-01-07,INDF.JK,6893.185546875,7244.78427734375,7146.244111328125,23.214267540124908,Hilir (Pengolahan Pangan)
2025-01-08,INDF.JK,6916.31689453125,7226.279077148438,7145.781484375,24.999981152715023,Hilir (Pengolahan Pangan)
2025-01-09,INDF.JK,6939.4482421875,7206.61728515625,7145.31884765625,27.27269587097284,Hilir (Pengolahan Pangan)
2025-01-10,INDF.JK,7147.6318359375,7184.642358398438,7149.48251953125,39.34423846880547,Hilir (Pengolahan Pangan)
2025-01-13,INDF.JK,7147.6318359375,7164.9805908203125,7153.1835546875,46.153827418091176,Hilir (Pengolahan Pangan)
2025-01-14,INDF.JK,6962.580078125,7133.753076171875,7152.25830078125,45.28300534136164,Hilir (Pengolahan Pangan)
2025-01-15,INDF.JK,7124.50048828125,7110.62158203125,7156.42197265625,52.54237712619077,Hilir (Pengolahan Pangan)
2025-01-16,INDF.JK,7008.8427734375,7082.863793945313,7155.9593359375,44.99999296368275,Hilir (Pengolahan Pangan)
2025-01-17,INDF.JK,7031.974609375,7058.575732421875,7161.5108984375,49.12281221519126,Hilir (Pengolahan Pangan)
2025-01-20,INDF.JK,6823.79150390625,7027.348217773438,7160.123017578125,39.68254819206866,Hilir (Pengolahan Pangan)
2025-01-21,INDF.JK,6893.185546875,7009.999584960938,7152.258310546875,42.4242356399132,Hilir (Pengolahan Pangan)
2025-01-22,INDF.JK,7055.10595703125,7008.842993164062,7149.019892578125,54.68750824568717,Hilir (Pengolahan Pangan)
2025-01-23,INDF.JK,6939.4482421875,7003.060107421875,7141.6178125,48.48484073132937,Hilir (Pengolahan Pangan)
2025-01-24,INDF.JK,6985.71142578125,6994.964086914062,7138.84203125,55.73768846655616,Hilir (Pengolahan Pangan)
2025-01-30,INDF.JK,7055.10595703125,6994.964086914062,7135.60361328125,55.73770378344858,Hilir (Pengolahan Pangan)
2025-01-31,INDF.JK,7263.28955078125,7001.903540039062,7135.60361328125,60.86957186796943,Hilir (Pengolahan Pangan)
2025-02-03,INDF.JK,7055.10595703125,6998.433813476562,7133.753095703125,53.2467592992383,Hilir (Pengolahan Pangan)
2025-02-04,INDF.JK,7124.50048828125,7008.842993164062,7133.753095703125,49.29577925408167,Hilir (Pengolahan Pangan)
2025-02-05,INDF.JK,6962.580078125,7007.68642578125,7130.052060546875,44.87180111704145,Hilir (Pengolahan Pangan)
2025-02-06,INDF.JK,6962.580078125,7014.6258544921875,7126.351025390625,50.0,Hilir (Pengolahan Pangan)
2025-02-07,INDF.JK,7078.23779296875,7023.878466796875,7123.575244140625,48.52942180788021,Hilir (Pengolahan Pangan)
2025-02-10,INDF.JK,7193.89501953125,7037.757373046875,7123.112607421875,55.88236115832166,Hilir (Pengolahan Pangan)
2025-02-11,INDF.JK,7124.50048828125,7047.009985351562,7124.500498046875,52.85713984158045,Hilir (Pengolahan Pangan)
2025-02-12,INDF.JK,7217.02685546875,7050.479736328125,7130.514697265625,63.07691508301004,Hilir (Pengolahan Pangan)
2025-02-13,INDF.JK,7217.02685546875,7053.949487304688,7134.2157421875,61.29032697376059,Hilir (Pengolahan Pangan)
2025-02-14,INDF.JK,7170.76318359375,7064.358642578125,7136.06625,54.385949319367384,Hilir (Pengolahan Pangan)
2025-02-17,INDF.JK,7240.158203125,7070.141528320312,7139.304658203125,61.8181825159967,Hilir (Pengolahan Pangan)
2025-02-18,INDF.JK,7263.28955078125,7082.8638671875,7144.856220703125,61.11110242431871,Hilir (Pengolahan Pangan)
2025-02-19,INDF.JK,7402.078125,7101.36904296875,7153.1835546875,63.15787134746346,Hilir (Pengolahan Pangan)
2025-02-20,INDF.JK,7378.94677734375,7129.126806640625,7156.88458984375,55.10202499123334,Hilir (Pengolahan Pangan)
2025-02-21,INDF.JK,7124.50048828125,7140.692553710937,7154.10880859375,52.94117647058823,Hilir (Pengolahan Pangan)
2025-02-24,INDF.JK,7309.55224609375,7153.414868164063,7154.571435546875,57.14284637299625,Hilir (Pengolahan Pangan)
2025-02-25,INDF.JK,7240.158203125,7168.450366210937,7152.72091796875,61.53846778370813,Hilir (Pengolahan Pangan)
2025-02-26,INDF.JK,7147.6318359375,7176.54638671875,7143.930947265625,57.14284637299625,Hilir (Pengolahan Pangan)
2025-02-27,INDF.JK,7031.974609375,7175.389819335937,7133.753095703125,48.214278310003564,Hilir (Pengolahan Pangan)
2025-02-28,INDF.JK,6592.47607421875,7141.849145507813,7113.860009765625,31.428574013338434,Hilir (Pengolahan Pangan)
2025-03-03,INDF.JK,6800.6591796875,7129.126806640625,7098.1305859375,40.78946308588754,Hilir (Pengolahan Pangan)
2025-03-04,INDF.JK,6777.52783203125,7111.778173828125,7082.401171875,36.9862791874503,Hilir (Pengolahan Pangan)
2025-03-05,INDF.JK,6870.05419921875,7107.151879882813,7069.4475390625,40.25973313916766,Hilir (Pengolahan Pangan)
2025-03-06,INDF.JK,6754.396484375,7096.742700195313,7055.5686328125,38.750002308790584,Hilir (Pengolahan Pangan)
2025-03-07,INDF.JK,6708.1337890625,7078.2375,7044.92814453125,35.44302613662356,Hilir (Pengolahan Pangan)
2025-03-10,INDF.JK,6985.71142578125,7067.8283203125,7043.0776171875,43.333323951577,Hilir (Pengolahan Pangan)
2025-03-11,INDF.JK,6731.26513671875,7048.166552734375,7036.60080078125,34.736841403580655,Hilir (Pengolahan Pangan)
2025-03-12,INDF.JK,6916.31689453125,7033.1310546875,7031.974501953125,40.19607315616441,Hilir (Pengolahan Pangan)
2025-03-13,INDF.JK,6754.396484375,7009.999536132813,7025.9603125,41.83672831987207,Hilir (Pengolahan Pangan)
2025-03-14,INDF.JK,6638.7392578125,6983.39833984375,7016.245087890625,34.736841403580655,Hilir (Pengolahan Pangan)
2025-03-17,INDF.JK,6731.26513671875,6957.953686523438,7008.380380859375,38.54165773384479,Hilir (Pengolahan Pangan)
2025-03-18,INDF.JK,6546.212890625,6922.099853515625,7000.97830078125,36.999992400779504,Hilir (Pengolahan Pangan)
2025-03-19,INDF.JK,6661.87060546875,6885.0894775390625,6994.501484375,41.999996200390555,Hilir (Pengolahan Pangan)
2025-03-20,INDF.JK,6499.9501953125,6841.1396484375,6988.024658203125,47.72727436277975,Hilir (Pengolahan Pangan)
2025-03-21,INDF.JK,6453.6875,6807.5989990234375,6979.234697265625,40.740757149156316,Hilir (Pengolahan Pangan)
2025-03-24,INDF.JK,6291.7666015625,6756.709716796875,6966.74369140625,37.931037829399514,Hilir (Pengolahan Pangan)
2025-03-25,INDF.JK,6291.7666015625,6709.29013671875,6953.79005859375,34.93974923085884,Hilir (Pengolahan Pangan)
2025-03-26,INDF.JK,6407.423828125,6672.279736328125,6938.9858984375,40.96384469715274,Hilir (Pengolahan Pangan)
2025-03-27,INDF.JK,6569.3447265625,6649.1482421875,6927.42015625,46.590906365064704,Hilir (Pengolahan Pangan)
2025-04-08,INDF.JK,6661.87060546875,6652.61796875,6921.405966796875,41.25000263861711,Hilir (Pengolahan Pangan)
2025-04-09,INDF.JK,6176.10888671875,6621.390454101563,6902.438134765625,36.66666041216832,Hilir (Pengolahan Pangan)
2025-04-10,INDF.JK,6546.212890625,6609.82470703125,6893.185537109375,41.83673535325686,Hilir (Pengolahan Pangan)
2025-04-11,INDF.JK,6384.29248046875,6585.53662109375,6880.23189453125,41.83673535325686,Hilir (Pengolahan Pangan)
2025-04-14,INDF.JK,6592.47607421875,6577.440600585937,6875.6055859375,49.01960419107387,Hilir (Pengolahan Pangan)
2025-04-15,INDF.JK,6754.396484375,6579.753735351563,6872.8298046875,50.47618722129935,Hilir (Pengolahan Pangan)
2025-04-16,INDF.JK,6846.9228515625,6572.814306640625,6868.666142578125,56.435651427694836,Hilir (Pengolahan Pangan)
2025-04-17,INDF.JK,6754.396484375,6573.970874023437,6864.965107421875,51.99999662257224,Hilir (Pengolahan Pangan)
2025-04-21,INDF.JK,6800.6591796875,6568.18798828125,6861.2640625,56.84209146341735,Hilir (Pengolahan Pangan)
2025-04-22,INDF.JK,6661.87060546875,6563.561694335937,6853.39935546875,54.54544485356908,Hilir (Pengolahan Pangan)
2025-04-23,INDF.JK,6800.6591796875,6571.657690429687,6844.146748046875,61.22448188336495,Hilir (Pengolahan Pangan)
2025-04-24,INDF.JK,6708.1337890625,6570.501123046875,6837.2073046875,58.823536715896026,Hilir (Pengolahan Pangan)
2025-04-25,INDF.JK,6916.31689453125,6589.006323242187,6833.0436328125,60.377364126630546,Hilir (Pengolahan Pangan)
2025-04-28,INDF.JK,6870.05419921875,6599.415502929687,6831.193115234375,56.43564770295991,Hilir (Pengolahan Pangan)
2025-04-29,INDF.JK,6939.4482421875,6621.390405273438,6830.730478515625,55.99999746692597,Hilir (Pengolahan Pangan)
2025-04-30,INDF.JK,7402.078125,6668.8099365234375,6837.20728515625,76.76769895135409,Hilir (Pengolahan Pangan)
2025-05-02,INDF.JK,7124.50048828125,6710.446630859375,6835.81939453125,63.157913448383816,Hilir (Pengolahan Pangan)
2025-05-05,INDF.JK,7031.974609375,6747.45703125,6833.968876953125,65.21741424886866,Hilir (Pengolahan Pangan)
2025-05-06,INDF.JK,6962.580078125,6775.21484375,6828.87994140625,59.302338995689595,Hilir (Pengolahan Pangan)
2025-05-07,INDF.JK,7170.76318359375,6805.2857666015625,6827.95466796875,60.22728117740045,Hilir (Pengolahan Pangan)
2025-05-08,INDF.JK,7193.89501953125,6831.886987304688,6828.4173046875,58.82353525507701,Hilir (Pengolahan Pangan)
2025-05-09,INDF.JK,7378.94677734375,6892.028881835938,6831.193076171875,65.16856224430573,Hilir (Pengolahan Pangan)
2025-05-14,INDF.JK,7286.4208984375,6929.039282226562,6831.655703125,61.538486519488444,Hilir (Pengolahan Pangan)
2025-05-15,INDF.JK,7494.6044921875,6984.5548828125,6833.50623046875,69.14896077663013,Hilir (Pengolahan Pangan)
2025-05-16,INDF.JK,7818.4453125,7045.853344726563,6842.296201171875,71.56865626174444,Hilir (Pengolahan Pangan)
2025-05-19,INDF.JK,7610.26220703125,7088.646630859375,6852.011435546875,68.22431676530334,Hilir (Pengolahan Pangan)
2025-05-20,INDF.JK,7286.4208984375,7110.621533203125,6851.54880859375,57.142862527792666,Hilir (Pengolahan Pangan)
2025-05-21,INDF.JK,7378.94677734375,7141.849047851562,6854.324580078125,59.64912118275274,Hilir (Pengolahan Pangan)
2025-05-22,INDF.JK,7309.55224609375,7167.293701171875,6857.56298828125,57.0175472706046,Hilir (Pengolahan Pangan)
2025-05-23,INDF.JK,7263.28955078125,7197.3646484375,6862.189287109375,46.87500755854159,Hilir (Pengolahan Pangan)
2025-05-26,INDF.JK,7263.28955078125,7220.496166992188,6875.605556640625,53.571432161384905,Hilir (Pengolahan Pangan)
2025-05-27,INDF.JK,7286.4208984375,7249.4105224609375,6885.320791015625,56.79012184812193,Hilir (Pengolahan Pangan)
2025-05-28,INDF.JK,7286.4208984375,7267.91572265625,6895.49865234375,58.97435966827564,Hilir (Pengolahan Pangan)
2025-06-02,INDF.JK,7101.369140625,7279.481469726563,6900.124951171875,48.051959800896064,Hilir (Pengolahan Pangan)
2025-06-03,INDF.JK,7240.158203125,7294.5169677734375,6909.840185546875,51.21951784594022,Hilir (Pengolahan Pangan)
2025-06-04,INDF.JK,7610.26220703125,7304.926171875,6927.88275390625,55.55556858576657,Hilir (Pengolahan Pangan)
2025-06-05,INDF.JK,7540.8671875,7325.7445068359375,6938.985869140625,56.179771283499164,Hilir (Pengolahan Pangan)
2025-06-10,INDF.JK,7587.13037109375,7353.502294921875,6956.103173828125,52.439021564836224,Hilir (Pengolahan Pangan)
2025-06-11,INDF.JK,7864.70849609375,7398.608715820313,6975.071005859375,51.25000494740577,Hilir (Pengolahan Pangan)
2025-06-12,INDF.JK,7610.26220703125,7420.583666992187,6992.1883203125,50.0,Hilir (Pengolahan Pangan)
2025-06-13,INDF.JK,7702.7880859375,7446.0283203125,7013.469296875,62.50000732949112,Hilir (Pengolahan Pangan)
2025-06-16,INDF.JK,7610.26220703125,7457.594091796875,7031.04923828125,56.94445828903878,Hilir (Pengolahan Pangan)
2025-06-17,INDF.JK,7587.13037109375,7472.629565429687,7051.867587890625,58.57143201778457,Hilir (Pengolahan Pangan)
2025-06-18,INDF.JK,7517.73583984375,7473.7861328125,7068.984892578125,57.7464704983431,Hilir (Pengolahan Pangan)
2025-06-19,INDF.JK,7448.341796875,7455.28095703125,7087.952724609375,55.40541272954181,Hilir (Pengolahan Pangan)
2025-06-20,INDF.JK,7448.341796875,7447.1849365234375,7107.845810546875,54.79453203525943,Hilir (Pengolahan Pangan)
2025-06-23,INDF.JK,7332.68408203125,7449.498095703125,7128.66416015625,51.282056139463975,Hilir (Pengolahan Pangan)
2025-06-24,INDF.JK,7332.68408203125,7447.1849609375,7149.482509765625,57.142852834913434,Hilir (Pengolahan Pangan)
2025-06-25,INDF.JK,7448.341796875,7454.124438476562,7170.300869140625,56.52173913043478,Hilir (Pengolahan Pangan)
2025-06-26,INDF.JK,7448.341796875,7463.37705078125,7187.880810546875,43.39623392983953,Hilir (Pengolahan Pangan)
2025-06-30,INDF.JK,7517.73583984375,7476.099365234375,7204.998115234375,49.056609785385845,Hilir (Pengolahan Pangan)
2025-07-01,INDF.JK,7587.13037109375,7491.134838867188,7233.218544921875,50.0,Hilir (Pengolahan Pangan)
2025-07-02,INDF.JK,7639.81884765625,7508.804736328125,7255.0906640625,39.02132167293419,Hilir (Pengolahan Pangan)
2025-07-03,INDF.JK,7759.5654296875,7541.71455078125,7282.596123046875,58.392430446188456,Hilir (Pengolahan Pangan)
2025-07-04,INDF.JK,7759.5654296875,7567.684912109375,7305.93791015625,53.5620067319109,Hilir (Pengolahan Pangan)
2025-07-07,INDF.JK,7759.5654296875,7575.150073242187,7326.0412890625,60.59700582159,Hilir (Pengolahan Pangan)
2025-07-08,INDF.JK,7687.7177734375,7582.492602539062,7342.8571875,56.677555894542834,Hilir (Pengolahan Pangan)
2025-07-09,INDF.JK,7831.4130859375,7594.70673828125,7364.39751953125,68.95385594017955,Hilir (Pengolahan Pangan)
2025-07-10,INDF.JK,7807.4638671875,7591.844506835938,7384.53361328125,72.96085164835165,Hilir (Pengolahan Pangan)
2025-07-11,INDF.JK,7903.26123046875,7606.494458007813,7409.36142578125,75.91163165058491,Hilir (Pengolahan Pangan)
2025-07-14,INDF.JK,7999.05810546875,7621.307958984375,7433.329404296875,88.83444367424384,Hilir (Pengolahan Pangan)
2025-07-15,INDF.JK,7975.10888671875,7639.55029296875,7458.66890625,86.42206751760358,Hilir (Pengolahan Pangan)
2025-07-16,INDF.JK,7927.21044921875,7656.554296875,7478.88677734375,79.40883833764644,Hilir (Pengolahan Pangan)
2025-07-17,INDF.JK,7879.31201171875,7674.63310546875,7499.07193359375,74.99664399308747,Hilir (Pengolahan Pangan)
2025-07-18,INDF.JK,7879.31201171875,7696.181616210937,7517.869208984375,72.80771135636195,Hilir (Pengolahan Pangan)
2025-07-21,INDF.JK,7951.15966796875,7721.322509765625,7528.85083984375,72.89160621863478,Hilir (Pengolahan Pangan)
2025-07-22,INDF.JK,7879.31201171875,7748.65390625,7543.9470703125,64.70592468131497,Hilir (Pengolahan Pangan)
2025-07-23,INDF.JK,7999.05810546875,7781.972607421875,7563.288740234375,64.70590351714077,Hilir (Pengolahan Pangan)
2025-07-24,INDF.JK,7999.05810546875,7809.5084228515625,7584.01830078125,64.70590351714077,Hilir (Pengolahan Pangan)
2025-07-25,INDF.JK,8046.95654296875,7839.43916015625,7601.54216796875,66.66668554461076,Hilir (Pengolahan Pangan)
2025-07-28,INDF.JK,8023.00732421875,7864.702734375,7618.1244140625,70.58825293095063,Hilir (Pengolahan Pangan)
2025-07-29,INDF.JK,7951.15966796875,7882.90419921875,7629.568671875,58.064543709293524,Hilir (Pengolahan Pangan)
2025-07-30,INDF.JK,8023.00732421875,7902.063623046875,7644.300400390625,63.636386102676106,Hilir (Pengolahan Pangan)
2025-07-31,INDF.JK,8166.703125,7922.4205078125,7657.742373046875,65.7143056863797,Hilir (Pengolahan Pangan)
2025-08-01,INDF.JK,8118.8046875,7940.382470703125,7663.749560546875,57.57578378645545,Hilir (Pengolahan Pangan)
2025-08-04,INDF.JK,8023.00732421875,7953.5545654296875,7672.004462890625,52.77777463145555,Hilir (Pengolahan Pangan)
2025-08-05,INDF.JK,7975.10888671875,7967.92412109375,7685.77822265625,52.77777463145555,Hilir (Pengolahan Pangan)
2025-08-06,INDF.JK,7855.3623046875,7969.12158203125,7695.306533203125,48.71792458994968,Hilir (Pengolahan Pangan)
2025-08-07,INDF.JK,7855.3623046875,7971.51650390625,7706.222734375,48.71792458994968,Hilir (Pengolahan Pangan)
2025-08-08,INDF.JK,7807.4638671875,7966.726635742188,7717.106220703125,42.10524903867151,Hilir (Pengolahan Pangan)
2025-08-11,INDF.JK,7735.6162109375,7953.554541015625,7726.55275390625,42.10524903867151,Hilir (Pengolahan Pangan)
2025-08-12,INDF.JK,7711.6669921875,7940.3824462890625,7735.05767578125,32.35294294015176,Hilir (Pengolahan Pangan)
2025-08-13,INDF.JK,7687.7177734375,7928.4078125,7743.08361328125,31.42857475724989,Hilir (Pengolahan Pangan)
2025-08-14,INDF.JK,7807.4638671875,7924.815405273437,7757.2055078125,36.842099615468605,Hilir (Pengolahan Pangan)
2025-08-15,INDF.JK,7711.6669921875,7916.433154296875,7766.63568359375,34.14634025055558,Hilir (Pengolahan Pangan)
2025-08-19,INDF.JK,7591.92041015625,7898.47119140625,7766.26884765625,32.55812520032545,Hilir (Pengolahan Pangan)
2025-08-20,INDF.JK,7639.81884765625,7886.496533203125,7768.247880859375,30.9523693944719,Hilir (Pengolahan Pangan)
2025-08-21,INDF.JK,7591.92041015625,7866.1396484375,7768.343681640625,18.42102298121017,Hilir (Pengolahan Pangan)
2025-08-22,INDF.JK,7520.07275390625,7842.190380859375,7761.450966796875,17.948689799385733,Hilir (Pengolahan Pangan)
2025-08-25,INDF.JK,7376.376953125,7808.661401367188,7756.77326171875,17.073145261667122,Hilir (Pengolahan Pangan)
2025-08-26,INDF.JK,7472.17431640625,7781.1197509765625,7752.160986328125,25.581394246178874,Hilir (Pengolahan Pangan)
2025-08-27,INDF.JK,7280.580078125,7747.590771484375,7745.56734375,23.91304540530767,Hilir (Pengolahan Pangan)
2025-08-28,INDF.JK,7280.580078125,7710.469409179687,7739.436337890625,23.91304540530767,Hilir (Pengolahan Pangan)
2025-08-29,INDF.JK,7136.88427734375,7658.978466796875,7731.819306640625,21.99999592237009,Hilir (Pengolahan Pangan)
2025-09-01,INDF.JK,7088.98583984375,7607.487524414062,7724.6321875,22.448974496922432,Hilir (Pengolahan Pangan)
2025-09-02,INDF.JK,7184.78271484375,7565.5762939453125,7719.361005859375,28.846136504161336,Hilir (Pengolahan Pangan)
2025-09-03,INDF.JK,7376.376953125,7535.639697265625,7720.23486328125,38.98303913349676,Hilir (Pengolahan Pangan)
2025-09-04,INDF.JK,7208.73193359375,7503.308178710938,7717.7558203125,29.50819452962716,Hilir (Pengolahan Pangan)
2025-09-08,INDF.JK,7112.93505859375,7466.18681640625,7711.047685546875,29.50819452962716,Hilir (Pengolahan Pangan)
2025-09-09,INDF.JK,7041.0869140625,7427.86796875,7702.902587890625,30.50846989068846,Hilir (Pengolahan Pangan)
2025-09-10,INDF.JK,7112.93505859375,7396.733911132813,7694.806572265625,31.666682524105568,Hilir (Pengolahan Pangan)
2025-09-11,INDF.JK,7160.83349609375,7369.192236328125,7686.280634765625,35.00000679604524,Hilir (Pengolahan Pangan)
2025-09-12,INDF.JK,7232.68115234375,7346.440405273437,7678.137880859375,39.99999320395475,Hilir (Pengolahan Pangan)
2025-09-15,INDF.JK,7328.478515625,7322.491137695312,7669.516142578125,48.27586691751102,Hilir (Pengolahan Pangan)
2025-09-16,INDF.JK,7328.478515625,7303.331713867187,7660.894404296875,44.44444024935447,Hilir (Pengolahan Pangan)
2025-09-17,INDF.JK,7448.224609375,7296.146923828125,7654.667587890625,56.86272863702471,Hilir (Pengolahan Pangan)
2025-09-18,INDF.JK,7328.478515625,7280.579907226563,7647.482802734375,51.78571038492093,Hilir (Pengolahan Pangan)
2025-09-19,INDF.JK,7496.12353515625,7275.790063476563,7640.77701171875,63.157902267090456,Hilir (Pengolahan Pangan)
2025-09-22,INDF.JK,7520.07275390625,7275.790063476563,7635.029189453125,66.07142987169303,Hilir (Pengolahan Pangan)
2025-09-23,INDF.JK,7448.224609375,7279.3824462890625,7625.92845703125,59.99999258613155,Hilir (Pengolahan Pangan)
2025-09-24,INDF.JK,7544.02197265625,7282.974829101562,7616.827734375,56.862745881896736,Hilir (Pengolahan Pangan)
2025-09-25,INDF.JK,7424.275390625,7290.159594726562,7605.811064453125,59.18366752532601,Hilir (Pengolahan Pangan)
2025-09-26,INDF.JK,7328.478515625,7292.554516601563,7593.83642578125,59.18366752532601,Hilir (Pengolahan Pangan)
2025-09-29,INDF.JK,7256.63037109375,7298.541821289063,7581.38279296875,59.18366752532601,Hilir (Pengolahan Pangan)
2025-09-30,INDF.JK,6921.3408203125,7290.1595703125,7562.223369140625,43.33333220065874,Hilir (Pengolahan Pangan)
2025-10-01,INDF.JK,6801.59423828125,7271.000146484375,7539.232060546875,38.09523655418456,Hilir (Pengolahan Pangan)
2025-10-02,INDF.JK,6729.74658203125,7238.668627929687,7516.240751953125,33.333344120708134,Hilir (Pengolahan Pangan)
2025-10-03,INDF.JK,6849.49267578125,7220.7066650390625,7493.249443359375,34.37498705830596,Hilir (Pengolahan Pangan)
2025-10-06,INDF.JK,6801.59423828125,7205.139624023437,7469.300166015625,33.33332303628936,Hilir (Pengolahan Pangan)
2025-10-07,INDF.JK,6921.3408203125,7199.152319335937,7446.7878515625,33.33334363037413,Hilir (Pengolahan Pangan)
2025-10-08,INDF.JK,6945.2900390625,7190.770068359375,7425.233505859375,37.09677525432557,Hilir (Pengolahan Pangan)
2025-10-09,INDF.JK,6849.49267578125,7175.20302734375,7403.200166015625,27.118638210820222,Hilir (Pengolahan Pangan)
2025-10-10,INDF.JK,6897.3916015625,7158.438549804688,7380.6878515625,28.333348624429945,Hilir (Pengolahan Pangan)
2025-10-13,INDF.JK,6897.3916015625,7136.884204101562,7355.30162109375,29.824583366717405,Hilir (Pengolahan Pangan)
2025-10-14,INDF.JK,6753.69580078125,7108.145068359375,7327.999443359375,22.03390650485167,Hilir (Pengolahan Pangan)
2025-10-15,INDF.JK,6610.0,7066.233837890625,7299.739296875,21.666675728060326,Hilir (Pengolahan Pangan)
2025-10-16,INDF.JK,6777.64501953125,7038.692163085938,7275.79001953125,31.746036369190875,Hilir (Pengolahan Pangan)
2025-10-17,INDF.JK,6825.54345703125,7005.163159179688,7255.193642578125,35.48387627162788,Hilir (Pengolahan Pangan)
2025-10-20,INDF.JK,6945.2900390625,6976.4240234375,7236.992197265625,50.943393323157224,Hilir (Pengolahan Pangan)
2025-10-21,INDF.JK,6969.2392578125,6952.474755859375,7220.227705078125,57.14285714285714,Hilir (Pengolahan Pangan)
2025-10-22,INDF.JK,6873.4423828125,6918.945776367187,7202.984228515625,56.000003262101266,Hilir (Pengolahan Pangan)
2025-10-23,INDF.JK,7065.03662109375,6900.983837890625,7190.05162109375,58.490578376581816,Hilir (Pengolahan Pangan)
2025-10-24,INDF.JK,6993.1884765625,6884.2193359375,7176.16103515625,57.4074011147772,Hilir (Pengolahan Pangan)
2025-10-27,INDF.JK,7136.88427734375,6878.23203125,7162.749443359375,58.18180941998014,Hilir (Pengolahan Pangan)
2025-10-28,INDF.JK,7184.78271484375,6891.404125976563,7152.2117578125,58.928560376335646,Hilir (Pengolahan Pangan)
2025-10-29,INDF.JK,7112.93505859375,6906.971166992187,7142.63205078125,60.00000741386571,Hilir (Pengolahan Pangan)
2025-10-30,INDF.JK,7088.98583984375,6924.933129882813,7131.615390625,57.40740670822575,Hilir (Pengolahan Pangan)
2025-10-31,INDF.JK,7088.98583984375,6936.907788085938,7121.55669921875,57.40740670822575,Hilir (Pengolahan Pangan)
2025-11-03,INDF.JK,6897.3916015625,6941.69765625,7109.103076171875,55.35714740806679,Hilir (Pengolahan Pangan)
2025-11-04,INDF.JK,6777.64501953125,6934.512866210937,7097.1284375,56.36363838560049,Hilir (Pengolahan Pangan)
2025-11-05,INDF.JK,6825.54345703125,6928.525537109375,7084.1958203125,51.99999510684609,Hilir (Pengolahan Pangan)
2025-11-06,INDF.JK,6729.74658203125,6922.538232421875,7073.179150390625,46.153855201838695,Hilir (Pengolahan Pangan)
2025-11-07,INDF.JK,6825.54345703125,6918.945825195313,7064.07841796875,45.098029025530366,Hilir (Pengolahan Pangan)
2025-11-10,INDF.JK,6801.59423828125,6914.15595703125,7057.3726171875,43.137248631095616,Hilir (Pengolahan Pangan)
2025-11-11,INDF.JK,6753.69580078125,6914.15595703125,7050.66681640625,44.897948993844864,Hilir (Pengolahan Pangan)
2025-11-12,INDF.JK,6873.4423828125,6927.328076171875,7044.440009765625,41.30434493551805,Hilir (Pengolahan Pangan)
2025-11-13,INDF.JK,6849.49267578125,6930.920458984375,7033.90232421875,43.18181081007193,Hilir (Pengolahan Pangan)
2025-11-14,INDF.JK,6801.59423828125,6929.722998046875,7025.7595703125,32.49998470888781,Hilir (Pengolahan Pangan)
2025-11-17,INDF.JK,6801.59423828125,6922.5382080078125,7019.53275390625,28.947359949523246,Hilir (Pengolahan Pangan)
2025-11-18,INDF.JK,6705.79736328125,6909.36611328125,7012.826962890625,28.205121502909762,Hilir (Pengolahan Pangan)
2025-11-19,INDF.JK,6729.74658203125,6902.181323242187,7005.163193359375,30.76921870523755,Hilir (Pengolahan Pangan)
2025-11-20,INDF.JK,6777.64501953125,6887.811743164062,6997.499423828125,34.146323270537835,Hilir (Pengolahan Pangan)
2025-11-21,INDF.JK,6825.54345703125,6879.4294921875,6989.356669921875,45.71426407787577,Hilir (Pengolahan Pangan)
2025-11-24,INDF.JK,7136.88427734375,6879.4294921875,6985.52478515625,67.44187479967455,Hilir (Pengolahan Pangan)
2025-11-25,INDF.JK,6945.2900390625,6867.454858398438,6977.861015625,55.10205100615513,Hilir (Pengolahan Pangan)
2025-11-26,INDF.JK,7112.93505859375,6867.454858398438,6971.155224609375,65.3846184006129,Hilir (Pengolahan Pangan)
2025-11-27,INDF.JK,7065.03662109375,6866.257397460938,6965.88638671875,60.00001631051302,Hilir (Pengolahan Pangan)
2025-11-28,INDF.JK,7041.0869140625,6863.862451171875,6956.785654296875,59.999991844746816,Hilir (Pengolahan Pangan)
2025-12-01,INDF.JK,7041.0869140625,6871.047216796875,6947.2059375,62.499984071773014,Hilir (Pengolahan Pangan)
2025-12-02,INDF.JK,6897.3916015625,6877.0345458984375,6936.18927734375,51.02040561580921,Hilir (Pengolahan Pangan)
2025-12-03,INDF.JK,6753.69580078125,6873.442163085938,6920.38275390625,46.29630468647941,Hilir (Pengolahan Pangan)
2025-12-04,INDF.JK,6729.74658203125,6873.442163085938,6906.492177734375,47.16981785308995,Hilir (Pengolahan Pangan)
2025-12-05,INDF.JK,6801.59423828125,6872.244702148438,6895.9544921875,50.0,Hilir (Pengolahan Pangan)
2025-12-08,INDF.JK,6681.84814453125,6866.257397460938,6884.45884765625,49.12280890010595,Hilir (Pengolahan Pangan)
2025-12-09,INDF.JK,6562.1015625,6856.677685546875,6877.2740625,44.26229179444072,Hilir (Pengolahan Pangan)
2025-12-10,INDF.JK,6610.0,6843.50556640625,6873.442177734375,44.26229179444072,Hilir (Pengolahan Pangan)
2025-12-11,INDF.JK,6298.65966796875,6815.963916015625,6864.820439453125,34.72222851485955,Hilir (Pengolahan Pangan)
2025-12-12,INDF.JK,6490.25390625,6800.396899414062,6857.6356640625,29.850743543575703,Hilir (Pengolahan Pangan)
2025-12-15,INDF.JK,6490.25390625,6784.8298828125,6851.408857421875,33.89830391334968,Hilir (Pengolahan Pangan)
2025-12-16,INDF.JK,6490.25390625,6774.052709960937,6842.787119140625,24.99999019800424,Hilir (Pengolahan Pangan)
2025-12-17,INDF.JK,6490.25390625,6762.078076171875,6833.686396484375,25.999987767110255,Hilir (Pengolahan Pangan)
2025-12-18,INDF.JK,6586.05078125,6752.498364257813,6828.41755859375,32.075460810879434,Hilir (Pengolahan Pangan)
2025-12-19,INDF.JK,6466.3046875,6734.53642578125,6819.7958203125,29.31033876689581,Hilir (Pengolahan Pangan)
2025-12-22,INDF.JK,6562.1015625,6705.797290039062,6813.09001953125,37.49998179628441,Hilir (Pengolahan Pangan)
2025-12-23,INDF.JK,6514.203125,6684.242944335938,6808.300166015625,40.38460709061247,Hilir (Pengolahan Pangan)
2025-12-24,INDF.JK,6514.203125,6654.30634765625,6806.384228515625,41.17646118193001,Hilir (Pengolahan Pangan)
2025-12-29,INDF.JK,6490.25390625,6625.567211914063,6800.63640625,36.73468963178557,Hilir (Pengolahan Pangan)
2025-12-30,INDF.JK,6490.25390625,6598.025561523437,6793.930615234375,40.90908037801508,Hilir (Pengolahan Pangan)
2026-01-02,INDF.JK,6394.45654296875,6565.69404296875,6782.9139453125,41.86045298703171,Hilir (Pengolahan Pangan)
2026-01-05,INDF.JK,6562.1015625,6548.929541015625,6774.77119140625,47.91667020627717,Hilir (Pengolahan Pangan)
2026-01-06,INDF.JK,6705.79736328125,6546.534619140625,6771.418291015625,70.73171580708235,Hilir (Pengolahan Pangan)
2026-01-07,INDF.JK,6442.35498046875,6532.1650390625,6758.964658203125,47.72725482446039,Hilir (Pengolahan Pangan)
2026-01-08,INDF.JK,6346.55810546875,6509.413232421875,6746.03205078125,43.74999203587974,Hilir (Pengolahan Pangan)
2026-01-09,INDF.JK,6322.60888671875,6491.45126953125,6729.74654296875,42.85713691307617,Hilir (Pengolahan Pangan)
2026-01-12,INDF.JK,6322.60888671875,6479.476635742188,6712.50306640625,42.85713691307617,Hilir (Pengolahan Pangan)
2026-01-13,INDF.JK,6418.40576171875,6469.896923828125,6698.61248046875,42.85713691307617,Hilir (Pengolahan Pangan)
2026-01-14,INDF.JK,6442.35498046875,6477.081689453125,6685.67986328125,48.88886875244941,Hilir (Pengolahan Pangan)
2026-01-15,INDF.JK,6466.3046875,6475.884228515625,6673.226240234375,45.23810910757264,Hilir (Pengolahan Pangan)
2026-01-19,INDF.JK,6538.15234375,6478.279150390625,6666.041455078125,51.16278738970257,Hilir (Pengolahan Pangan)
2026-01-20,INDF.JK,6418.40576171875,6474.686743164062,6658.856669921875,45.83332448431834,Hilir (Pengolahan Pangan)
2026-01-21,INDF.JK,6418.40576171875,6471.0943359375,6650.713916015625,46.8084986398515,Hilir (Pengolahan Pangan)
2026-01-22,INDF.JK,6466.3046875,6465.10703125,6645.445078125,48.97959523333999,Hilir (Pengolahan Pangan)
2026-01-23,INDF.JK,6538.15234375,6468.6994140625,6639.697255859375,56.250002654704495,Hilir (Pengolahan Pangan)
2026-01-26,INDF.JK,6514.203125,6466.3044921875,6633.94943359375,47.61905455378631,Hilir (Pengolahan Pangan)
2026-01-27,INDF.JK,6418.40576171875,6461.514624023437,6627.2436328125,34.9999949029678,Hilir (Pengolahan Pangan)
2026-01-28,INDF.JK,6562.1015625,6463.9095458984375,6621.01681640625,57.142865464543576,Hilir (Pengolahan Pangan)
2026-01-29,INDF.JK,6490.25390625,6463.9095458984375,6613.832041015625,58.823532939122835,Hilir (Pengolahan Pangan)
2026-01-30,INDF.JK,6514.203125,6465.107006835938,6608.08421875,61.764700591315744,Hilir (Pengolahan Pangan)
2026-02-02,INDF.JK,6729.74658203125,6481.871508789062,6606.647265625,69.76743303920685,Hilir (Pengolahan Pangan)
2026-02-03,INDF.JK,6897.3916015625,6498.636010742188,6610.479150390625,71.7391294712605,Hilir (Pengolahan Pangan)
2026-02-04,INDF.JK,6753.69580078125,6501.030932617187,6610.958134765625,62.74509725535848,Hilir (Pengolahan Pangan)
2026-02-05,INDF.JK,6705.79736328125,6514.203051757812,6609.521181640625,59.61537782939287,Hilir (Pengolahan Pangan)
2026-02-06,INDF.JK,6562.1015625,6524.980224609375,6604.25234375,50.90908821313973,Hilir (Pengolahan Pangan)
2026-02-09,INDF.JK,6538.15234375,6535.757397460938,6592.277705078125,54.90196705517389,Hilir (Pengolahan Pangan)
2026-02-10,INDF.JK,6610.0,6550.126953125,6585.571904296875,57.40740670822575,Hilir (Pengolahan Pangan)
2026-02-11,INDF.JK,6418.40576171875,6550.126953125,6571.681318359375,48.33332030757552,Hilir (Pengolahan Pangan)
2026-02-12,INDF.JK,6490.25390625,6552.521899414062,6560.1856640625,48.33333786403016,Hilir (Pengolahan Pangan)
2026-02-13,INDF.JK,6394.45654296875,6548.9294921875,6547.253056640625,46.031741408586896,Hilir (Pengolahan Pangan)
2026-02-18,INDF.JK,6466.3046875,6545.337109375,6535.757412109375,51.612914894351675,Hilir (Pengolahan Pangan)
2026-02-19,INDF.JK,6442.35498046875,6546.5345703125,6526.6566796875,45.61403132259916,Hilir (Pengolahan Pangan)
2026-02-20,INDF.JK,6370.50732421875,6544.1396484375,6518.99291015625,45.61403132259916,Hilir (Pengolahan Pangan)
2026-02-23,INDF.JK,6370.50732421875,6539.349780273437,6511.808125,44.642856492725635,Hilir (Pengolahan Pangan)
2026-02-24,INDF.JK,6322.60888671875,6528.572607421875,6502.22841796875,32.65307735836497,Hilir (Pengolahan Pangan)
2026-02-25,INDF.JK,6298.65966796875,6517.795434570313,6494.5646484375,20.93025791924501,Hilir (Pengolahan Pangan)
2026-02-26,INDF.JK,6442.35498046875,6518.992895507812,6492.169716796875,34.88371651960344,Hilir (Pengolahan Pangan)
2026-02-27,INDF.JK,6178.9130859375,6499.833471679687,6483.547978515625,28.846153092154765,Hilir (Pengolahan Pangan)
2026-03-02,INDF.JK,6131.0146484375,6481.871508789062,6480.195078125,31.25000530941125,Hilir (Pengolahan Pangan)
2026-03-03,INDF.JK,6131.0146484375,6462.712084960937,6473.01029296875,31.91489730885253,Hilir (Pengolahan Pangan)
2026-03-04,INDF.JK,5867.57275390625,6419.6033935546875,6460.556669921875,21.818199341870894,Hilir (Pengolahan Pangan)
2026-03-05,INDF.JK,5963.36962890625,6372.902294921875,6450.018984375,31.372553722754844,Hilir (Pengolahan Pangan)
2026-03-06,INDF.JK,6011.26806640625,6335.780908203125,6440.439267578125,29.999979611850407,Hilir (Pengolahan Pangan)
2026-03-09,INDF.JK,5795.724609375,6290.277270507812,6424.632744140625,27.272713792956452,Hilir (Pengolahan Pangan)
2026-03-10,INDF.JK,5747.826171875,6249.563500976563,6410.263173828125,22.222188661464415,Hilir (Pengolahan Pangan)
2026-03-11,INDF.JK,5771.775390625,6211.244653320313,6394.456650390625,24.074046805948058,Hilir (Pengolahan Pangan)
2026-03-12,INDF.JK,5795.724609375,6170.5308837890625,6380.087080078125,26.923045255065773,Hilir (Pengolahan Pangan)
2026-03-13,INDF.JK,5652.029296875,6132.212060546875,6362.843603515625,24.137905579574138,Hilir (Pengolahan Pangan)
2026-03-16,INDF.JK,5723.876953125,6093.893212890625,6347.516064453125,28.81352945140273,Hilir (Pengolahan Pangan)
2026-03-17,INDF.JK,5723.876953125,6060.364233398437,6332.188525390625,29.31031391805432,Hilir (Pengolahan Pangan)
2026-03-25,INDF.JK,5771.775390625,6025.637768554688,6319.73490234375,24.074046805948058,Hilir (Pengolahan Pangan)
2026-03-26,INDF.JK,5819.673828125,5994.5037109375,6304.88634765625,33.33330312863305,Hilir (Pengolahan Pangan)
2026-03-27,INDF.JK,5723.876953125,5962.172192382813,6285.247939453125,31.91486592823884,Hilir (Pengolahan Pangan)
2026-03-30,INDF.JK,5699.927734375,5928.643212890625,6270.39939453125,31.249973452898658,Hilir (Pengolahan Pangan)
2026-03-31,INDF.JK,6083.1162109375,5916.6685791015625,6265.130556640625,58.49057547334208,Hilir (Pengolahan Pangan)
2026-04-01,INDF.JK,6298.65966796875,5916.6685791015625,6264.651572265625,62.06898369931257,Hilir (Pengolahan Pangan)
2026-04-02,INDF.JK,6346.55810546875,5911.878735351563,6265.130556640625,62.06898369931257,Hilir (Pengolahan Pangan)
2026-04-06,INDF.JK,6298.65966796875,5917.866064453125,6262.735634765625,70.58827056776246,Hilir (Pengolahan Pangan)
2026-04-07,INDF.JK,6298.65966796875,5926.248315429688,6259.861728515625,73.46942087207259,Hilir (Pengolahan Pangan)
2026-04-08,INDF.JK,6370.50732421875,5938.22294921875,6257.94578125,74.5098344920608,Hilir (Pengolahan Pangan)
2026-04-09,INDF.JK,6322.60888671875,5960.974755859375,6253.634912109375,71.1538800838581,Hilir (Pengolahan Pangan)
2026-04-10,INDF.JK,6418.40576171875,5983.7265625,6253.634912109375,82.00002201921951,Hilir (Pengolahan Pangan)
2026-04-13,INDF.JK,6466.3046875,6006.4783935546875,6254.592890625,81.63268363072304,Hilir (Pengolahan Pangan)
2026-04-14,INDF.JK,6538.15234375,6043.599780273437,6256.02984375,82.6923348363066,Hilir (Pengolahan Pangan)
2026-04-15,INDF.JK,6538.15234375,6083.1160888671875,6256.02984375,82.00002935894739,Hilir (Pengolahan Pangan)
2026-04-16,INDF.JK,6681.84814453125,6128.6197265625,6259.382744140625,83.3333647965319,Hilir (Pengolahan Pangan)
2026-04-17,INDF.JK,6681.84814453125,6172.9259033203125,6264.651591796875,90.0000203881496,Hilir (Pengolahan Pangan)
2026-04-20,INDF.JK,6633.94921875,6222.021899414062,6266.088544921875,88.23528235977955,Hilir (Pengolahan Pangan)
2026-04-21,INDF.JK,6705.79736328125,6271.117919921875,6270.3994140625,84.21051502042302,Hilir (Pengolahan Pangan)
2026-04-22,INDF.JK,6729.74658203125,6321.411401367188,6274.710283203125,79.99998640790952,Hilir (Pengolahan Pangan)
2026-04-23,INDF.JK,6681.84814453125,6366.9150390625,6273.752314453125,73.33333786403017,Hilir (Pengolahan Pangan)
2026-04-24,INDF.JK,6610.0,6406.43134765625,6268.004482421875,70.96770586908325,Hilir (Pengolahan Pangan)
2026-04-27,INDF.JK,6610.0,6450.7375,6265.13056640625,70.96770586908325,Hilir (Pengolahan Pangan)
2026-04-28,INDF.JK,6538.15234375,6492.64873046875,6261.777666015625,61.29031833753921,Hilir (Pengolahan Pangan)
2026-04-29,INDF.JK,6562.1015625,6516.597998046875,6261.777666015625,66.6666440131979,Hilir (Pengolahan Pangan)
2026-04-30,INDF.JK,6466.3046875,6524.980249023438,6260.340712890625,53.33335598680209,Hilir (Pengolahan Pangan)
2026-05-04,INDF.JK,6657.89892578125,6540.547290039062,6261.29869140625,61.11110796479423,Hilir (Pengolahan Pangan)
2026-05-05,INDF.JK,6657.89892578125,6558.509252929687,6266.0885546875,57.575765064509895,Hilir (Pengolahan Pangan)
2026-05-06,INDF.JK,6753.69580078125,6581.261059570313,6271.357392578125,62.162156205073785,Hilir (Pengolahan Pangan)
2026-05-07,INDF.JK,6825.54345703125,6604.012866210937,6279.979130859375,58.8235082476032,Hilir (Pengolahan Pangan)
2026-05-08,INDF.JK,6681.84814453125,6621.974829101562,6284.29,50.0,Hilir (Pengolahan Pangan)
2026-05-11,INDF.JK,6633.94921875,6632.752001953125,6288.121884765625,50.0,Hilir (Pengolahan Pangan)
2026-05-12,INDF.JK,6681.84814453125,6643.5291748046875,6294.348701171875,48.71795139883609,Hilir (Pengolahan Pangan)
2026-05-13,INDF.JK,6538.15234375,6643.5291748046875,6297.7016015625,40.9090888028777,Hilir (Pengolahan Pangan)
2026-05-14,INDF.JK,6538.15234375,6643.5291748046875,6302.012470703125,42.85713592240079,Hilir (Pengolahan Pangan)
2026-05-15,INDF.JK,6538.15234375,6636.344384765625,6306.80232421875,46.1538541965083,Hilir (Pengolahan Pangan)
2026-05-18,INDF.JK,6442.35498046875,6624.3697265625,6306.80232421875,41.860460705647846,Hilir (Pengolahan Pangan)
2026-05-19,INDF.JK,6370.50732421875,6611.1976318359375,6310.634208984375,41.860460705647846,Hilir (Pengolahan Pangan)
2026-05-20,INDF.JK,6322.60888671875,6592.0382080078125,6314.46609375,38.63636679568346,Hilir (Pengolahan Pangan)
2026-05-21,INDF.JK,6466.3046875,6578.86611328125,6321.17189453125,50.0,Hilir (Pengolahan Pangan)
2026-05-22,INDF.JK,6442.35498046875,6566.891455078125,6332.6675390625,38.46152237623099,Hilir (Pengolahan Pangan)
2026-05-25,INDF.JK,6657.89892578125,6569.286401367188,6346.558125,50.0,Hilir (Pengolahan Pangan)
2026-05-26,INDF.JK,6538.15234375,6565.694018554687,6357.095810546875,40.81634011702778,Hilir (Pengolahan Pangan)
2026-05-27,INDF.JK,6538.15234375,6565.694018554687,6371.944365234375,36.956551608289445,Hilir (Pengolahan Pangan)
2026-05-28,INDF.JK,6538.15234375,6564.496557617187,6387.750888671875,42.50000891979271,Hilir (Pengolahan Pangan)
2026-05-29,INDF.JK,6633.94921875,6572.8787841796875,6404.994365234375,50.0,Hilir (Pengolahan Pangan)
2026-06-02,INDF.JK,6298.65966796875,6554.916821289063,6415.05306640625,35.185192176999166,Hilir (Pengolahan Pangan)
2026-06-03,INDF.JK,5987.31884765625,6521.3878173828125,6421.758857421875,31.14754755865515,Hilir (Pengolahan Pangan)
2026-06-04,INDF.JK,5987.31884765625,6483.0689697265625,6427.0276953125,31.14754755865515,Hilir (Pengolahan Pangan)
2026-06-05,INDF.JK,5795.724609375,6431.57802734375,6428.4646484375,27.536239164003902,Hilir (Pengolahan Pangan)
2026-06-08,INDF.JK,5675.978515625,6381.2845458984375,6426.5487109375,27.142873370150426,Hilir (Pengolahan Pangan)
2026-06-09,INDF.JK,5939.42041015625,6346.55810546875,6428.943642578125,38.46154248286742,Hilir (Pengolahan Pangan)
2026-06-10,INDF.JK,5987.31884765625,6311.831640625,6434.21248046875,41.025638344755045,Hilir (Pengolahan Pangan)
2026-06-11,INDF.JK,5963.36962890625,6283.092504882812,6439.481318359375,35.61643261733724,Hilir (Pengolahan Pangan)
2026-06-12,INDF.JK,6154.9638671875,6263.933081054687,6440.918271484375,42.50000445990659,Hilir (Pengolahan Pangan)
2026-06-15,INDF.JK,6370.50732421875,6255.550830078125,6442.355224609375,42.49998980592521,Hilir (Pengolahan Pangan)
2026-06-17,INDF.JK,6466.3046875,6256.748315429688,6444.75015625,48.10126974295448,Hilir (Pengolahan Pangan)
2026-06-18,INDF.JK,6514.203125,6263.93310546875,6449.061025390625,49.38271729237312,Hilir (Pengolahan Pangan)
2026-06-19,INDF.JK,6442.35498046875,6269.92041015625,6451.934931640625,47.619040684303876,Hilir (Pengolahan Pangan)
2026-06-22,INDF.JK,6442.35498046875,6268.722924804688,6453.371884765625,44.99999872574097,Hilir (Pengolahan Pangan)
2026-06-23,INDF.JK,6466.3046875,6269.92041015625,6456.24580078125,55.22388150537471,Hilir (Pengolahan Pangan)
2026-06-24,INDF.JK,6466.3046875,6260.3406982421875,6457.203779296875,68.5185262095168,Hilir (Pengolahan Pangan)
2026-06-25,INDF.JK,6442.35498046875,6255.550830078125,6456.72478515625,67.27271311898365,Hilir (Pengolahan Pangan)
2026-06-26,INDF.JK,6442.35498046875,6250.760961914062,6454.808837890625,78.72338210434124,Hilir (Pengolahan Pangan)
2026-06-29,INDF.JK,6322.60888671875,6239.9837890625,6450.49796875,78.72338210434124,Hilir (Pengolahan Pangan)
2026-06-30,INDF.JK,6394.45654296875,6228.0091552734375,6444.75013671875,74.35895023101317,Hilir (Pengolahan Pangan)
2026-07-01,INDF.JK,6322.60888671875,6229.206616210938,6437.5653515625,67.49999745148389,Hilir (Pengolahan Pangan)
2026-07-02,INDF.JK,6490.25390625,6254.353369140625,6434.6914453125,73.91303577008397,Hilir (Pengolahan Pangan)
2026-07-03,INDF.JK,6633.94921875,6286.684887695313,6433.254482421875,72.7272558775748,Hilir (Pengolahan Pangan)
2026-07-06,INDF.JK,6610.0,6327.398657226562,6430.85955078125,63.88887787677979,Hilir (Pengolahan Pangan)
2026-07-07,INDF.JK,6675.0,6377.3497314453125,6430.722587890625,62.55118461701103,Hilir (Pengolahan Pangan)
2026-07-08,INDF.JK,6575.0,6409.1287109375,6430.022587890625,53.44076703195156,Hilir (Pengolahan Pangan)
2026-07-09,INDF.JK,6625.0,6441.012768554688,6430.322587890625,60.59880348109138,Hilir (Pengolahan Pangan)
2026-07-10,INDF.JK,6775.0,6481.594287109375,6435.059541015625,66.4410356310083,Hilir (Pengolahan Pangan)
2026-07-13,INDF.JK,6750.0,6511.34609375,6438.817509765625,64.00714571570467,Hilir (Pengolahan Pangan)
2026-07-14,INDF.JK,6775.0,6531.570727539062,6444.991416015625,64.87429240954842,Hilir (Pengolahan Pangan)
2026-07-15,INDF.JK,6750.0,6545.7554931640625,6446.8334375,64.80869600779572,Hilir (Pengolahan Pangan)
2026-07-16,INDF.JK,6750.0,6557.545336914062,6448.675458984375,64.80869600779572,Hilir (Pengolahan Pangan)
2026-07-17,INDF.JK,6700.0,6570.427587890625,6447.60154296875,69.47352985490917,Hilir (Pengolahan Pangan)
2026-07-20,INDF.JK,6800.0,6588.309838867188,6447.090673828125,70.33538885980715,Hilir (Pengolahan Pangan)
2023-01-02,^JKSE,6850.98388671875,,,,Benchmark (IHSG)
2023-01-03,^JKSE,6888.7578125,,,,Benchmark (IHSG)
2023-01-04,^JKSE,6813.23876953125,,,,Benchmark (IHSG)
2023-01-05,^JKSE,6653.8408203125,,,,Benchmark (IHSG)
2023-01-06,^JKSE,6684.55810546875,,,,Benchmark (IHSG)
2023-01-09,^JKSE,6688.26513671875,,,,Benchmark (IHSG)
2023-01-10,^JKSE,6622.4990234375,,,,Benchmark (IHSG)
2023-01-11,^JKSE,6584.453125,,,,Benchmark (IHSG)
2023-01-12,^JKSE,6629.93408203125,,,,Benchmark (IHSG)
2023-01-13,^JKSE,6641.830078125,,,,Benchmark (IHSG)
2023-01-16,^JKSE,6688.05712890625,,,,Benchmark (IHSG)
2023-01-17,^JKSE,6767.33984375,,,,Benchmark (IHSG)
2023-01-18,^JKSE,6765.7861328125,,,,Benchmark (IHSG)
2023-01-19,^JKSE,6819.9072265625,,,47.607606042312426,Benchmark (IHSG)
2023-01-20,^JKSE,6874.93115234375,,,51.69956239144688,Benchmark (IHSG)
2023-01-24,^JKSE,6860.85400390625,,,47.95070827096681,Benchmark (IHSG)
2023-01-25,^JKSE,6829.93017578125,,,51.31176226803174,Benchmark (IHSG)
2023-01-26,^JKSE,6864.81787109375,,,70.61488592849312,Benchmark (IHSG)
2023-01-27,^JKSE,6898.98095703125,,,70.81143842887474,Benchmark (IHSG)
2023-01-30,^JKSE,6872.48095703125,6765.072314453125,,67.1220455288095,Benchmark (IHSG)
2023-01-31,^JKSE,6839.341796875,6764.490209960937,,71.45588945791863,Benchmark (IHSG)
2023-02-01,^JKSE,6862.2578125,6763.165209960937,,78.33629175407455,Benchmark (IHSG)
2023-02-02,^JKSE,6890.57177734375,6767.0318603515625,,77.55007452857066,Benchmark (IHSG)
2023-02-03,^JKSE,6911.73193359375,6779.926416015625,,77.98130863830059,Benchmark (IHSG)
2023-02-06,^JKSE,6873.791015625,6789.3880615234375,,69.59204086699171,Benchmark (IHSG)
2023-02-07,^JKSE,6935.30078125,6801.73984375,,68.40746607303396,Benchmark (IHSG)
2023-02-08,^JKSE,6940.1240234375,6817.62109375,,68.97039071001089,Benchmark (IHSG)
2023-02-09,^JKSE,6897.365234375,6833.26669921875,,58.642210711429456,Benchmark (IHSG)
2023-02-10,^JKSE,6880.3291015625,6845.786450195313,,50.65804589832938,Benchmark (IHSG)
2023-02-13,^JKSE,6900.14013671875,6858.701953125,,54.723210407053884,Benchmark (IHSG)
2023-02-14,^JKSE,6941.85498046875,6871.391845703125,,63.11593788265452,Benchmark (IHSG)
2023-02-15,^JKSE,6914.5380859375,6878.7517578125,,55.93172749249993,Benchmark (IHSG)
2023-02-16,^JKSE,6895.6640625,6885.245654296875,,49.58930512579609,Benchmark (IHSG)
2023-02-17,^JKSE,6895.7138671875,6889.035986328125,,53.07830956610851,Benchmark (IHSG)
2023-02-20,^JKSE,6894.716796875,6890.0252685546875,,58.02018624755309,Benchmark (IHSG)
2023-02-21,^JKSE,6873.40478515625,6890.652807617187,,51.62199760988218,Benchmark (IHSG)
2023-02-22,^JKSE,6809.9677734375,6889.6546875,,39.35897419368978,Benchmark (IHSG)
2023-02-23,^JKSE,6839.4541015625,6888.386499023438,,40.6634162340816,Benchmark (IHSG)
2023-02-24,^JKSE,6856.576171875,6886.266259765625,,47.64984441618071,Benchmark (IHSG)
2023-02-27,^JKSE,6854.77685546875,6885.3810546875,,36.86561291894914,Benchmark (IHSG)
2023-02-28,^JKSE,6843.23876953125,6885.575903320312,,34.535642973269134,Benchmark (IHSG)
2023-03-01,^JKSE,6844.93603515625,6884.709814453125,,40.36907412157884,Benchmark (IHSG)
2023-03-02,^JKSE,6857.4150390625,6883.051977539062,,45.71915433959235,Benchmark (IHSG)
2023-03-03,^JKSE,6813.63623046875,6878.147192382812,,35.16749776457546,Benchmark (IHSG)
2023-03-06,^JKSE,6807.0009765625,6874.807690429688,,23.7150215376533,Benchmark (IHSG)
2023-03-07,^JKSE,6766.7578125,6866.380541992187,,22.577342379564783,Benchmark (IHSG)
2023-03-08,^JKSE,6776.3701171875,6858.192846679687,,27.075388842181113,Benchmark (IHSG)
2023-03-09,^JKSE,6799.794921875,6853.3143310546875,,33.086807086180286,Benchmark (IHSG)
2023-03-10,^JKSE,6765.3017578125,6847.562963867187,,29.59130557985388,Benchmark (IHSG)
2023-03-13,^JKSE,6786.955078125,6841.9037109375,6821.409482421875,36.38157945341405,Benchmark (IHSG)
2023-03-14,^JKSE,6641.81396484375,6826.90166015625,6817.226083984375,28.933585362720436,Benchmark (IHSG)
2023-03-15,^JKSE,6628.13720703125,6812.581616210938,6812.013671875,22.434129482399072,Benchmark (IHSG)
2023-03-16,^JKSE,6565.72802734375,6796.084814453125,6807.06345703125,16.068517263183068,Benchmark (IHSG)
2023-03-17,^JKSE,6678.23681640625,6785.210961914063,6807.551376953125,33.632210258694684,Benchmark (IHSG)
2023-03-20,^JKSE,6612.490234375,6771.099633789063,6806.11001953125,30.56034330272557,Benchmark (IHSG)
2023-03-21,^JKSE,6691.61083984375,6762.009936523437,6806.17693359375,38.573559914122484,Benchmark (IHSG)
2023-03-24,^JKSE,6762.25390625,6759.624243164062,6808.97203125,43.473951392004935,Benchmark (IHSG)
2023-03-27,^JKSE,6708.93310546875,6753.098193359375,6811.461630859375,42.912332287970216,Benchmark (IHSG)
2023-03-28,^JKSE,6760.328125,6748.285791015625,6814.06951171875,47.02109225993842,Benchmark (IHSG)
2023-03-29,^JKSE,6839.43603515625,6747.51875,6818.021630859375,54.419453970516194,Benchmark (IHSG)
2023-03-30,^JKSE,6808.951171875,6745.804370117187,6820.43951171875,51.93215815863816,Benchmark (IHSG)
2023-03-31,^JKSE,6805.27685546875,6743.8214111328125,6821.198251953125,50.33289390270733,Benchmark (IHSG)
2023-04-03,^JKSE,6827.1748046875,6742.309399414063,6822.426025390625,53.815648265138115,Benchmark (IHSG)
2023-04-04,^JKSE,6833.17822265625,6743.2864990234375,6822.6914453125,52.90663935196358,Benchmark (IHSG)
2023-04-05,^JKSE,6819.6748046875,6743.920190429688,6821.586318359375,63.40337627949866,Benchmark (IHSG)
2023-04-06,^JKSE,6792.76513671875,6745.220556640625,6820.224541015625,62.163566230426554,Benchmark (IHSG)
2023-04-10,^JKSE,6771.23486328125,6744.963793945312,6819.050634765625,66.16009350229686,Benchmark (IHSG)
2023-04-11,^JKSE,6811.31396484375,6745.53974609375,6817.980556640625,61.80982738209759,Benchmark (IHSG)
2023-04-12,^JKSE,6798.9638671875,6747.2228515625,6815.98021484375,68.28099360281544,Benchmark (IHSG)
2023-04-13,^JKSE,6785.59814453125,6747.155004882812,6814.24255859375,60.57782770020751,Benchmark (IHSG)
2023-04-14,^JKSE,6818.57421875,6755.993017578125,6813.82720703125,56.92578724508054,Benchmark (IHSG)
2023-04-17,^JKSE,6787.58203125,6763.965258789062,6812.33369140625,60.2335495593944,Benchmark (IHSG)
2023-04-18,^JKSE,6821.80712890625,6776.769213867187,6810.9583984375,58.37360222712588,Benchmark (IHSG)
2023-04-26,^JKSE,6910.14697265625,6788.364721679687,6810.92669921875,59.39475405071568,Benchmark (IHSG)
2023-04-27,^JKSE,6945.47705078125,6805.0140625,6812.360419921875,67.90845076737236,Benchmark (IHSG)
2023-04-28,^JKSE,6915.7158203125,6816.219311523438,6811.968720703125,63.55864026942356,Benchmark (IHSG)
2023-05-02,^JKSE,6863.3017578125,6821.271704101562,6810.432275390625,54.12615132716318,Benchmark (IHSG)
2023-05-03,^JKSE,6812.72216796875,6826.461157226562,6808.7394140625,47.87957071100736,Benchmark (IHSG)
2023-05-04,^JKSE,6844.02685546875,6830.64609375,6808.013369140625,52.4344371843647,Benchmark (IHSG)
2023-05-05,^JKSE,6787.630859375,6828.055834960937,6805.76318359375,49.51530868590804,Benchmark (IHSG)
2023-05-08,^JKSE,6769.630859375,6826.089819335937,6802.318701171875,49.84756111708698,Benchmark (IHSG)
2023-05-09,^JKSE,6779.97998046875,6824.824975585938,6799.6275390625,46.843774407482236,Benchmark (IHSG)
2023-05-10,^JKSE,6811.90478515625,6824.061474609375,6797.952353515625,51.25406578888844,Benchmark (IHSG)
2023-05-11,^JKSE,6755.93798828125,6820.199462890625,6795.1568359375,47.34494243528887,Benchmark (IHSG)
2023-05-12,^JKSE,6707.76318359375,6814.6038818359375,6791.417763671875,40.34340461781854,Benchmark (IHSG)
2023-05-15,^JKSE,6711.740234375,6810.55263671875,6788.18447265625,43.06422083895225,Benchmark (IHSG)
2023-05-16,^JKSE,6676.56396484375,6805.819091796875,6785.516396484375,36.74049058642498,Benchmark (IHSG)
2023-05-17,^JKSE,6663.11376953125,6798.40908203125,6781.98958984375,23.875766288273113,Benchmark (IHSG)
2023-05-19,^JKSE,6700.56103515625,6793.488940429687,6778.869287109375,24.21512584306629,Benchmark (IHSG)
2023-05-22,^JKSE,6729.64697265625,6790.691381835937,6776.366689453125,30.382689648568814,Benchmark (IHSG)
2023-05-23,^JKSE,6736.68408203125,6786.596875,6774.235595703125,35.238209091167846,Benchmark (IHSG)
2023-05-24,^JKSE,6745.80419921875,6784.507983398437,6772.252958984375,41.363420954455165,Benchmark (IHSG)
2023-05-25,^JKSE,6704.23095703125,6778.629174804688,6769.18927734375,32.42351242439646,Benchmark (IHSG)
2023-05-26,^JKSE,6687.0009765625,6767.471875,6766.656572265625,35.965645829531184,Benchmark (IHSG)
2023-05-29,^JKSE,6681.10205078125,6754.253125,6764.13859375,37.22202097114529,Benchmark (IHSG)
2023-05-30,^JKSE,6636.4228515625,6740.2884765625,6761.53189453125,31.147700763953992,Benchmark (IHSG)
2023-05-31,^JKSE,6633.26123046875,6728.786450195313,6758.669716796875,24.622946180353253,Benchmark (IHSG)
2023-06-05,^JKSE,6633.43701171875,6719.822192382812,6755.34255859375,29.320366902300066,Benchmark (IHSG)
2023-06-06,^JKSE,6618.9228515625,6708.5669921875,6752.41498046875,33.07976304507538,Benchmark (IHSG)
2023-06-07,^JKSE,6619.7548828125,6700.173193359375,6749.0709765625,32.26835136122165,Benchmark (IHSG)
2023-06-08,^JKSE,6666.330078125,6695.008154296875,6749.561298828125,48.11030025660029,Benchmark (IHSG)
2023-06-09,^JKSE,6694.02392578125,6690.7103515625,6750.879033203125,55.422369931303855,Benchmark (IHSG)
2023-06-12,^JKSE,6722.373046875,6686.2337646484375,6754.01193359375,53.95250726866362,Benchmark (IHSG)
2023-06-13,^JKSE,6719.01416015625,6684.3875732421875,6754.82748046875,47.87513075517946,Benchmark (IHSG)
2023-06-14,^JKSE,6699.716796875,6683.98525390625,6756.57201171875,42.957525064323555,Benchmark (IHSG)
2023-06-15,^JKSE,6713.794921875,6684.08798828125,6757.015693359375,44.01511126205332,Benchmark (IHSG)
2023-06-16,^JKSE,6698.546875,6685.1871337890625,6755.741552734375,48.82118126932884,Benchmark (IHSG)
2023-06-19,^JKSE,6686.05908203125,6686.334399414062,6755.284072265625,49.800741666580585,Benchmark (IHSG)
2023-06-20,^JKSE,6660.455078125,6684.3291015625,6753.286611328125,45.9682571162145,Benchmark (IHSG)
2023-06-21,^JKSE,6702.625,6682.978002929687,6750.550390625,63.05525919478028,Benchmark (IHSG)
2023-06-22,^JKSE,6652.26123046875,6678.756860351563,6747.416591796875,53.15879025606722,Benchmark (IHSG)
2023-06-23,^JKSE,6639.73291015625,6673.453295898437,6744.105712890625,51.00541147482183,Benchmark (IHSG)
2023-06-26,^JKSE,6664.66796875,6671.475146484375,6740.855576171875,57.069873160954586,Benchmark (IHSG)
2023-06-27,^JKSE,6661.87890625,6670.21904296875,6737.42958984375,56.471091241861444,Benchmark (IHSG)
2023-07-03,^JKSE,6696.7158203125,6670.999731445312,6734.97041015625,54.84250007781617,Benchmark (IHSG)
2023-07-04,^JKSE,6681.75390625,6673.266284179687,6732.750185546875,47.96184698239154,Benchmark (IHSG)
2023-07-05,^JKSE,6718.97705078125,6677.552075195313,6731.705029296875,49.45205069338632,Benchmark (IHSG)
2023-07-06,^JKSE,6757.3310546875,6683.74677734375,6730.62537109375,55.55514654351,Benchmark (IHSG)
2023-07-07,^JKSE,6716.458984375,6688.623583984375,6728.9752734375,52.28436203354058,Benchmark (IHSG)
2023-07-10,^JKSE,6731.0380859375,6694.187744140625,6727.884072265625,52.34950500319353,Benchmark (IHSG)
2023-07-11,^JKSE,6796.923828125,6700.717431640625,6727.451064453125,61.77910868004481,Benchmark (IHSG)
2023-07-12,^JKSE,6808.208984375,6706.426684570312,6727.863603515625,64.66779163730133,Benchmark (IHSG)
2023-07-13,^JKSE,6810.212890625,6710.818676757813,6727.63171875,69.06343622192111,Benchmark (IHSG)
2023-07-14,^JKSE,6869.57177734375,6718.3465576171875,6726.82021484375,70.36050274346053,Benchmark (IHSG)
2023-07-17,^JKSE,6867.14404296875,6726.717919921875,6725.2535546875,79.67658403690017,Benchmark (IHSG)
2023-07-18,^JKSE,6830.203125,6732.538330078125,6723.54330078125,74.6433476487036,Benchmark (IHSG)
2023-07-20,^JKSE,6864.18896484375,6740.8204345703125,6723.561044921875,75.22361304356951,Benchmark (IHSG)
2023-07-21,^JKSE,6880.8017578125,6750.557568359375,6724.92263671875,76.74173092338818,Benchmark (IHSG)
2023-07-24,^JKSE,6899.39599609375,6762.504614257812,6726.03001953125,75.78067646412161,Benchmark (IHSG)
2023-07-25,^JKSE,6917.7109375,6773.2589111328125,6728.63162109375,79.75960271262929,Benchmark (IHSG)
2023-07-26,^JKSE,6948.27880859375,6788.059790039062,6732.204580078125,79.41401219628298,Benchmark (IHSG)
2023-07-27,^JKSE,6896.6630859375,6800.906298828125,6734.5382421875,67.28492578467622,Benchmark (IHSG)
2023-07-28,^JKSE,6900.22998046875,6812.684399414063,6736.30474609375,75.12319184016769,Benchmark (IHSG)
2023-07-31,^JKSE,6931.35888671875,6826.1583984375,6739.8131640625,76.20014075350383,Benchmark (IHSG)
2023-08-01,^JKSE,6886.49609375,6835.647412109375,6743.387822265625,62.39697570126805,Benchmark (IHSG)
2023-08-02,^JKSE,6854.509765625,6844.285205078125,6746.243212890625,56.06082298950489,Benchmark (IHSG)
2023-08-03,^JKSE,6898.0771484375,6853.240209960937,6750.6734765625,60.372818748616545,Benchmark (IHSG)
2023-08-04,^JKSE,6852.841796875,6858.0157470703125,6754.468037109375,47.95680688685422,Benchmark (IHSG)
2023-08-07,^JKSE,6886.3662109375,6866.5111083984375,6758.184140625,52.18183611870714,Benchmark (IHSG)
2023-08-08,^JKSE,6868.81298828125,6873.399853515625,6760.9674609375,54.584223726211576,Benchmark (IHSG)
2023-08-09,^JKSE,6875.11181640625,6877.309252929687,6763.736015625,51.388158025377784,Benchmark (IHSG)
2023-08-10,^JKSE,6893.27587890625,6881.56259765625,6766.68544921875,51.579078797558715,Benchmark (IHSG)
2023-08-11,^JKSE,6879.97900390625,6885.0509033203125,6770.20041015625,47.50862077607033,Benchmark (IHSG)
2023-08-14,^JKSE,6910.171875,6887.080908203125,6774.663828125,49.06128176381752,Benchmark (IHSG)
2023-08-15,^JKSE,6915.10107421875,6889.478759765625,6779.34380859375,45.587161802335395,Benchmark (IHSG)
2023-08-16,^JKSE,6900.5380859375,6892.9955078125,6784.62611328125,50.571752981962696,Benchmark (IHSG)
2023-08-18,^JKSE,6859.912109375,6892.781665039062,6789.159130859375,44.63757122650515,Benchmark (IHSG)
2023-08-21,^JKSE,6866.033203125,6892.043237304688,6793.8110546875,40.69226241743624,Benchmark (IHSG)
2023-08-22,^JKSE,6916.4501953125,6892.895947265625,6799.7616015625,54.20142398864754,Benchmark (IHSG)
2023-08-23,^JKSE,6921.41015625,6893.080908203125,6805.79470703125,60.15336914120395,Benchmark (IHSG)
2023-08-24,^JKSE,6899.39208984375,6890.636572265625,6810.455947265625,50.21353391089776,Benchmark (IHSG)
2023-08-25,^JKSE,6895.44287109375,6890.5755615234375,6814.484326171875,57.9892862048441,Benchmark (IHSG)
2023-08-28,^JKSE,6921.72705078125,6891.650415039063,6818.47140625,56.816585937044074,Benchmark (IHSG)
2023-08-29,^JKSE,6957.8349609375,6892.97421875,6823.247822265625,66.01528117681576,Benchmark (IHSG)
2023-08-30,^JKSE,6966.65576171875,6896.982202148438,6828.5866015625,66.3208917024455,Benchmark (IHSG)
2023-08-31,^JKSE,6953.259765625,6901.919702148438,6833.3758984375,60.8791757660774,Benchmark (IHSG)
2023-09-01,^JKSE,6977.65380859375,6905.89853515625,6838.958037109375,67.02961227533694,Benchmark (IHSG)
2023-09-04,^JKSE,6996.75,6913.0939453125,6845.17185546875,65.70249983173869,Benchmark (IHSG)
2023-09-05,^JKSE,6991.7080078125,6918.36103515625,6851.7969140625,63.888362672596486,Benchmark (IHSG)
2023-09-06,^JKSE,6995.953125,6924.718041992188,6857.6634765625,67.97045418596353,Benchmark (IHSG)
2023-09-07,^JKSE,6954.80810546875,6928.702856445312,6863.7144140625,67.83782245792192,Benchmark (IHSG)
2023-09-08,^JKSE,6924.77978515625,6930.278051757812,6869.4153515625,60.13208179571955,Benchmark (IHSG)
2023-09-11,^JKSE,6963.39306640625,6934.448754882813,6875.389853515625,58.43992351843301,Benchmark (IHSG)
2023-09-12,^JKSE,6933.96923828125,6935.638623046875,6880.83166015625,52.07544246680793,Benchmark (IHSG)
2023-09-13,^JKSE,6935.47607421875,6936.657373046875,6885.606865234375,56.39667338360652,Benchmark (IHSG)
2023-09-14,^JKSE,6959.3330078125,6939.597119140625,6891.158447265625,60.57922269026462,Benchmark (IHSG)
2023-09-15,^JKSE,6982.791015625,6945.741064453125,6896.4347265625,60.2067816142612,Benchmark (IHSG)
2023-09-18,^JKSE,6936.0830078125,6949.2435546875,6900.009765625,46.48861171366595,Benchmark (IHSG)
2023-09-19,^JKSE,6980.32080078125,6952.437084960938,6905.287001953125,51.97957191562805,Benchmark (IHSG)
2023-09-20,^JKSE,7011.68115234375,6956.950634765625,6910.89986328125,58.044458429311206,Benchmark (IHSG)
2023-09-21,^JKSE,6991.4658203125,6961.5543212890625,6914.790703125,51.92401609026218,Benchmark (IHSG)
2023-09-22,^JKSE,7016.84423828125,6967.6243896484375,6918.963408203125,52.75098299528457,Benchmark (IHSG)
2023-09-25,^JKSE,6998.380859375,6971.457080078125,6922.726767578125,50.88115895679445,Benchmark (IHSG)
2023-09-26,^JKSE,6923.7998046875,6969.755322265625,6923.811328125,41.964689658772556,Benchmark (IHSG)
2023-09-27,^JKSE,6937.828125,6968.313940429687,6925.225009765625,47.9874856621013,Benchmark (IHSG)
2023-09-29,^JKSE,6939.89208984375,6967.645556640625,6927.4187890625,51.91831391673217,Benchmark (IHSG)
2023-10-02,^JKSE,6961.458984375,6966.8358154296875,6929.364189453125,49.743387748174044,Benchmark (IHSG)
2023-10-03,^JKSE,6940.88720703125,6964.04267578125,6930.5658984375,50.939948889284,Benchmark (IHSG)
2023-10-04,^JKSE,6886.576171875,6958.786083984375,6930.309501953125,44.18966791637512,Benchmark (IHSG)
2023-10-05,^JKSE,6874.826171875,6952.729736328125,6929.451806640625,39.661364434663554,Benchmark (IHSG)
2023-10-06,^JKSE,6888.51806640625,6949.415234375,6928.256591796875,38.184221638790454,Benchmark (IHSG)
2023-10-09,^JKSE,6891.455078125,6947.748999023437,6928.152431640625,43.717158718767266,Benchmark (IHSG)
2023-10-10,^JKSE,6922.18798828125,6945.688745117188,6928.591591796875,41.49240250162926,Benchmark (IHSG)
2023-10-11,^JKSE,6931.7529296875,6945.5779296875,6928.59947265625,37.505629195181555,Benchmark (IHSG)
2023-10-12,^JKSE,6935.15087890625,6945.561669921875,6929.572568359375,40.70831822759316,Benchmark (IHSG)
2023-10-13,^JKSE,6926.77978515625,6943.934008789062,6931.01796875,34.2562402482784,Benchmark (IHSG)
2023-10-16,^JKSE,6896.2919921875,6939.609057617187,6930.982265625,32.87425051603813,Benchmark (IHSG)
2023-10-17,^JKSE,6939.615234375,6939.785668945313,6932.717734375,52.96392412939876,Benchmark (IHSG)
2023-10-18,^JKSE,6927.90576171875,6937.1649169921875,6933.548525390625,48.124174982230386,Benchmark (IHSG)
2023-10-19,^JKSE,6846.4267578125,6928.902197265625,6933.10080078125,36.41077556769375,Benchmark (IHSG)
2023-10-20,^JKSE,6849.16796875,6921.7873046875,6932.581923828125,32.72814393563873,Benchmark (IHSG)
2023-10-23,^JKSE,6741.9638671875,6908.043286132813,6929.55568359375,25.84132405875482,Benchmark (IHSG)
2023-10-24,^JKSE,6806.76220703125,6898.462353515625,6928.09134765625,40.54760172695551,Benchmark (IHSG)
2023-10-25,^JKSE,6834.38818359375,6893.991772460938,6926.575673828125,45.38447562689697,Benchmark (IHSG)
2023-10-26,^JKSE,6714.51904296875,6882.826318359375,6922.564033203125,34.01455937872329,Benchmark (IHSG)
2023-10-27,^JKSE,6758.79296875,6873.7713623046875,6919.729130859375,38.672571389499915,Benchmark (IHSG)
2023-10-30,^JKSE,6735.89208984375,6862.493017578125,6917.24873046875,33.87738268090796,Benchmark (IHSG)
2023-10-31,^JKSE,6752.2109375,6853.0592041015625,6914.97228515625,34.6414292373469,Benchmark (IHSG)
2023-11-01,^JKSE,6642.41796875,6840.851293945312,6909.491640625,28.814979981695544,Benchmark (IHSG)
2023-11-02,^JKSE,6751.38623046875,6834.679296875,6906.091162109375,38.92008404802533,Benchmark (IHSG)
2023-11-03,^JKSE,6788.85009765625,6829.6958984375,6903.880322265625,43.2720079008601,Benchmark (IHSG)
2023-11-06,^JKSE,6878.8359375,6829.06494140625,6903.54818359375,46.40415292085301,Benchmark (IHSG)
2023-11-07,^JKSE,6843.7900390625,6825.145043945313,6901.989443359375,45.15723680622594,Benchmark (IHSG)
2023-11-08,^JKSE,6804.10595703125,6818.7626953125,6898.91486328125,47.44029480923813,Benchmark (IHSG)
2023-11-09,^JKSE,6838.23291015625,6813.916796875,6896.34640625,49.3628027007264,Benchmark (IHSG)
2023-11-10,^JKSE,6809.26318359375,6808.040966796875,6893.466474609375,54.31502848008335,Benchmark (IHSG)
2023-11-13,^JKSE,6838.31201171875,6805.1419677734375,6890.679638671875,52.120068299968636,Benchmark (IHSG)
2023-11-14,^JKSE,6862.05517578125,6801.26396484375,6887.9857421875,51.8689054920002,Benchmark (IHSG)
2023-11-15,^JKSE,6958.205078125,6802.7789306640625,6887.31568359375,67.00594341995057,Benchmark (IHSG)
2023-11-16,^JKSE,6958.0078125,6808.357983398438,6886.55677734375,64.81379278292721,Benchmark (IHSG)
2023-11-17,^JKSE,6977.66796875,6814.782983398438,6887.013974609375,68.06573990226433,Benchmark (IHSG)
2023-11-20,^JKSE,6994.88818359375,6827.42919921875,6888.416142578125,68.10869817099609,Benchmark (IHSG)
2023-11-21,^JKSE,6961.7900390625,6835.180590820312,6888.38408203125,76.91206264616864,Benchmark (IHSG)
2023-11-22,^JKSE,6906.953125,6838.808837890625,6887.843759765625,64.4248853392735,Benchmark (IHSG)
2023-11-23,^JKSE,7004.34423828125,6853.30009765625,6889.221123046875,67.98307521294524,Benchmark (IHSG)
2023-11-24,^JKSE,7009.630859375,6865.8419921875,6890.227080078125,62.71189014551846,Benchmark (IHSG)
2023-11-27,^JKSE,7013.40576171875,6879.71767578125,6890.839375,67.55173211771994,Benchmark (IHSG)
2023-11-28,^JKSE,7041.0732421875,6894.160791015625,6892.9391796875,75.14661244674645,Benchmark (IHSG)
2023-11-29,^JKSE,7036.0869140625,6913.84423828125,6894.054501953125,72.38011706888153,Benchmark (IHSG)
2023-11-30,^JKSE,7080.7412109375,6930.311987304687,6895.435703125,79.65577164948618,Benchmark (IHSG)
2023-12-01,^JKSE,7059.90576171875,6943.864770507813,6896.804501953125,74.648808359947,Benchmark (IHSG)
2023-12-04,^JKSE,7093.60009765625,6954.602978515625,6898.339619140625,75.19788301309302,Benchmark (IHSG)
2023-12-05,^JKSE,7100.85498046875,6967.456225585937,6900.3891015625,69.24798030841887,Benchmark (IHSG)
2023-12-06,^JKSE,7087.39501953125,6981.620678710938,6903.661005859375,66.85515828843671,Benchmark (IHSG)
2023-12-07,^JKSE,7134.623046875,6996.440185546875,6907.596904296875,69.07625183377566,Benchmark (IHSG)
2023-12-08,^JKSE,7159.59814453125,7013.95693359375,6911.991025390625,69.64839481550688,Benchmark (IHSG)
2023-12-11,^JKSE,7088.78515625,7026.4805908203125,6914.537548828125,63.898739480530026,Benchmark (IHSG)
2023-12-12,^JKSE,7125.30712890625,7039.6431884765625,6918.225947265625,74.8953667424903,Benchmark (IHSG)
2023-12-13,^JKSE,7075.3408203125,7045.499975585937,6922.001240234375,59.07609258799192,Benchmark (IHSG)
2023-12-14,^JKSE,7176.01611328125,7056.400390625,6928.0250390625,67.09997420629145,Benchmark (IHSG)
2023-12-15,^JKSE,7190.98779296875,7067.066381835937,6934.07443359375,67.84012133841134,Benchmark (IHSG)
2023-12-18,^JKSE,7119.52490234375,7073.2982177734375,6938.635830078125,57.243927137370825,Benchmark (IHSG)
2023-12-19,^JKSE,7187.84619140625,7084.601025390625,6943.948994140625,62.5455214777416,Benchmark (IHSG)
2023-12-20,^JKSE,7219.6669921875,7100.23671875,6949.707275390625,61.73357703366331,Benchmark (IHSG)
2023-12-21,^JKSE,7209.619140625,7110.500463867187,6955.196640625,62.87938168147355,Benchmark (IHSG)
2023-12-22,^JKSE,7237.51904296875,7121.894873046875,6961.41142578125,62.505579324846536,Benchmark (IHSG)
2023-12-27,^JKSE,7245.916015625,7133.5203857421875,6968.40390625,62.57985072794053,Benchmark (IHSG)
2023-12-28,^JKSE,7303.88818359375,7146.6611328125,6975.689365234375,67.42895598754046,Benchmark (IHSG)
2023-12-29,^JKSE,7272.796875,7158.496630859375,6982.5871875,61.420522878982325,Benchmark (IHSG)
2024-01-02,^JKSE,7323.587890625,7170.63896484375,6992.13041015625,62.99953320260941,Benchmark (IHSG)
2024-01-03,^JKSE,7279.0908203125,7181.598217773438,7000.7288671875,65.74240277376106,Benchmark (IHSG)
2024-01-04,^JKSE,7359.76318359375,7194.9063720703125,7013.084853515625,68.07437442878373,Benchmark (IHSG)
2024-01-05,^JKSE,7350.619140625,7207.394580078125,7023.9619921875,72.64678613836887,Benchmark (IHSG)
2024-01-08,^JKSE,7283.5751953125,7217.203588867187,7032.945732421875,59.367082686624286,Benchmark (IHSG)
2024-01-09,^JKSE,7200.203125,7220.482592773437,7042.6594140625,50.717108857831356,Benchmark (IHSG)
2024-01-10,^JKSE,7227.296875,7223.867529296875,7052.0294921875,59.008555632015586,Benchmark (IHSG)
2024-01-11,^JKSE,7219.9638671875,7230.42646484375,7061.710927734375,52.98949130880972,Benchmark (IHSG)
2024-01-12,^JKSE,7241.13818359375,7236.218017578125,7071.48947265625,52.03893416968599,Benchmark (IHSG)
2024-01-15,^JKSE,7224.0009765625,7243.651025390625,7083.1211328125,51.347574968980254,Benchmark (IHSG)
2024-01-16,^JKSE,7242.787109375,7246.989575195313,7092.949150390625,50.50219375211206,Benchmark (IHSG)
2024-01-17,^JKSE,7200.634765625,7247.471923828125,7101.18484375,45.94443540642236,Benchmark (IHSG)
2024-01-18,^JKSE,7252.966796875,7254.144018554687,7108.6674609375,45.39273543052589,Benchmark (IHSG)
2024-01-19,^JKSE,7227.40185546875,7256.121801757812,7116.339697265625,45.851261413951015,Benchmark (IHSG)
2024-01-22,^JKSE,7247.92822265625,7257.53486328125,7125.216142578125,42.680404774074205,Benchmark (IHSG)
2024-01-23,^JKSE,7256.22900390625,7259.8653564453125,7133.576064453125,47.62169866620882,Benchmark (IHSG)
2024-01-24,^JKSE,7227.8232421875,7259.38056640625,7141.947265625,34.59965006069794,Benchmark (IHSG)
2024-01-25,^JKSE,7178.0419921875,7255.986865234375,7148.741865234375,31.601736559363687,Benchmark (IHSG)
2024-01-26,^JKSE,7137.087890625,7247.6468505859375,7154.24251953125,33.463236202000246,Benchmark (IHSG)
2024-01-29,^JKSE,7157.1748046875,7241.865747070313,7158.2219140625,44.332844574780054,Benchmark (IHSG)
2024-01-30,^JKSE,7192.2158203125,7235.297143554688,7162.90607421875,45.47430192653662,Benchmark (IHSG)
2024-01-31,^JKSE,7207.94091796875,7231.7396484375,7167.511533203125,48.48182917911616,Benchmark (IHSG)
2024-02-01,^JKSE,7201.69580078125,7223.836279296875,7171.647685546875,44.824364915014456,Benchmark (IHSG)
2024-02-02,^JKSE,7238.78515625,7218.244580078125,7177.187587890625,51.84345433069907,Benchmark (IHSG)
2024-02-05,^JKSE,7198.615234375,7213.99658203125,7183.020830078125,44.771012133767385,Benchmark (IHSG)
2024-02-06,^JKSE,7247.408203125,7216.3568359375,7187.882109375,55.45125104709182,Benchmark (IHSG)
2024-02-07,^JKSE,7235.15185546875,7216.749584960938,7192.392529296875,47.70980818505829,Benchmark (IHSG)
2024-02-12,^JKSE,7297.6689453125,7220.634838867188,7198.07779296875,58.24940067207275,Benchmark (IHSG)
2024-02-13,^JKSE,7209.7412109375,7219.064990234375,7201.45115234375,46.129381894849374,Benchmark (IHSG)
2024-02-15,^JKSE,7303.28076171875,7223.028979492187,7206.795029296875,54.066476822913586,Benchmark (IHSG)
2024-02-16,^JKSE,7335.544921875,7227.6668701171875,7211.891103515625,59.248232634883166,Benchmark (IHSG)
2024-02-19,^JKSE,7296.7021484375,7232.470239257813,7216.62703125,60.38233529915392,Benchmark (IHSG)
2024-02-20,^JKSE,7352.60107421875,7237.451953125,7221.80705078125,68.37604844867484,Benchmark (IHSG)
2024-02-21,^JKSE,7349.02099609375,7243.53291015625,7226.77037109375,66.8318574972047,Benchmark (IHSG)
2024-02-22,^JKSE,7339.63623046875,7248.118310546875,7231.8151953125,63.54384702550084,Benchmark (IHSG)
2024-02-23,^JKSE,7295.09521484375,7250.06162109375,7235.024638671875,57.60442601690857,Benchmark (IHSG)
2024-02-26,^JKSE,7283.8232421875,7252.86162109375,7237.509140625,57.103507810196966,Benchmark (IHSG)
2024-02-27,^JKSE,7285.31689453125,7258.225366210938,7241.439775390625,54.2887900190909,Benchmark (IHSG)
2024-02-28,^JKSE,7328.63623046875,7267.802783203125,7245.506357421875,61.91475062441217,Benchmark (IHSG)
2024-02-29,^JKSE,7316.11083984375,7275.749584960938,7250.3217578125,56.74397871881516,Benchmark (IHSG)
2024-03-01,^JKSE,7311.9072265625,7281.734155273438,7253.039580078125,57.65547885764155,Benchmark (IHSG)
2024-03-04,^JKSE,7276.7490234375,7285.174560546875,7254.7548046875,47.79302983973659,Benchmark (IHSG)
2024-03-05,^JKSE,7247.4599609375,7287.4627685546875,7257.313505859375,54.54100827689992,Benchmark (IHSG)
2024-03-06,^JKSE,7329.80078125,7292.0135498046875,7260.15259765625,53.281256607763176,Benchmark (IHSG)
2024-03-07,^JKSE,7373.9638671875,7300.780981445312,7263.23853515625,54.61752078066277,Benchmark (IHSG)
2024-03-08,^JKSE,7381.9072265625,7307.505932617188,7266.684296875,61.062339611924244,Benchmark (IHSG)
2024-03-13,^JKSE,7421.20703125,7316.80869140625,7270.358056640625,59.3084560172886,Benchmark (IHSG)
2024-03-14,^JKSE,7433.31494140625,7323.590991210937,7274.10603515625,61.17832324503809,Benchmark (IHSG)
2024-03-15,^JKSE,7328.05419921875,7329.506640625,7274.58935546875,48.77547143317337,Benchmark (IHSG)
2024-03-18,^JKSE,7302.44921875,7329.465063476562,7275.18240234375,50.809944555286066,Benchmark (IHSG)
2024-03-19,^JKSE,7336.74609375,7329.525122070312,7275.44556640625,55.54738921702102,Benchmark (IHSG)
2024-03-20,^JKSE,7331.1279296875,7331.246411132813,7276.48630859375,54.76076183555808,Benchmark (IHSG)
2024-03-21,^JKSE,7338.35302734375,7330.534008789063,7276.05810546875,51.09168389223161,Benchmark (IHSG)
2024-03-22,^JKSE,7350.15185546875,7330.590551757812,7276.048759765625,53.83076835159811,Benchmark (IHSG)
2024-03-25,^JKSE,7377.759765625,7332.496728515625,7277.932451171875,57.0398170960872,Benchmark (IHSG)
2024-03-26,^JKSE,7365.6640625,7336.025170898438,7281.241669921875,59.99826497175638,Benchmark (IHSG)
2024-03-27,^JKSE,7310.091796875,7337.338598632812,7282.897568359375,56.64972482467164,Benchmark (IHSG)
2024-03-28,^JKSE,7288.81298828125,7337.513403320312,7284.27455078125,44.999946391619936,Benchmark (IHSG)
2024-04-01,^JKSE,7205.06103515625,7331.334643554687,7283.5530078125,31.21057165732934,Benchmark (IHSG)
2024-04-02,^JKSE,7236.98388671875,7327.3782958984375,7283.812666015625,34.69470683543574,Benchmark (IHSG)
2024-04-03,^JKSE,7166.84423828125,7320.125146484375,7282.29380859375,24.779694200736074,Benchmark (IHSG)
2024-04-04,^JKSE,7254.39892578125,7319.007641601563,7283.369091796875,34.56898265284464,Benchmark (IHSG)
2024-04-05,^JKSE,7286.8818359375,7320.978735351562,7284.047392578125,45.93921414708616,Benchmark (IHSG)
2024-04-16,^JKSE,7164.80712890625,7312.729052734375,7282.795498046875,38.59484303753423,Benchmark (IHSG)
2024-04-17,^JKSE,7130.8408203125,7300.572900390625,7280.45375,32.92913770880428,Benchmark (IHSG)
2024-04-18,^JKSE,7166.81396484375,7289.8182373046875,7278.66544921875,37.030128074185136,Benchmark (IHSG)
2024-04-19,^JKSE,7087.31689453125,7273.12373046875,7275.855322265625,32.2141024612055,Benchmark (IHSG)
2024-04-22,^JKSE,7073.81982421875,7255.148974609375,7273.77087890625,30.46888912510198,Benchmark (IHSG)
2024-04-23,^JKSE,7110.81298828125,7244.2869140625,7273.245380859375,31.379278164204933,Benchmark (IHSG)
2024-04-24,^JKSE,7174.533203125,7237.89111328125,7273.592548828125,37.56346371114814,Benchmark (IHSG)
2024-04-25,^JKSE,7155.2939453125,7228.818505859375,7272.854111328125,39.427702084406036,Benchmark (IHSG)
2024-04-26,^JKSE,7036.0751953125,7214.065869140625,7269.416796875,34.77541392018966,Benchmark (IHSG)
2024-04-29,^JKSE,7155.7841796875,7204.937426757812,7268.498564453125,47.15487906988546,Benchmark (IHSG)
2024-04-30,^JKSE,7234.19677734375,7199.139672851563,7268.406796875,49.847278082317864,Benchmark (IHSG)
2024-05-02,^JKSE,7117.4248046875,7186.1229248046875,7266.78298828125,47.42368496211548,Benchmark (IHSG)
2024-05-03,^JKSE,7134.72412109375,7174.575927734375,7264.529306640625,43.26803913037746,Benchmark (IHSG)
2024-05-06,^JKSE,7135.89013671875,7165.8658447265625,7262.544072265625,41.19621532149098,Benchmark (IHSG)
2024-05-07,^JKSE,7123.61181640625,7157.605786132813,7259.0629296875,47.245353198691895,Benchmark (IHSG)
2024-05-08,^JKSE,7088.794921875,7151.79248046875,7256.64400390625,47.19167083029486,Benchmark (IHSG)
2024-05-13,^JKSE,7099.26123046875,7144.90634765625,7252.56361328125,45.32885851655772,Benchmark (IHSG)
2024-05-14,^JKSE,7083.76318359375,7140.752294921875,7247.527978515625,49.730406501655786,Benchmark (IHSG)
2024-05-15,^JKSE,7179.8310546875,7137.023901367187,7245.190556640625,57.146910788292956,Benchmark (IHSG)
2024-05-16,^JKSE,7246.69580078125,7135.014599609375,7243.072451171875,58.80606952000264,Benchmark (IHSG)
2024-05-17,^JKSE,7317.23779296875,7142.6361328125,7242.436787109375,59.1671094555234,Benchmark (IHSG)
2024-05-20,^JKSE,7266.69091796875,7149.428637695312,7240.977880859375,56.879255039106106,Benchmark (IHSG)
2024-05-21,^JKSE,7186.037109375,7150.389794921875,7238.79671875,59.72397416413374,Benchmark (IHSG)
2024-05-22,^JKSE,7222.3818359375,7157.143041992187,7237.567890625,54.84184966665956,Benchmark (IHSG)
2024-05-27,^JKSE,7176.419921875,7162.273046875,7235.389951171875,45.59142957844608,Benchmark (IHSG)
2024-05-28,^JKSE,7253.6259765625,7169.4136962890625,7233.88974609375,61.06044505067487,Benchmark (IHSG)
2024-05-29,^JKSE,7140.22900390625,7167.698486328125,7230.372109375,50.386681739731706,Benchmark (IHSG)
2024-05-30,^JKSE,7034.14208984375,7161.640893554688,7224.816806640625,43.77102182982138,Benchmark (IHSG)
2024-05-31,^JKSE,6970.73583984375,7158.37392578125,7218.69654296875,41.192353221828135,Benchmark (IHSG)
2024-06-03,^JKSE,7036.19091796875,7152.394262695312,7214.471162109375,47.07266851183318,Benchmark (IHSG)
2024-06-04,^JKSE,7099.31201171875,7145.6500244140625,7209.86138671875,50.00266945933181,Benchmark (IHSG)
2024-06-05,^JKSE,6947.669921875,7137.162280273437,7201.3355078125,43.74166679016321,Benchmark (IHSG)
2024-06-06,^JKSE,6974.89697265625,7129.170922851563,7193.195302734375,39.93897776245722,Benchmark (IHSG)
2024-06-07,^JKSE,6897.9501953125,7117.27392578125,7182.730166015625,33.04653100365782,Benchmark (IHSG)
2024-06-10,^JKSE,6921.5478515625,7107.170727539063,7172.49482421875,29.84450602720088,Benchmark (IHSG)
2024-06-11,^JKSE,6855.69091796875,7095.51552734375,7163.04755859375,29.386165557600734,Benchmark (IHSG)
2024-06-12,^JKSE,6850.09716796875,7083.05732421875,7154.000517578125,31.77890128632606,Benchmark (IHSG)
2024-06-13,^JKSE,6831.56396484375,7070.44736328125,7143.896875,28.384726191318506,Benchmark (IHSG)
2024-06-14,^JKSE,6734.83203125,7048.197412109375,7131.97095703125,26.87541486953792,Benchmark (IHSG)
2024-06-19,^JKSE,6726.9189453125,7022.208569335938,7119.742275390625,20.2596384273254,Benchmark (IHSG)
2024-06-20,^JKSE,6819.32080078125,6997.312719726562,7109.125654296875,31.439957888173225,Benchmark (IHSG)
2024-06-21,^JKSE,6879.97802734375,6977.977075195313,7099.17001953125,40.589239599304676,Benchmark (IHSG)
2024-06-24,^JKSE,6889.1650390625,6963.133471679687,7089.6400390625,44.66763233644633,Benchmark (IHSG)
2024-06-25,^JKSE,6882.7041015625,6946.149584960937,7081.09228515625,39.12783623392821,Benchmark (IHSG)
2024-06-26,^JKSE,6905.64208984375,6932.610693359375,7073.4288671875,35.453390526711104,Benchmark (IHSG)
2024-06-27,^JKSE,6967.951171875,6918.326953125,7068.686669921875,51.75944234623942,Benchmark (IHSG)
2024-06-28,^JKSE,7063.5771484375,6914.494360351562,7065.21853515625,56.87706131598578,Benchmark (IHSG)
2024-07-01,^JKSE,7139.6259765625,6919.7685546875,7064.674169921875,68.76785963464724,Benchmark (IHSG)
2024-07-02,^JKSE,7125.14208984375,6927.4888671875,7062.089033203125,66.03756603133502,Benchmark (IHSG)
2024-07-03,^JKSE,7196.7548828125,6935.517065429687,7060.286494140625,76.62492309826878,Benchmark (IHSG)
2024-07-04,^JKSE,7220.88916015625,6941.595922851562,7061.408134765625,78.13130227974898,Benchmark (IHSG)
2024-07-05,^JKSE,7253.3720703125,6956.881030273437,7063.858759765625,81.3384663047177,Benchmark (IHSG)
2024-07-08,^JKSE,7250.97705078125,6970.685034179687,7065.542021484375,94.5990007400363,Benchmark (IHSG)
2024-07-09,^JKSE,7269.80078125,6989.277563476562,7069.19169921875,96.04115214067659,Benchmark (IHSG)
2024-07-10,^JKSE,7287.0419921875,7007.552270507813,7073.456142578125,95.46271308874383,Benchmark (IHSG)
2024-07-11,^JKSE,7300.4072265625,7029.7880859375,7077.24802734375,95.00333981784142,Benchmark (IHSG)
2024-07-12,^JKSE,7327.580078125,7053.6622314453125,7080.30896484375,95.18860080887875,Benchmark (IHSG)
2024-07-15,^JKSE,7278.86279296875,7076.027172851563,7082.780341796875,87.56119127975074,Benchmark (IHSG)
2024-07-16,^JKSE,7224.29296875,7100.500219726562,7086.544697265625,78.50273891353663,Benchmark (IHSG)
2024-07-17,^JKSE,7224.2177734375,7125.365161132812,7087.913369140625,75.79437396667001,Benchmark (IHSG)
2024-07-18,^JKSE,7321.07080078125,7150.452661132813,7089.650849609375,75.854018463409,Benchmark (IHSG)
2024-07-19,^JKSE,7294.4951171875,7171.178515625,7093.192255859375,67.26512028950481,Benchmark (IHSG)
2024-07-22,^JKSE,7321.97607421875,7192.819067382812,7096.937294921875,71.32545876218852,Benchmark (IHSG)
2024-07-23,^JKSE,7313.85693359375,7214.376708984375,7100.496630859375,64.71107828692078,Benchmark (IHSG)
2024-07-24,^JKSE,7262.7587890625,7232.2325439453125,7103.2795703125,54.92618393522524,Benchmark (IHSG)
2024-07-25,^JKSE,7240.27685546875,7245.848828125,7106.309208984375,48.422146314026946,Benchmark (IHSG)
2024-07-26,^JKSE,7288.1669921875,7257.0783203125,7110.08732421875,54.03830839071038,Benchmark (IHSG)
2024-07-29,^JKSE,7288.89697265625,7264.5418701171875,7114.19,52.15839289163608,Benchmark (IHSG)
2024-07-30,^JKSE,7241.86376953125,7270.377954101563,7115.430654296875,45.21581941469861,Benchmark (IHSG)
2024-07-31,^JKSE,7255.76220703125,7273.3283203125,7115.611982421875,45.27761623252599,Benchmark (IHSG)
2024-08-01,^JKSE,7325.98486328125,7278.58310546875,7115.786923828125,49.845348673179664,Benchmark (IHSG)
2024-08-02,^JKSE,7308.123046875,7281.320654296875,7116.61556640625,53.017204485149364,Benchmark (IHSG)
2024-08-05,^JKSE,7059.65283203125,7271.754443359375,7114.087880859375,37.87253724922905,Benchmark (IHSG)
2024-08-06,^JKSE,7129.21484375,7264.725146484375,7112.224541015625,43.65189054025131,Benchmark (IHSG)
2024-08-07,^JKSE,7212.130859375,7260.97958984375,7112.938759765625,42.58246233698532,Benchmark (IHSG)
2024-08-08,^JKSE,7195.12109375,7255.715283203125,7111.768662109375,43.144485959397386,Benchmark (IHSG)
2024-08-09,^JKSE,7256.99609375,7252.186083984375,7114.10400390625,45.720318733811986,Benchmark (IHSG)
2024-08-12,^JKSE,7297.625,7253.124194335937,7119.373662109375,48.974840211008434,Benchmark (IHSG)
2024-08-13,^JKSE,7356.63818359375,7259.741455078125,7127.091708984375,55.87044682751912,Benchmark (IHSG)
2024-08-14,^JKSE,7436.0390625,7270.33251953125,7135.088671875,61.42787022906421,Benchmark (IHSG)
2024-08-15,^JKSE,7409.5009765625,7274.7540283203125,7141.292451171875,57.26411476092254,Benchmark (IHSG)
2024-08-16,^JKSE,7432.08984375,7281.633764648437,7150.980849609375,58.354124232626376,Benchmark (IHSG)
2024-08-19,^JKSE,7466.8310546875,7288.876513671875,7160.81953125,63.315974961864185,Benchmark (IHSG)
2024-08-20,^JKSE,7533.98486328125,7299.88291015625,7173.540224609375,65.49154245520013,Benchmark (IHSG)
2024-08-21,^JKSE,7554.5927734375,7314.474609375,7186.201123046875,63.47339819057393,Benchmark (IHSG)
2024-08-22,^JKSE,7488.67578125,7326.894555664063,7198.8608203125,60.070734701836834,Benchmark (IHSG)
2024-08-23,^JKSE,7544.2978515625,7339.701098632812,7212.744833984375,84.4416175487761,Benchmark (IHSG)
2024-08-26,^JKSE,7606.19482421875,7355.565991210938,7228.237451171875,84.27025104141597,Benchmark (IHSG)
2024-08-27,^JKSE,7597.880859375,7373.366845703125,7245.498427734375,81.04339857816255,Benchmark (IHSG)
2024-08-28,^JKSE,7658.875,7393.522485351563,7264.137548828125,84.85341111089909,Benchmark (IHSG)
2024-08-29,^JKSE,7627.60400390625,7408.603442382812,7280.303212890625,79.19607090405674,Benchmark (IHSG)
2024-08-30,^JKSE,7670.73291015625,7426.733935546875,7296.118310546875,79.27769488896602,Benchmark (IHSG)
2024-09-02,^JKSE,7694.52978515625,7458.477783203125,7312.22560546875,78.06540680932937,Benchmark (IHSG)
2024-09-03,^JKSE,7616.52099609375,7482.843090820313,7326.901943359375,65.02564661252518,Benchmark (IHSG)
2024-09-04,^JKSE,7672.89599609375,7505.88134765625,7342.247021484375,70.89055552156196,Benchmark (IHSG)
2024-09-05,^JKSE,7681.04296875,7530.17744140625,7356.508857421875,70.20806711924384,Benchmark (IHSG)
2024-09-06,^JKSE,7721.84619140625,7553.419946289063,7369.67423828125,70.49840218975753,Benchmark (IHSG)
2024-09-09,^JKSE,7702.73876953125,7573.675634765625,7380.936494140625,64.70006771402225,Benchmark (IHSG)
2024-09-10,^JKSE,7761.38818359375,7593.913134765625,7393.661416015625,66.89417371858747,Benchmark (IHSG)
2024-09-11,^JKSE,7760.955078125,7610.158935546875,7404.945419921875,74.90900806732598,Benchmark (IHSG)
2024-09-12,^JKSE,7798.15380859375,7629.591577148438,7416.490712890625,74.03372229449177,Benchmark (IHSG)
2024-09-13,^JKSE,7812.130859375,7648.5936279296875,7427.665888671875,71.44253090367773,Benchmark (IHSG)
2024-09-17,^JKSE,7831.77880859375,7666.841015625,7439.281923828125,73.79243069483476,Benchmark (IHSG)
2024-09-18,^JKSE,7829.134765625,7681.5985107421875,7450.468603515625,69.65192691366931,Benchmark (IHSG)
2024-09-19,^JKSE,7905.39013671875,7699.13837890625,7462.83556640625,79.04662319334871,Benchmark (IHSG)
2024-09-20,^JKSE,7743.00390625,7711.85478515625,7471.6875,56.04848893004462,Benchmark (IHSG)
2024-09-23,^JKSE,7775.73095703125,7723.426440429687,7480.650517578125,56.69578507778063,Benchmark (IHSG)
2024-09-24,^JKSE,7778.4912109375,7732.041259765625,7490.6430859375,65.24822173414591,Benchmark (IHSG)
2024-09-25,^JKSE,7740.90185546875,7739.192309570312,7500.975263671875,56.63696909393811,Benchmark (IHSG)
2024-09-26,^JKSE,7744.51611328125,7743.474365234375,7511.38123046875,56.2498978327072,Benchmark (IHSG)
2024-09-27,^JKSE,7696.916015625,7746.939965820313,7518.898134765625,47.57766768733851,Benchmark (IHSG)
2024-09-30,^JKSE,7527.92919921875,7739.799780273437,7523.56681640625,36.84593418447805,Benchmark (IHSG)
2024-10-01,^JKSE,7642.1328125,7737.179931640625,7529.969951171875,41.718652198650624,Benchmark (IHSG)
2024-10-02,^JKSE,7563.26220703125,7734.5169921875,7534.958056640625,37.6203868646304,Benchmark (IHSG)
2024-10-03,^JKSE,7543.828125,7728.0635986328125,7540.579443359375,33.71162204235874,Benchmark (IHSG)
2024-10-04,^JKSE,7496.0908203125,7718.815991210938,7545.69572265625,30.598114637339876,Benchmark (IHSG)
2024-10-07,^JKSE,7504.134765625,7707.930419921875,7550.015078125,29.595017281508873,Benchmark (IHSG)
2024-10-08,^JKSE,7557.14208984375,7700.6505859375,7555.37998046875,34.060743269808,Benchmark (IHSG)
2024-10-09,^JKSE,7501.28515625,7687.645434570312,7560.568408203125,25.738694227464535,Benchmark (IHSG)
2024-10-10,^JKSE,7480.080078125,7673.6016845703125,7565.054765625,30.992635223287152,Benchmark (IHSG)
2024-10-11,^JKSE,7520.60205078125,7659.724096679687,7568.947109375,31.761698253883594,Benchmark (IHSG)
2024-10-14,^JKSE,7559.65478515625,7647.10029296875,7573.977744140625,35.127820367237575,Benchmark (IHSG)
2024-10-15,^JKSE,7626.951171875,7636.858911132813,7585.3237109375,42.55643807775311,Benchmark (IHSG)
2024-10-16,^JKSE,7648.93994140625,7627.849169921875,7595.718212890625,43.90306958362457,Benchmark (IHSG)
2024-10-17,^JKSE,7735.0390625,7619.331616210938,7606.176376953125,52.318060899719725,Benchmark (IHSG)
2024-10-18,^JKSE,7760.06005859375,7620.184423828125,7617.47515625,67.11024316927697,Benchmark (IHSG)
2024-10-21,^JKSE,7772.59619140625,7620.027685546875,7627.787158203125,61.3117610749325,Benchmark (IHSG)
2024-10-22,^JKSE,7788.98291015625,7620.552270507813,7637.61431640625,71.94926005834448,Benchmark (IHSG)
2024-10-23,^JKSE,7787.56494140625,7622.885424804687,7646.2328515625,74.56175657549656,Benchmark (IHSG)
2024-10-24,^JKSE,7716.548828125,7621.487060546875,7651.843046875,71.22032196752501,Benchmark (IHSG)
2024-10-25,^JKSE,7694.66015625,7621.374267578125,7657.54623046875,67.86304189388639,Benchmark (IHSG)
2024-10-28,^JKSE,7634.630859375,7626.7093505859375,7661.59705078125,57.17067801465611,Benchmark (IHSG)
2024-10-29,^JKSE,7606.60009765625,7624.93271484375,7664.392431640625,60.27481442594711,Benchmark (IHSG)
2024-10-30,^JKSE,7569.85009765625,7625.262109375,7665.109736328125,58.50037497098714,Benchmark (IHSG)
2024-10-31,^JKSE,7574.01904296875,7626.771655273437,7665.49826171875,55.43206026817191,Benchmark (IHSG)
2024-11-01,^JKSE,7505.2568359375,7627.229956054687,7665.8298828125,44.78339331585833,Benchmark (IHSG)
2024-11-04,^JKSE,7479.5029296875,7625.998364257813,7664.533984375,34.635994350443454,Benchmark (IHSG)
2024-11-05,^JKSE,7491.93115234375,7622.737817382813,7662.2487109375,33.3072038473678,Benchmark (IHSG)
2024-11-06,^JKSE,7383.8681640625,7616.866967773438,7657.96845703125,14.3302378453658,Benchmark (IHSG)
2024-11-07,^JKSE,7243.85986328125,7605.05595703125,7649.668154296875,7.496212693828056,Benchmark (IHSG)
2024-11-08,^JKSE,7287.19091796875,7593.385400390625,7642.859892578125,11.960930468907833,Benchmark (IHSG)
2024-11-11,^JKSE,7266.4599609375,7578.725659179688,7634.77443359375,9.329101021364508,Benchmark (IHSG)
2024-11-12,^JKSE,7321.98583984375,7563.477392578125,7627.3235546875,16.576626850980716,Benchmark (IHSG)
2024-11-13,^JKSE,7308.6708984375,7546.463940429688,7621.166552734375,18.073983706278852,Benchmark (IHSG)
2024-11-14,^JKSE,7214.56103515625,7520.4400390625,7611.999853515625,16.23810298851143,Benchmark (IHSG)
2024-11-15,^JKSE,7161.2578125,7490.499926757812,7601.604150390625,16.393181213116208,Benchmark (IHSG)
2024-11-18,^JKSE,7134.27685546875,7458.583959960937,7589.852763671875,16.41765343857665,Benchmark (IHSG)
2024-11-19,^JKSE,7195.71484375,7428.920556640625,7579.71228515625,24.301053341910503,Benchmark (IHSG)
2024-11-20,^JKSE,7180.3349609375,7398.559057617187,7568.091220703125,23.368427450174693,Benchmark (IHSG)
2024-11-21,^JKSE,7140.912109375,7369.7772216796875,7555.690361328125,24.334366134398053,Benchmark (IHSG)
2024-11-22,^JKSE,7195.56494140625,7344.8224609375,7543.638583984375,30.780976403935128,Benchmark (IHSG)
2024-11-25,^JKSE,7314.10791015625,7328.796313476562,7533.678125,39.475482036343465,Benchmark (IHSG)
2024-11-26,^JKSE,7245.88818359375,7310.760717773437,7521.9603125,41.42940418947191,Benchmark (IHSG)
2024-11-28,^JKSE,7200.1572265625,7292.27607421875,7509.38076171875,46.925311975903504,Benchmark (IHSG)
2024-11-29,^JKSE,7114.26611328125,7269.288427734375,7493.55828125,38.521330909788645,Benchmark (IHSG)
2024-12-02,^JKSE,7046.98583984375,7246.3748779296875,7479.637919921875,36.279325045467665,Benchmark (IHSG)
2024-12-03,^JKSE,7196.01708984375,7232.2005859375,7468.043642578125,42.949237923864544,Benchmark (IHSG)
2024-12-04,^JKSE,7326.76416015625,7223.942236328125,7459.0091015625,50.89505825427046,Benchmark (IHSG)
2024-12-05,^JKSE,7313.31298828125,7220.414477539062,7450.45732421875,55.30883226899792,Benchmark (IHSG)
2024-12-06,^JKSE,7382.78515625,7227.3607421875,7443.222705078125,61.705648686053266,Benchmark (IHSG)
2024-12-09,^JKSE,7437.73095703125,7234.887744140625,7438.03900390625,65.57443110224972,Benchmark (IHSG)
2024-12-10,^JKSE,7453.287109375,7244.2291015625,7436.546162109375,63.87296918590707,Benchmark (IHSG)
2024-12-11,^JKSE,7464.751953125,7251.367407226562,7432.998544921875,65.38371742931243,Benchmark (IHSG)
2024-12-12,^JKSE,7394.23779296875,7255.645751953125,7429.618056640625,63.25617761061698,Benchmark (IHSG)
2024-12-13,^JKSE,7324.7890625,7261.157153320312,7425.237275390625,56.65900248947371,Benchmark (IHSG)
2024-12-16,^JKSE,7258.630859375,7266.025805664062,7420.488076171875,46.97808321049768,Benchmark (IHSG)
2024-12-17,^JKSE,7157.73193359375,7267.198559570313,7413.56001953125,45.363081142998034,Benchmark (IHSG)
2024-12-18,^JKSE,7107.875,7262.806567382812,7404.574677734375,45.16703660894203,Benchmark (IHSG)
2024-12-19,^JKSE,6977.23779296875,7252.651708984375,7394.09373046875,43.1449020469979,Benchmark (IHSG)
2024-12-20,^JKSE,6983.865234375,7244.799365234375,7384.16943359375,46.6382653822809,Benchmark (IHSG)
2024-12-23,^JKSE,7096.44482421875,7239.843359375,7375.6862890625,44.4826653246971,Benchmark (IHSG)
2024-12-24,^JKSE,7065.74609375,7227.425268554687,7365.808115234375,33.73334201594396,Benchmark (IHSG)
2024-12-27,^JKSE,7036.57080078125,7216.959399414062,7354.0005078125,33.08492515522278,Benchmark (IHSG)
2024-12-30,^JKSE,7079.90478515625,7210.94677734375,7342.6198046875,30.876253157750966,Benchmark (IHSG)
2025-01-02,^JKSE,7163.205078125,7213.393725585937,7331.183125,33.2657290164197,Benchmark (IHSG)
2025-01-03,^JKSE,7164.42919921875,7219.265893554688,7319.2705078125,32.078961733901,Benchmark (IHSG)
2025-01-06,^JKSE,7080.47412109375,7213.488745117187,7305.42806640625,28.126478267419174,Benchmark (IHSG)
2025-01-07,^JKSE,7083.2841796875,7201.31474609375,7291.314091796875,30.822014752551155,Benchmark (IHSG)
2025-01-08,^JKSE,7080.35205078125,7189.66669921875,7277.169833984375,33.57693112708705,Benchmark (IHSG)
2025-01-09,^JKSE,7064.587890625,7173.7568359375,7264.130615234375,36.01580699420785,Benchmark (IHSG)
2025-01-10,^JKSE,7088.8662109375,7156.3135986328125,7252.014736328125,44.42087674479873,Benchmark (IHSG)
2025-01-13,^JKSE,7016.87890625,7134.493188476563,7239.659697265625,42.88318742772823,Benchmark (IHSG)
2025-01-14,^JKSE,6956.6650390625,7109.088842773437,7226.66099609375,48.19182072790664,Benchmark (IHSG)
2025-01-15,^JKSE,7079.56201171875,7093.355053710938,7216.855234375,56.9836379612981,Benchmark (IHSG)
2025-01-16,^JKSE,7107.51904296875,7082.491552734375,7207.525234375,50.922041174748756,Benchmark (IHSG)
2025-01-17,^JKSE,7154.658203125,7077.292919921875,7200.51326171875,57.20557160381465,Benchmark (IHSG)
2025-01-20,^JKSE,7170.73681640625,7077.9431640625,7194.337939453125,61.108829103893505,Benchmark (IHSG)
2025-01-21,^JKSE,7181.81982421875,7081.640405273438,7188.135712890625,58.914577706252274,Benchmark (IHSG)
2025-01-22,^JKSE,7257.1279296875,7095.634912109375,7185.600908203125,58.331990539803,Benchmark (IHSG)
2025-01-23,^JKSE,7232.64306640625,7108.073803710938,7185.376572265625,55.81148269309488,Benchmark (IHSG)
2025-01-24,^JKSE,7166.05615234375,7111.554370117187,7182.953876953125,57.51351620143727,Benchmark (IHSG)
2025-01-30,^JKSE,7073.47802734375,7111.940966796875,7179.09423828125,49.256308032080625,Benchmark (IHSG)
2025-01-31,^JKSE,7109.19580078125,7115.572216796875,7174.8384375,52.08386248313776,Benchmark (IHSG)
2025-02-03,^JKSE,7030.05810546875,7113.0798828125,7169.266181640625,47.71461461247954,Benchmark (IHSG)
2025-02-04,^JKSE,7073.458984375,7108.592578125,7166.444140625,49.00543396036109,Benchmark (IHSG)
2025-02-05,^JKSE,7024.22802734375,7101.58251953125,7163.703544921875,50.48875928337387,Benchmark (IHSG)
2025-02-06,^JKSE,6875.5361328125,7091.335620117187,7158.52873046875,45.17257649696267,Benchmark (IHSG)
2025-02-07,^JKSE,6742.576171875,7074.300219726562,7149.46595703125,30.185578518162515,Benchmark (IHSG)
2025-02-10,^JKSE,6648.14208984375,7052.689721679688,7138.822099609375,24.947594681073156,Benchmark (IHSG)
2025-02-11,^JKSE,6531.990234375,7026.059838867188,7126.643662109375,18.419571968439968,Benchmark (IHSG)
2025-02-12,^JKSE,6645.77783203125,7003.905419921875,7115.647919921875,25.776051566433154,Benchmark (IHSG)
2025-02-13,^JKSE,6613.56787109375,6983.7398681640625,7101.637119140625,24.2798090157913,Benchmark (IHSG)
2025-02-14,^JKSE,6638.458984375,6967.829565429687,7089.48853515625,20.658718410916975,Benchmark (IHSG)
2025-02-17,^JKSE,6830.8818359375,6955.395556640625,7082.10302734375,33.564036788438514,Benchmark (IHSG)
2025-02-18,^JKSE,6873.55419921875,6943.697314453125,7077.2887890625,37.794997090573624,Benchmark (IHSG)
2025-02-19,^JKSE,6794.8681640625,6925.7078125,7072.246435546875,38.238304843956705,Benchmark (IHSG)
2025-02-20,^JKSE,6788.0419921875,6906.573071289063,7064.08693359375,36.103294737184605,Benchmark (IHSG)
2025-02-21,^JKSE,6803.0009765625,6887.63212890625,7053.611669921875,39.597178207212146,Benchmark (IHSG)
2025-02-24,^JKSE,6749.60107421875,6862.255786132812,7042.337431640625,35.29687950978736,Benchmark (IHSG)
2025-02-25,^JKSE,6587.0869140625,6829.977978515625,7026.423466796875,32.00483213166554,Benchmark (IHSG)
2025-02-26,^JKSE,6606.17822265625,6801.98408203125,7009.792412109375,37.58726569950043,Benchmark (IHSG)
2025-02-27,^JKSE,6485.4482421875,6772.582592773438,6990.435634765625,38.01577208670187,Benchmark (IHSG)
2025-02-28,^JKSE,6270.59716796875,6730.652661132813,6966.5525390625,34.17922296882546,Benchmark (IHSG)
2025-03-03,^JKSE,6519.658203125,6705.132666015625,6949.060947265625,49.53502723632826,Benchmark (IHSG)
2025-03-04,^JKSE,6380.40087890625,6670.479760742188,6930.17318359375,40.18265763975694,Benchmark (IHSG)
2025-03-05,^JKSE,6531.39892578125,6645.838305664062,6915.628544921875,47.20582287106756,Benchmark (IHSG)
2025-03-06,^JKSE,6617.84716796875,6632.953857421875,6904.830849609375,49.327254350542994,Benchmark (IHSG)
2025-03-07,^JKSE,6636.0,6627.625048828125,6895.393349609375,42.82281146082918,Benchmark (IHSG)
2025-03-10,^JKSE,6598.2119140625,6625.1285400390625,6887.81283203125,39.822967963070376,Benchmark (IHSG)
2025-03-11,^JKSE,6545.85009765625,6625.821533203125,6879.052529296875,40.6132859103855,Benchmark (IHSG)
2025-03-12,^JKSE,6665.044921875,6626.784887695312,6870.42453125,45.72572910918668,Benchmark (IHSG)
2025-03-13,^JKSE,6647.4169921875,6628.47734375,6862.05794921875,44.603312033559334,Benchmark (IHSG)
2025-03-14,^JKSE,6515.630859375,6622.3359375,6851.639150390625,42.30291655516036,Benchmark (IHSG)
2025-03-17,^JKSE,6471.94677734375,6604.389184570313,6839.479990234375,45.89088336414789,Benchmark (IHSG)
2025-03-18,^JKSE,6223.38818359375,6571.880883789063,6820.68365234375,38.261575005749776,Benchmark (IHSG)
2025-03-19,^JKSE,6311.66015625,6547.720483398438,6803.628271484375,44.562468108250144,Benchmark (IHSG)
2025-03-20,^JKSE,6381.673828125,6527.402075195312,6789.652265625,53.82178328270326,Benchmark (IHSG)
2025-03-21,^JKSE,6258.17919921875,6500.160986328125,6773.150166015625,40.15247500646377,Benchmark (IHSG)
2025-03-24,^JKSE,6161.2177734375,6470.7418212890625,6754.76748046875,41.473745631806345,Benchmark (IHSG)
2025-03-25,^JKSE,6235.619140625,6453.168432617187,6738.18810546875,37.765010941175376,Benchmark (IHSG)
2025-03-26,^JKSE,6472.35595703125,6446.477319335938,6725.857900390625,44.647257106846475,Benchmark (IHSG)
2025-03-27,^JKSE,6510.6201171875,6447.735913085938,6715.732724609375,45.45443602207832,Benchmark (IHSG)
2025-04-08,^JKSE,5996.14208984375,6434.013159179687,6696.522265625,33.77900841175861,Benchmark (IHSG)
2025-04-09,^JKSE,5967.98779296875,6406.429638671875,6674.29078125,34.225445153970455,Benchmark (IHSG)
2025-04-10,^JKSE,6254.02392578125,6400.110791015625,6657.22087890625,39.716604383481986,Benchmark (IHSG)
2025-04-11,^JKSE,6262.22607421875,6386.6521484375,6639.372236328125,40.31718194474073,Benchmark (IHSG)
2025-04-14,^JKSE,6368.51708984375,6374.18564453125,6623.327841796875,46.253879608001995,Benchmark (IHSG)
2025-04-15,^JKSE,6441.68310546875,6364.469799804688,6608.525107421875,49.24076236376474,Benchmark (IHSG)
2025-04-16,^JKSE,6400.05419921875,6354.5619140625,6591.3836328125,54.94557856976097,Benchmark (IHSG)
2025-04-17,^JKSE,6438.26904296875,6349.182861328125,6575.49615234375,53.64647803619097,Benchmark (IHSG)
2025-04-21,^JKSE,6445.966796875,6338.228955078125,6561.094365234375,51.92065217454725,Benchmark (IHSG)
2025-04-22,^JKSE,6538.26611328125,6332.771411132812,6550.390126953125,58.52607058580115,Benchmark (IHSG)
2025-04-23,^JKSE,6634.376953125,6338.708715820312,6540.89375,64.41080803910815,Benchmark (IHSG)
2025-04-24,^JKSE,6613.47802734375,6345.7852783203125,6532.5621484375,61.895977699009805,Benchmark (IHSG)
2025-04-25,^JKSE,6678.9150390625,6368.56162109375,6524.67126953125,57.28922598594168,Benchmark (IHSG)
2025-04-28,^JKSE,6722.9658203125,6389.126904296875,6518.646025390625,57.46294986992127,Benchmark (IHSG)
2025-04-29,^JKSE,6749.0751953125,6407.49697265625,6516.116806640625,90.2940827545767,Benchmark (IHSG)
2025-04-30,^JKSE,6766.794921875,6432.927758789063,6516.601181640625,93.2319136015509,Benchmark (IHSG)
2025-05-02,^JKSE,6815.72998046875,6465.653369140625,6519.952939453125,90.89526537019867,Benchmark (IHSG)
2025-05-05,^JKSE,6831.9521484375,6495.47001953125,6525.952177734375,91.00036333915004,Benchmark (IHSG)
2025-05-06,^JKSE,6898.19677734375,6516.762060546875,6531.000556640625,90.44990745008197,Benchmark (IHSG)
2025-05-07,^JKSE,6926.22509765625,6537.542309570313,6537.253701171875,89.74277026983731,Benchmark (IHSG)
2025-05-08,^JKSE,6827.75,6579.122705078125,6541.039521484375,82.08790975304001,Benchmark (IHSG)
2025-05-09,^JKSE,6832.80322265625,6622.3634765625,6541.07794921875,81.14994888053775,Benchmark (IHSG)
2025-05-14,^JKSE,6979.8798828125,6658.656274414063,6543.204462890625,84.55027458117681,Benchmark (IHSG)
2025-05-15,^JKSE,7040.1611328125,6697.55302734375,6548.110322265625,83.8823815611038,Benchmark (IHSG)
2025-05-16,^JKSE,7106.52587890625,6734.453466796875,6554.48,83.2079713335307,Benchmark (IHSG)
2025-05-19,^JKSE,7141.0908203125,6769.423852539063,6561.241796875,86.409035618857,Benchmark (IHSG)
2025-05-20,^JKSE,7094.60205078125,6804.1512451171875,6568.14181640625,79.45566359121416,Benchmark (IHSG)
2025-05-21,^JKSE,7142.4609375,6839.36083984375,6579.249296875,79.56594337661694,Benchmark (IHSG)
2025-05-22,^JKSE,7166.98095703125,6875.411547851562,6590.4653515625,79.52006114608906,Benchmark (IHSG)
2025-05-23,^JKSE,7214.1630859375,6909.206396484375,6605.0396484375,80.33844112049017,Benchmark (IHSG)
2025-05-26,^JKSE,7188.35302734375,6936.905200195312,6623.394765625,76.08780669236481,Benchmark (IHSG)
2025-05-27,^JKSE,7198.966796875,6966.179638671875,6636.9809375,75.8985374217165,Benchmark (IHSG)
2025-05-28,^JKSE,7175.81884765625,6991.024829101562,6652.889296875,70.85922836593845,Benchmark (IHSG)
2025-06-02,^JKSE,7065.06884765625,7008.12998046875,6663.5626953125,59.27867346086376,Benchmark (IHSG)
2025-06-03,^JKSE,7044.82177734375,7022.917309570313,6672.1021875,66.20036630597262,Benchmark (IHSG)
2025-06-04,^JKSE,7069.037109375,7038.0294189453125,6680.7629296875,67.14021827776955,Benchmark (IHSG)
2025-06-05,^JKSE,7113.4248046875,7052.91416015625,6691.0671875,61.38621198420668,Benchmark (IHSG)
2025-06-10,^JKSE,7230.7451171875,7072.85380859375,6704.765087890625,64.80904213745323,Benchmark (IHSG)
2025-06-11,^JKSE,7222.4560546875,7089.0667724609375,6715.913310546875,59.901859301637934,Benchmark (IHSG)
2025-06-12,^JKSE,7204.3701171875,7102.9740234375,6727.052373046875,55.56138221778976,Benchmark (IHSG)
2025-06-13,^JKSE,7166.06494140625,7119.8897705078125,6740.0610546875,56.37226985445609,Benchmark (IHSG)
2025-06-16,^JKSE,7117.5908203125,7134.129150390625,6752.973935546875,47.78478865594681,Benchmark (IHSG)
2025-06-17,^JKSE,7155.85205078125,7142.927758789063,6771.623212890625,49.03242020608192,Benchmark (IHSG)
2025-06-18,^JKSE,7107.7890625,7146.309155273438,6787.545791015625,40.7656741167255,Benchmark (IHSG)
2025-06-19,^JKSE,6968.63916015625,7139.414819335938,6799.28509765625,34.06278068835765,Benchmark (IHSG)
2025-06-20,^JKSE,6907.13818359375,7127.7171875,6812.26427734375,30.287118426043506,Benchmark (IHSG)
2025-06-23,^JKSE,6787.14013671875,7112.344091796875,6824.782724609375,26.782766348903394,Benchmark (IHSG)
2025-06-24,^JKSE,6869.1708984375,7098.67958984375,6837.453759765625,37.88253032244269,Benchmark (IHSG)
2025-06-25,^JKSE,6832.14306640625,7081.9376953125,6844.649501953125,37.11208977976405,Benchmark (IHSG)
2025-06-26,^JKSE,6897.39990234375,7066.099536132812,6852.38509765625,40.09195677039614,Benchmark (IHSG)
2025-06-30,^JKSE,6927.67919921875,7053.065844726562,6871.01583984375,39.09997977057656,Benchmark (IHSG)
2025-07-01,^JKSE,6915.35986328125,7038.885498046875,6889.96328125,28.891048739788005,Benchmark (IHSG)
2025-07-02,^JKSE,6881.2451171875,7024.156811523438,6902.507705078125,27.92564214016396,Benchmark (IHSG)
2025-07-03,^JKSE,6878.05078125,7014.805908203125,6914.82419921875,28.474284528973783,Benchmark (IHSG)
2025-07-04,^JKSE,6865.19189453125,7005.8244140625,6924.7576953125,29.463412032901843,Benchmark (IHSG)
2025-07-07,^JKSE,6900.93212890625,6997.419165039062,6933.94267578125,34.949981039805564,Benchmark (IHSG)
2025-07-08,^JKSE,6904.39208984375,6986.967529296875,6944.02943359375,31.645101321008113,Benchmark (IHSG)
2025-07-09,^JKSE,6943.921875,6972.6263671875,6954.142490234375,37.88790465081364,Benchmark (IHSG)
2025-07-10,^JKSE,7005.37109375,6961.772119140625,6965.330576171875,53.067332321585695,Benchmark (IHSG)
2025-07-11,^JKSE,7047.43798828125,6953.925512695312,6975.514013671875,62.108878512549936,Benchmark (IHSG)
2025-07-14,^JKSE,7097.15087890625,6950.479809570313,6984.7694921875,80.45046790648777,Benchmark (IHSG)
2025-07-15,^JKSE,7140.47412109375,6951.623974609375,6995.3094140625,78.84157995438326,Benchmark (IHSG)
2025-07-16,^JKSE,7192.01806640625,6953.432275390625,7005.571474609375,87.11202329975065,Benchmark (IHSG)
2025-07-17,^JKSE,7287.02099609375,6962.393872070313,7016.852578125,87.8570100162066,Benchmark (IHSG)
2025-07-18,^JKSE,7311.9150390625,6979.557666015625,7028.109375,87.72858946956599,Benchmark (IHSG)
2025-07-21,^JKSE,7398.19189453125,7004.1103515625,7040.737314453125,91.39733808468026,Benchmark (IHSG)
2025-07-22,^JKSE,7344.73583984375,7031.99013671875,7051.317431640625,88.46336812435622,Benchmark (IHSG)
2025-07-23,^JKSE,7469.22998046875,7061.993090820312,7064.06298828125,90.83806171371211,Benchmark (IHSG)
2025-07-24,^JKSE,7530.90185546875,7096.9310302734375,7076.71708984375,93.0812156756176,Benchmark (IHSG)
2025-07-25,^JKSE,7543.5029296875,7129.236181640625,7089.062646484375,92.86760859212178,Benchmark (IHSG)
2025-07-28,^JKSE,7614.76806640625,7163.590625,7104.8030078125,93.45933758153573,Benchmark (IHSG)
2025-07-29,^JKSE,7617.9072265625,7198.717993164062,7120.505087890625,93.15453598436294,Benchmark (IHSG)
2025-07-30,^JKSE,7549.88818359375,7232.150146484375,7131.90525390625,84.57394993467611,Benchmark (IHSG)
2025-07-31,^JKSE,7484.3369140625,7262.464453125,7140.78876953125,76.93742101083254,Benchmark (IHSG)
2025-08-01,^JKSE,7537.76806640625,7296.09326171875,7149.41361328125,77.0426816842519,Benchmark (IHSG)
2025-08-04,^JKSE,7464.64501953125,7324.27890625,7155.884697265625,69.19375486419571,Benchmark (IHSG)
2025-08-05,^JKSE,7515.18505859375,7354.8185546875,7164.296357421875,69.15708878800615,Benchmark (IHSG)
2025-08-06,^JKSE,7503.75,7382.8099609375,7171.522138671875,64.26040194798978,Benchmark (IHSG)
2025-08-07,^JKSE,7490.18310546875,7407.050561523438,7177.986181640625,61.9072281619988,Benchmark (IHSG)
2025-08-08,^JKSE,7533.384765625,7431.347900390625,7184.370615234375,59.5814112834852,Benchmark (IHSG)
2025-08-11,^JKSE,7605.9248046875,7456.786596679687,7192.72205078125,68.02348344507422,Benchmark (IHSG)
2025-08-12,^JKSE,7791.69677734375,7489.347729492188,7204.576650390625,70.51687671954647,Benchmark (IHSG)
2025-08-13,^JKSE,7892.9111328125,7524.3923828125,7218.91849609375,71.92932639777476,Benchmark (IHSG)
2025-08-14,^JKSE,7931.2509765625,7556.6038818359375,7236.242138671875,72.77819465192539,Benchmark (IHSG)
2025-08-15,^JKSE,7898.375,7585.9268798828125,7253.313203125,67.44737643668321,Benchmark (IHSG)
2025-08-19,^JKSE,7862.94921875,7609.16474609375,7269.1914453125,64.49890618120295,Benchmark (IHSG)
2025-08-20,^JKSE,7943.8251953125,7639.119213867188,7285.799453125,72.95956379324574,Benchmark (IHSG)
2025-08-21,^JKSE,7890.71484375,7660.19345703125,7298.99884765625,74.03317150701767,Benchmark (IHSG)
2025-08-22,^JKSE,7858.85107421875,7676.59091796875,7311.726748046875,69.48591727927668,Benchmark (IHSG)
2025-08-25,^JKSE,7926.9072265625,7695.7611328125,7326.177490234375,78.22741316171906,Benchmark (IHSG)
2025-08-26,^JKSE,7905.7568359375,7710.310571289063,7340.971328125,74.73763707291609,Benchmark (IHSG)
2025-08-27,^JKSE,7936.17578125,7726.2239990234375,7357.34302734375,76.74538000082144,Benchmark (IHSG)
2025-08-28,^JKSE,7952.087890625,7746.333984375,7373.267744140625,78.48600754864249,Benchmark (IHSG)
2025-08-29,^JKSE,7830.4931640625,7763.641796875,7387.721826171875,66.70743226174918,Benchmark (IHSG)
2025-09-01,^JKSE,7736.06591796875,7773.556689453125,7403.070361328125,57.14246665648339,Benchmark (IHSG)
2025-09-02,^JKSE,7801.5849609375,7790.4036865234375,7420.959296875,50.6252134110762,Benchmark (IHSG)
2025-09-03,^JKSE,7885.86279296875,7808.937573242188,7442.93375,49.54459153946673,Benchmark (IHSG)
2025-09-04,^JKSE,7867.34814453125,7827.11748046875,7462.897294921875,45.76254064299633,Benchmark (IHSG)
2025-09-08,^JKSE,7766.84912109375,7840.95078125,7481.591416015625,41.996195470339586,Benchmark (IHSG)
2025-09-09,^JKSE,7628.60498046875,7845.7117919921875,7496.215517578125,37.32540433306238,Benchmark (IHSG)
2025-09-10,^JKSE,7699.0068359375,7850.365893554687,7511.6420703125,36.60716766069112,Benchmark (IHSG)
2025-09-11,^JKSE,7747.90478515625,7848.176293945313,7528.29296875,42.15137731621248,Benchmark (IHSG)
2025-09-12,^JKSE,7854.06005859375,7846.233740234375,7547.749267578125,49.756571236901934,Benchmark (IHSG)
2025-09-15,^JKSE,7937.1181640625,7846.527099609375,7568.930615234375,50.511021466224975,Benchmark (IHSG)
2025-09-16,^JKSE,7957.69580078125,7849.493139648437,7590.780693359375,52.60085333202929,Benchmark (IHSG)
2025-09-17,^JKSE,8025.17919921875,7857.604638671875,7613.265634765625,54.2973444868125,Benchmark (IHSG)
2025-09-18,^JKSE,8008.43310546875,7860.835034179688,7635.346455078125,52.71832204890271,Benchmark (IHSG)
2025-09-19,^JKSE,8051.1181640625,7868.855200195312,7657.490380859375,61.52104048376947,Benchmark (IHSG)
2025-09-22,^JKSE,8040.0390625,7877.914599609375,7678.183740234375,67.3869995983772,Benchmark (IHSG)
2025-09-23,^JKSE,8125.201171875,7887.829296875,7699.73900390625,68.10375062962109,Benchmark (IHSG)
2025-09-24,^JKSE,8126.55810546875,7898.869360351562,7720.3271484375,64.84195288093053,Benchmark (IHSG)
2025-09-25,^JKSE,8040.6650390625,7904.093823242188,7738.330966796875,59.86728824914449,Benchmark (IHSG)
2025-09-26,^JKSE,8099.3330078125,7911.456079101563,7756.477265625,69.8756833910792,Benchmark (IHSG)
2025-09-29,^JKSE,8123.2451171875,7926.093676757812,7773.201748046875,84.25122040447305,Benchmark (IHSG)
2025-09-30,^JKSE,8061.06201171875,7942.343481445312,7788.1846875,75.35905049381627,Benchmark (IHSG)
2025-10-01,^JKSE,8043.82177734375,7954.455322265625,7801.09728515625,71.68842769474342,Benchmark (IHSG)
2025-10-02,^JKSE,8071.0810546875,7963.716235351562,7815.624189453125,67.98603394231151,Benchmark (IHSG)
2025-10-03,^JKSE,8118.30078125,7976.2638671875,7828.60560546875,65.96418768338539,Benchmark (IHSG)
2025-10-06,^JKSE,8139.89404296875,7994.91611328125,7840.78544921875,66.02499463173717,Benchmark (IHSG)
2025-10-07,^JKSE,8169.28076171875,8021.94990234375,7853.301005859375,63.584624959032546,Benchmark (IHSG)
2025-10-08,^JKSE,8166.02880859375,8045.301000976562,7864.326220703125,65.24458903902543,Benchmark (IHSG)
2025-10-09,^JKSE,8250.9384765625,8070.452685546875,7876.986845703125,67.86933177767608,Benchmark (IHSG)
2025-10-10,^JKSE,8257.859375,8090.642651367188,7891.14626953125,69.62497096481287,Benchmark (IHSG)
2025-10-13,^JKSE,8227.2021484375,8105.1468505859375,7906.00357421875,60.1908820734375,Benchmark (IHSG)
2025-10-14,^JKSE,8066.52197265625,8110.588159179688,7916.57865234375,45.450259765249186,Benchmark (IHSG)
2025-10-15,^JKSE,8051.1748046875,8111.887939453125,7928.309248046875,50.89182277570516,Benchmark (IHSG)
2025-10-16,^JKSE,8124.7568359375,8117.704125976563,7940.50068359375,52.10412143999044,Benchmark (IHSG)
2025-10-17,^JKSE,7915.65576171875,8110.931005859375,7948.738798828125,36.85032287837145,Benchmark (IHSG)
2025-10-20,^JKSE,8088.97802734375,8113.377954101563,7960.714697265625,51.55007737915133,Benchmark (IHSG)
2025-10-21,^JKSE,8238.083984375,8119.0220947265625,7974.808681640625,59.40885250259315,Benchmark (IHSG)
2025-10-22,^JKSE,8152.55322265625,8120.321850585938,7985.74125,53.73516890247752,Benchmark (IHSG)
2025-10-23,^JKSE,8274.3515625,8132.006176757813,7995.394345703125,56.696380679075254,Benchmark (IHSG)
2025-10-24,^JKSE,8271.7216796875,8140.6256103515625,8002.970556640625,55.750517472663084,Benchmark (IHSG)
2025-10-27,^JKSE,8117.15087890625,8140.3208984375,8006.6885546875,47.949915586340815,Benchmark (IHSG)
2025-10-28,^JKSE,8092.62890625,8141.899243164063,8010.5736328125,47.16093684192634,Benchmark (IHSG)
2025-10-29,^JKSE,8166.22412109375,8148.019360351563,8016.639130859375,46.69436745898707,Benchmark (IHSG)
2025-10-30,^JKSE,8184.06396484375,8153.668505859375,8021.44390625,47.144765254978566,Benchmark (IHSG)
2025-10-31,^JKSE,8163.875,8155.947216796875,8026.907109375,47.52978489659281,Benchmark (IHSG)
2025-11-03,^JKSE,8275.083984375,8162.706713867187,8035.231767578125,58.46200966067963,Benchmark (IHSG)
2025-11-04,^JKSE,8241.9111328125,8166.338232421875,8041.531845703125,57.62842209607608,Benchmark (IHSG)
2025-11-05,^JKSE,8318.5263671875,8173.963110351562,8049.787236328125,57.73097666212881,Benchmark (IHSG)
2025-11-06,^JKSE,8337.0576171875,8178.269067382813,8057.804873046875,69.82820613793044,Benchmark (IHSG)
2025-11-07,^JKSE,8394.58984375,8185.1055908203125,8066.654912109375,66.13847528766722,Benchmark (IHSG)
2025-11-10,^JKSE,8391.240234375,8193.307495117188,8077.869853515625,59.55928963613844,Benchmark (IHSG)
2025-11-11,^JKSE,8366.5146484375,8208.30712890625,8090.478828125,64.45137013181892,Benchmark (IHSG)
2025-11-12,^JKSE,8388.56640625,8225.176708984374,8102.21845703125,58.91559321672128,Benchmark (IHSG)
2025-11-13,^JKSE,8371.9990234375,8237.538818359375,8111.941181640625,57.660938346322396,Benchmark (IHSG)
2025-11-14,^JKSE,8370.435546875,8260.277807617187,8122.0029296875,75.25450365579714,Benchmark (IHSG)
2025-11-17,^JKSE,8416.8818359375,8276.672998046875,8135.003583984375,80.97630375967907,Benchmark (IHSG)
2025-11-18,^JKSE,8361.92578125,8282.865087890625,8149.67,69.3860177783883,Benchmark (IHSG)
2025-11-19,^JKSE,8406.5771484375,8295.566284179688,8163.82140625,70.93016313059357,Benchmark (IHSG)
2025-11-20,^JKSE,8419.9169921875,8302.844555664062,8177.261650390625,74.39833986283395,Benchmark (IHSG)
2025-11-21,^JKSE,8414.3515625,8309.976049804687,8188.46748046875,66.61633179998415,Benchmark (IHSG)
2025-11-24,^JKSE,8570.25390625,8332.631201171875,8201.1301953125,80.30122512396336,Benchmark (IHSG)
2025-11-25,^JKSE,8521.884765625,8354.093994140625,8212.413974609375,69.79921160271319,Benchmark (IHSG)
2025-11-26,^JKSE,8602.1298828125,8375.889282226562,8223.95298828125,73.03911915691121,Benchmark (IHSG)
2025-11-27,^JKSE,8545.865234375,8393.979345703125,8234.701630859376,63.17734367290829,Benchmark (IHSG)
2025-11-28,^JKSE,8508.7060546875,8411.2208984375,8243.853388671874,59.66307569951557,Benchmark (IHSG)
2025-12-01,^JKSE,8548.7880859375,8424.906103515625,8254.028369140626,64.62483545414656,Benchmark (IHSG)
2025-12-02,^JKSE,8617.04296875,8443.6626953125,8263.865205078126,67.06660908740764,Benchmark (IHSG)
2025-12-03,^JKSE,8611.787109375,8458.325732421876,8273.56978515625,68.21943788593587,Benchmark (IHSG)
2025-12-04,^JKSE,8640.1962890625,8473.482666015625,8285.56041015625,69.69340076624857,Benchmark (IHSG)
2025-12-05,^JKSE,8632.7607421875,8485.3912109375,8296.22896484375,66.71172315359121,Benchmark (IHSG)
2025-12-08,^JKSE,8710.6953125,8501.36396484375,8307.97796875,76.0715818735564,Benchmark (IHSG)
2025-12-09,^JKSE,8657.1787109375,8515.89716796875,8319.900302734375,68.48818443804035,Benchmark (IHSG)
2025-12-10,^JKSE,8700.923828125,8531.5150390625,8333.04234375,69.841201983079,Benchmark (IHSG)
2025-12-11,^JKSE,8620.4814453125,8543.93916015625,8344.0303515625,63.16254868678202,Benchmark (IHSG)
2025-12-12,^JKSE,8660.4990234375,8558.442333984374,8354.87431640625,56.763664415795816,Benchmark (IHSG)
2025-12-15,^JKSE,8649.662109375,8570.08134765625,8365.069677734375,60.147508181973286,Benchmark (IHSG)
2025-12-16,^JKSE,8686.46875,8586.30849609375,8375.4134375,57.1941708914431,Benchmark (IHSG)
2025-12-17,^JKSE,8677.3447265625,8599.846875,8385.639755859374,62.19614933772015,Benchmark (IHSG)
2025-12-18,^JKSE,8618.1953125,8609.760791015626,8392.984892578124,59.75821402149789,Benchmark (IHSG)
2025-12-19,^JKSE,8609.55078125,8619.520751953125,8400.018720703125,55.73694915754321,Benchmark (IHSG)
2025-12-22,^JKSE,8645.84375,8623.300244140624,8408.391552734374,52.893903295823414,Benchmark (IHSG)
2025-12-23,^JKSE,8584.7822265625,8626.4451171875,8418.7567578125,47.56016862567254,Benchmark (IHSG)
2025-12-24,^JKSE,8537.9111328125,8623.2341796875,8428.491484375,41.05709660453139,Benchmark (IHSG)
2025-12-29,^JKSE,8644.255859375,8628.1537109375,8438.88146484375,50.85683671404466,Benchmark (IHSG)
2025-12-30,^JKSE,8646.9384765625,8635.06533203125,8453.507119140624,44.647105992007596,Benchmark (IHSG)
2026-01-02,^JKSE,8748.1318359375,8645.03251953125,8466.6901953125,57.07021938814241,Benchmark (IHSG)
2026-01-05,^JKSE,8859.19140625,8657.13994140625,8479.11234375,61.13733197723961,Benchmark (IHSG)
2026-01-06,^JKSE,8933.609375,8673.2310546875,8494.733466796875,72.22332345916544,Benchmark (IHSG)
2026-01-07,^JKSE,8944.8134765625,8688.4619140625,8508.142705078126,71.03884053614219,Benchmark (IHSG)
2026-01-08,^JKSE,8925.470703125,8703.097412109375,8521.217685546875,70.15569156285326,Benchmark (IHSG)
2026-01-09,^JKSE,8936.75390625,8714.400341796874,8537.60974609375,68.99922903570157,Benchmark (IHSG)
2026-01-12,^JKSE,8884.72265625,8725.7775390625,8553.45162109375,64.77936908508568,Benchmark (IHSG)
2026-01-13,^JKSE,8948.302734375,8738.146484375,8569.093193359375,73.3783892197844,Benchmark (IHSG)
2026-01-14,^JKSE,9032.583984375,8758.751611328125,8586.06359375,77.06039185113555,Benchmark (IHSG)
2026-01-15,^JKSE,9075.40625,8779.49697265625,8604.29421875,77.25042498252986,Benchmark (IHSG)
2026-01-19,^JKSE,9133.873046875,8803.70751953125,8621.47,84.94806914169573,Benchmark (IHSG)
2026-01-20,^JKSE,9134.7001953125,8826.119091796874,8639.32578125,90.34882461844006,Benchmark (IHSG)
2026-01-21,^JKSE,9010.330078125,8842.768359375,8653.16185546875,74.16132126062206,Benchmark (IHSG)
2026-01-22,^JKSE,8992.1826171875,8861.467724609374,8666.26435546875,72.33065514540539,Benchmark (IHSG)
2026-01-23,^JKSE,8951.009765625,8878.540673828125,8677.39275390625,64.22692739128826,Benchmark (IHSG)
2026-01-26,^JKSE,8975.333984375,8895.015185546876,8689.07462890625,59.27254242151124,Benchmark (IHSG)
2026-01-27,^JKSE,8980.23046875,8914.78759765625,8701.3489453125,54.18689660978895,Benchmark (IHSG)
2026-01-28,^JKSE,8320.5556640625,8903.91982421875,8699.98873046875,24.101929593419257,Benchmark (IHSG)
2026-01-29,^JKSE,8232.203125,8883.3171875,8697.1928125,22.796617443739024,Benchmark (IHSG)
2026-01-30,^JKSE,8329.6064453125,8867.4505859375,8696.37623046875,27.684154834281998,Benchmark (IHSG)
2026-02-02,^JKSE,7922.73095703125,8826.180541992188,8686.493212890626,21.956780488277033,Benchmark (IHSG)
2026-02-03,^JKSE,8122.59716796875,8789.350830078125,8681.706640625,27.701483688759495,Benchmark (IHSG)
2026-02-04,^JKSE,8146.716796875,8750.006201171875,8676.50943359375,25.273331512486152,Benchmark (IHSG)
2026-02-05,^JKSE,8103.87890625,8707.95947265625,8670.188671875,22.882588546098916,Benchmark (IHSG)
2026-02-06,^JKSE,7935.259765625,8658.44892578125,8660.6068359375,18.48221709671141,Benchmark (IHSG)
2026-02-09,^JKSE,8031.8740234375,8613.204931640625,8649.83923828125,22.391721335081158,Benchmark (IHSG)
2026-02-10,^JKSE,8131.73779296875,8575.555688476563,8642.036298828125,27.73199241924158,Benchmark (IHSG)
2026-02-11,^JKSE,8290.9658203125,8542.688842773438,8635.813017578124,33.41374150470692,Benchmark (IHSG)
2026-02-12,^JKSE,8265.3515625,8504.327221679687,8630.202744140624,33.66150078491182,Benchmark (IHSG)
2026-02-13,^JKSE,8212.271484375,8461.170483398437,8624.274052734376,32.06285768067967,Benchmark (IHSG)
2026-02-18,^JKSE,8310.2265625,8419.988159179688,8619.502822265626,34.91053217072148,Benchmark (IHSG)
2026-02-19,^JKSE,8274.0810546875,8376.957202148438,8612.643583984374,48.544553068610604,Benchmark (IHSG)
2026-02-20,^JKSE,8271.7666015625,8340.029028320312,8605.843173828125,51.309583072039516,Benchmark (IHSG)
2026-02-23,^JKSE,8396.08203125,8310.223999023438,8600.960888671874,52.16187907629064,Benchmark (IHSG)
2026-02-24,^JKSE,8280.8330078125,8276.715161132812,8593.922333984376,64.37211070589412,Benchmark (IHSG)
2026-02-25,^JKSE,8322.228515625,8244.059887695312,8586.152998046875,59.17970162068564,Benchmark (IHSG)
2026-02-26,^JKSE,8235.26171875,8206.811450195313,8577.714658203126,53.84911241598771,Benchmark (IHSG)
2026-02-27,^JKSE,8235.4853515625,8202.557934570312,8568.405888671876,55.94114446990611,Benchmark (IHSG)
2026-03-02,^JKSE,8016.8330078125,8191.7894287109375,8556.332919921875,53.52332248749579,Benchmark (IHSG)
2026-03-03,^JKSE,7939.76708984375,8172.2974609375,8541.91828125,45.95337071444722,Benchmark (IHSG)
2026-03-04,^JKSE,7577.06396484375,8155.014111328125,8520.466318359375,30.203076824411596,Benchmark (IHSG)
2026-03-05,^JKSE,7710.537109375,8134.411108398437,8500.947685546875,28.8958696396285,Benchmark (IHSG)
2026-03-06,^JKSE,7585.68701171875,8106.359619140625,8479.11453125,26.950993707342576,Benchmark (IHSG)
2026-03-09,^JKSE,7337.369140625,8068.034130859375,8453.4980078125,23.799481663146565,Benchmark (IHSG)
2026-03-10,^JKSE,7440.9130859375,8043.316796875,8430.12525390625,24.053702237700108,Benchmark (IHSG)
2026-03-11,^JKSE,7389.39892578125,8011.193041992187,8404.996357421875,23.83503657519715,Benchmark (IHSG)
2026-03-12,^JKSE,7362.1171875,7972.71201171875,8380.543056640625,23.488153531057208,Benchmark (IHSG)
2026-03-13,^JKSE,7137.2119140625,7915.02431640625,8352.529072265625,15.34220021185871,Benchmark (IHSG)
2026-03-16,^JKSE,7022.2880859375,7852.871142578125,8320.089716796874,15.34494785137332,Benchmark (IHSG)
2026-03-17,^JKSE,7106.8388671875,7797.59951171875,8289.287724609376,17.310179513634253,Benchmark (IHSG)
2026-03-25,^JKSE,7302.12109375,7747.19423828125,8260.367509765625,26.283579622368393,Benchmark (IHSG)
2026-03-26,^JKSE,7164.0908203125,7691.6947265625,8226.465498046875,24.552343946072043,Benchmark (IHSG)
2026-03-27,^JKSE,7097.05712890625,7632.959252929688,8189.734453125,26.457969180039896,Benchmark (IHSG)
2026-03-30,^JKSE,7091.669921875,7567.7386474609375,8152.67158203125,27.465767980194713,Benchmark (IHSG)
2026-03-31,^JKSE,7048.22216796875,7506.10810546875,8115.126611328125,33.077517291722785,Benchmark (IHSG)
2026-04-01,^JKSE,7184.43798828125,7449.218579101563,8080.08029296875,33.19477818126009,Benchmark (IHSG)
2026-04-02,^JKSE,7026.7822265625,7388.794604492187,8042.921484375,32.51335440951404,Benchmark (IHSG)
2026-04-06,^JKSE,6989.42578125,7326.491625976562,8003.7439453125,37.458146182115144,Benchmark (IHSG)
2026-04-07,^JKSE,6971.02685546875,7274.201318359375,7962.512802734375,31.954990562404205,Benchmark (IHSG)
2026-04-08,^JKSE,7279.208984375,7241.173413085938,7926.588857421875,46.4652163656806,Benchmark (IHSG)
2026-04-09,^JKSE,7307.5888671875,7227.699658203125,7890.063173828125,48.25201730044879,Benchmark (IHSG)
2026-04-10,^JKSE,7458.49609375,7215.097607421875,7856.539091796875,60.8121742331127,Benchmark (IHSG)
2026-04-13,^JKSE,7500.18701171875,7210.822607421875,7826.33623046875,66.91654806921505,Benchmark (IHSG)
2026-04-14,^JKSE,7675.951171875,7227.751708984375,7800.0116015625,68.92332360493616,Benchmark (IHSG)
2026-04-15,^JKSE,7623.5859375,7236.8853515625,7773.463125,61.8114784979996,Benchmark (IHSG)
2026-04-16,^JKSE,7621.3818359375,7248.4844970703125,7746.38408203125,68.66510309003029,Benchmark (IHSG)
2026-04-17,^JKSE,7634.00390625,7262.078833007812,7719.45955078125,72.93512025605014,Benchmark (IHSG)
2026-04-20,^JKSE,7594.11083984375,7284.923779296875,7704.930654296875,70.84672637196512,Benchmark (IHSG)
2026-04-21,^JKSE,7559.3798828125,7311.778369140625,7691.474189453125,71.36291971255743,Benchmark (IHSG)
2026-04-22,^JKSE,7541.61181640625,7333.517016601562,7675.714296875,66.56774981450259,Benchmark (IHSG)
2026-04-23,^JKSE,7378.60595703125,7337.341259765625,7664.831796875,66.23898203093484,Benchmark (IHSG)
2026-04-24,^JKSE,7129.490234375,7335.61123046875,7644.969658203125,55.40777568058131,Benchmark (IHSG)
2026-04-27,^JKSE,7106.52001953125,7336.084375,7624.16572265625,55.21288107064225,Benchmark (IHSG)
2026-04-28,^JKSE,7072.39208984375,7335.1204833984375,7603.535986328125,39.91673637836574,Benchmark (IHSG)
2026-04-29,^JKSE,7101.22607421875,7337.770678710937,7586.8553125,39.94332888994012,Benchmark (IHSG)
2026-04-30,^JKSE,6956.80419921875,7326.388989257813,7565.353916015625,25.395540634062357,Benchmark (IHSG)
2026-05-04,^JKSE,6971.953125,7323.647534179688,7542.15822265625,23.401374995267034,Benchmark (IHSG)
2026-05-05,^JKSE,7057.10595703125,7327.03154296875,7517.481025390625,15.709659178532874,Benchmark (IHSG)
2026-05-06,^JKSE,7092.466796875,7333.103540039063,7494.023330078125,20.0053496285593,Benchmark (IHSG)
2026-05-07,^JKSE,7174.32080078125,7327.859130859375,7473.26431640625,26.836368162652747,Benchmark (IHSG)
2026-05-08,^JKSE,6969.39599609375,7310.949487304688,7446.447705078125,21.286498979608623,Benchmark (IHSG)
2026-05-11,^JKSE,6905.6201171875,7283.305688476563,7419.078486328125,20.856101965994526,Benchmark (IHSG)
2026-05-12,^JKSE,6858.89892578125,7251.241284179688,7390.8211328125,20.64651992092115,Benchmark (IHSG)
2026-05-13,^JKSE,6723.31982421875,7203.609716796875,7357.365888671875,18.79114191367023,Benchmark (IHSG)
2026-05-14,^JKSE,6723.31982421875,7158.596411132812,7326.215625,21.4593475843847,Benchmark (IHSG)
2026-05-15,^JKSE,6723.31982421875,7113.693310546875,7294.237451171875,27.40664972195499,Benchmark (IHSG)
2026-05-18,^JKSE,6599.240234375,7061.955126953125,7261.517021484375,24.635527727334647,Benchmark (IHSG)
2026-05-19,^JKSE,6370.67919921875,7000.783544921875,7224.2208984375,20.625224842201646,Benchmark (IHSG)
2026-05-20,^JKSE,6318.5,6938.73955078125,7190.25423828125,17.862036086225544,Benchmark (IHSG)
2026-05-21,^JKSE,6094.94091796875,6866.406005859375,7153.35771484375,16.772086606998982,Benchmark (IHSG)
2026-05-22,^JKSE,6162.044921875,6805.577954101563,7125.057333984375,19.97786021673531,Benchmark (IHSG)
2026-05-25,^JKSE,6206.34912109375,6759.4208984375,7094.97357421875,17.47878706430889,Benchmark (IHSG)
2026-05-26,^JKSE,6130.18994140625,6710.60439453125,7065.8636328125,14.328441957829313,Benchmark (IHSG)
2026-05-27,^JKSE,6130.18994140625,6663.494287109375,7041.720048828125,8.79343648688021,Benchmark (IHSG)
2026-05-28,^JKSE,6130.18994140625,6614.94248046875,7015.5055859375,10.490192742878008,Benchmark (IHSG)
2026-05-29,^JKSE,6127.380859375,6573.4713134765625,6990.265224609375,11.129071751403046,Benchmark (IHSG)
2026-06-02,^JKSE,6195.4267578125,6534.644995117187,6966.931416015625,17.552576970009568,Benchmark (IHSG)
2026-06-03,^JKSE,5941.06591796875,6478.842993164062,6943.00849609375,15.725557314620687,Benchmark (IHSG)
2026-06-04,^JKSE,5839.78515625,6416.208911132812,6919.3584375,14.443650145823014,Benchmark (IHSG)
2026-06-05,^JKSE,5594.76513671875,6337.231127929687,6889.116962890625,12.064442258932402,Benchmark (IHSG)
2026-06-08,^JKSE,5342.13720703125,6255.868188476563,6849.91728515625,11.10475584445328,Benchmark (IHSG)
2026-06-09,^JKSE,5746.64794921875,6197.919580078125,6821.568427734375,32.588034232749564,Benchmark (IHSG)
2026-06-10,^JKSE,5902.3759765625,6150.093432617187,6797.6748046875,39.0234270752941,Benchmark (IHSG)
2026-06-11,^JKSE,5886.0322265625,6108.229052734375,6773.56205078125,43.81302552299598,Benchmark (IHSG)
2026-06-12,^JKSE,6007.65576171875,6072.445849609375,6752.75072265625,45.57069304955645,Benchmark (IHSG)
2026-06-15,^JKSE,6254.9658203125,6049.028149414063,6734.161279296875,51.249260044882874,Benchmark (IHSG)
2026-06-17,^JKSE,6220.740234375,6030.1031494140625,6718.040439453125,52.37803844367465,Benchmark (IHSG)
2026-06-18,^JKSE,6172.33984375,6020.186181640625,6701.698720703125,51.07950087575091,Benchmark (IHSG)
2026-06-19,^JKSE,6177.13916015625,6013.118139648437,6685.820966796875,51.19946747995066,Benchmark (IHSG)
2026-06-22,^JKSE,6116.68994140625,6014.205590820313,6662.5705859375,49.734680607315426,Benchmark (IHSG)
2026-06-23,^JKSE,6101.3330078125,6011.169995117188,6638.44546875,47.60214142866102,Benchmark (IHSG)
2026-06-24,^JKSE,5883.880859375,5995.04658203125,6606.9531640625,48.51477288320102,Benchmark (IHSG)
2026-06-25,^JKSE,5999.0380859375,5988.488989257812,6576.930185546875,54.10656340010103,Benchmark (IHSG)
2026-06-26,^JKSE,5896.1337890625,5976.786181640625,6541.333837890625,58.38584424198831,Benchmark (IHSG)
2026-06-29,^JKSE,5820.7900390625,5961.316186523438,6505.277919921875,64.77683872930291,Benchmark (IHSG)
2026-06-30,^JKSE,5643.19384765625,5937.1068359375,6465.71416015625,46.285818464850315,Benchmark (IHSG)
2026-07-01,^JKSE,5695.1162109375,5912.09130859375,6426.93640625,41.959724749927645,Benchmark (IHSG)
2026-07-02,^JKSE,5744.55615234375,5902.2658203125,6389.9453125,44.649088042218835,Benchmark (IHSG)
2026-07-03,^JKSE,5875.77978515625,5904.0655517578125,6356.273310546875,45.0481431040843,Benchmark (IHSG)
2026-07-06,^JKSE,5916.06982421875,5920.130786132812,6323.762470703125,34.932076361392745,Benchmark (IHSG)
2026-07-07,^JKSE,5986.4970703125,5952.348779296875,6295.92029296875,39.90994606354759,Benchmark (IHSG)
2026-07-08,^JKSE,5873.3720703125,5958.684985351562,6270.7979296875,37.80208606429681,Benchmark (IHSG)
2026-07-09,^JKSE,5912.44189453125,5959.18828125,6246.9163671875,39.49412089377298,Benchmark (IHSG)
2026-07-10,^JKSE,5924.35986328125,5961.104663085937,6223.95572265625,42.06052426195038,Benchmark (IHSG)
2026-07-13,^JKSE,6037.841796875,5962.61396484375,6202.688037109375,47.5754712196519,Benchmark (IHSG)
2026-07-14,^JKSE,6039.52099609375,5951.841723632812,6184.342373046875,57.11609274488994,Benchmark (IHSG)
2026-07-15,^JKSE,6041.97216796875,5942.9033203125,6165.74275390625,52.188565764996184,Benchmark (IHSG)
2026-07-16,^JKSE,6108.208984375,5939.69677734375,6146.764814453125,61.23035663680386,Benchmark (IHSG)
2026-07-17,^JKSE,6175.53515625,5939.6165771484375,6128.426181640625,68.94626435342813,Benchmark (IHSG)
2026-07-20,^JKSE,6175.53515625,5942.558837890625,6108.45046875,85.087490626579,Benchmark (IHSG)
