Date,AALI.JK,BISI.JK,CPIN.JK,JPFA.JK,ICBP.JK,INDF.JK,^JKSE
2023-01-02,,,,,,,
2023-01-03,0.021739149328377172,0.0031348141319575973,0.017621110046247113,0.014925360043503533,0.0024631724335413274,-0.003690007657552008,0.00551364977729385
2023-01-04,-0.01215803467399268,-0.00937496443589636,-0.017315983200708374,0.007353042845525737,-0.007371042514609405,0.014814866212817357,-0.010962650310004651
2023-01-05,-0.024615415305258903,-0.01892746206578022,0.030836871820621337,-0.010949001777417977,0.01237608359310749,0.0,-0.023395327040581115
2023-01-06,0.00946376208231614,-0.0032155438046371776,0.025641206343726575,0.018450168498600705,-0.004889788915009463,0.014598506670917999,0.004616474301951667
2023-01-09,0.0031249401033104363,-0.009677383531680128,0.04166662576655367,-0.003623078862246998,0.002456908220084486,0.0,0.0005545663889086061
2023-01-10,-0.003115205273421573,0.0,0.0,-0.010909187263785869,0.0,-0.03956827644324867,-0.0098330601339639
2023-01-11,-0.009375038944235303,0.0,-0.003999970530500718,0.0,0.03186279431724914,0.0,-0.005744945873582319
2023-01-12,0.006309101153741725,0.0,0.0,-0.033088098676324784,-0.007125925041250314,-0.007490747591840985,0.006907324901223255
2023-01-13,-0.0062695459541290965,-0.00977195044397905,-0.004016120561542991,0.011406720917140456,0.0,0.01132083735347833,0.0017942857269110934
2023-01-16,0.00946376208231614,0.0065789849274646706,-0.0040322284660027075,-0.011278075062420956,-0.0047847121946096305,0.0,0.006959986967070897
2023-01-17,0.0031249401033104363,0.029411652585296544,-0.008097193022220006,0.0,-0.00480761207145064,0.0186566521622078,0.011854371653179374
2023-01-18,0.009345906424548689,0.0031748021687285632,0.0,-0.01901149944849434,0.012077248392654782,0.018315040080234102,-0.0002295896132562536
2023-01-19,0.003086360437579483,0.0,-0.012244895461599126,0.0038759654609270555,0.002386646389263447,-0.010791445246948972,0.00799923211990472
2023-01-20,-0.006153943522440031,0.0031644845915612674,-0.016528804207814662,0.011583001070697652,0.0,0.0,0.00806813406008522
2023-01-24,0.0,0.003154591969576348,0.004201649290425102,0.0038169026152090613,-0.00952385548175605,0.007272836032191865,-0.0020476057324153585
2023-01-25,0.003096132823101838,0.0,-0.01673654602444863,0.0,0.002403961524591214,-0.018050562061875053,-0.0045072855518268895
2023-01-26,0.009259225269474314,0.0,0.012766137778304376,0.02281355355425352,-0.033573197779897423,-0.014705849001403815,0.005108060319007457
2023-01-27,0.0,-0.0031446718131277196,-0.016806957107668552,-0.0037174688705400305,-0.0074442045791970335,0.0,0.0049765465856499436
2023-01-30,-0.006116233250428538,-0.0063092736908304525,0.004273564898869209,0.0037313400108758277,0.010000048512525117,0.014925338779794295,-0.0038411469991074254
2023-01-31,0.01230767177417924,0.0,-0.008510576248325408,0.003717578098631602,0.0,-0.011029323753704579,-0.0048220082912482365
2023-02-01,-0.003039597274094863,0.009523954898480458,0.00858362786778133,-0.007407508976036925,0.027227746814797893,-0.011152581171528064,0.0033506171069663804
2023-02-02,0.00609758698802243,0.04402513697547317,-0.012765864372488056,0.011194020032627483,-0.012048146450197916,-0.007518737579069179,0.004126042130357499
2023-02-03,-0.012121122177983001,0.03915659088513479,0.004310312995263299,0.007380175821421142,0.021951113053364724,0.015151567601098925,0.0030708853972865047
2023-02-06,0.003067497389980467,-0.026087022495728363,-0.004291813933890665,0.003663000114838777,-0.019093068197056917,-0.0037313133824135036,-0.005489350329740406
2023-02-07,-0.006116233250428538,0.00892870751571162,0.008620533676789721,-0.0036496315141831825,0.0,0.0,0.00894844860502464
2023-02-08,0.009230664134509237,0.0,-0.017093893496498813,0.007326000229677554,0.004866098614170644,0.018726526701896784,0.0006954625818882398
2023-02-09,-0.006097444786833273,0.0,0.008695681323416027,-0.02181826768264794,-0.002421214976095376,-0.003676525247699236,-0.006161098694792644
2023-02-10,0.006134851706388389,0.0,0.008620533676789721,0.01115240661161998,0.0,0.01845020690059851,-0.002469947905266112
2023-02-13,-0.0030486512928220577,-0.005899822116548714,-0.017093893496498813,-0.01102940223323201,-0.0024271961519887197,-0.025362200070527807,0.0028793731904119824
2023-02-14,-0.006116233250428538,0.008902128257376463,0.013043475426890216,0.0,0.002433101767235657,0.003717357190735182,0.006045506746742202
2023-02-15,0.006153871765539831,0.055882336205127725,0.0,-0.01858723512460847,0.0,-0.011111022731619014,-0.003935100143709014
2023-02-16,0.02446471904765901,-0.002785531214782644,-0.004291813933890665,-0.0037878749936699485,-0.00970878460795499,-0.0112360358183351,-0.0027296145025053065
2023-02-17,0.0,-0.01955302556355798,0.0,0.00380227754570428,0.014705953850319808,0.0,7.2226093164040606e-06
2023-02-20,0.0,-0.005698038028746022,0.017241251981052752,0.0075756386905487805,0.0,0.0037878486293680957,-0.00014459276177980485
2023-02-21,-0.011940209982234995,0.0057306917281438885,-0.008474605495475629,-0.00751867988828514,-0.00483094102106385,-0.015094306112565903,-0.0030910641215038392
2023-02-22,0.006042180277471942,0.00284893795658836,-0.02136736687062346,0.0037878749936699485,-0.007281693121604538,0.011494248848894495,-0.009229343200584994
2023-02-23,-0.006005891597711588,-0.005681769960859229,-0.004366873486738032,0.007547051403262284,0.0,-0.003787935171181478,0.004329877777103697
2023-02-24,0.012084501467285014,-0.014285714285714235,-0.01315779833163222,-0.018726575273965707,-0.004889788915009463,0.0,0.002503426451621049
2023-02-27,0.0,-0.00869570165440503,0.0,0.0,-0.012285070857682268,0.0038023381817127166,-0.0002624219962188423
2023-02-28,-0.008955053064312546,-0.008771813795162564,-0.044444495210159585,0.026717533281686245,0.0074626153211614366,-0.01893932968865375,-0.0016832183134152245
2023-03-01,0.009035970661070092,0.011799392451850022,0.04186045538664085,-0.01486976625406844,-0.022222118113643385,-0.030888047576882016,0.0002480208103445847
2023-03-02,0.0,-0.01749281003767844,-0.031250056768828194,-0.02641517885703537,-0.005050529249294056,-0.003984122856258376,0.0018231001490967014
2023-03-03,-0.0029849480731950484,-0.005934667746408384,-0.02764976503710237,-0.007752044806953351,-0.012690306995347123,0.004000059585077764,-0.006384156179022105
2023-03-06,-0.005987978796889615,0.002985006683503544,-0.004739301857353273,-0.023437366394914227,0.0025705954871078074,-0.003984122856258376,-0.0009738198051399971
2023-03-07,-0.01807236278582436,0.005952499902622144,-0.023809450963306666,0.003999996239058667,0.0230770353478571,0.0,-0.005912025604383309
2023-03-08,-0.01533748694990178,0.03550290628156305,0.014634037792374377,-0.02788847862849253,-0.017543943076048785,-0.015999872787686997,0.0014205185044073865
2023-03-09,0.00311527792449251,-0.00571423694065798,-0.03365390902210019,0.0,0.0,0.0,0.0034568366665932437
2023-03-10,0.006211278640823492,0.0,-0.008955095064974938,0.008196653698892442,-0.005102065511489173,-0.004065193552937885,-0.005072677111413348
2023-03-13,0.003086360437579483,-0.008620738286227225,0.00200814633514379,-0.03658533526524321,-0.010256349584743862,0.0,0.0032006436797138438
2023-03-14,-0.015384607656949156,0.002898567218134973,-0.008016165165900091,0.0,0.0,0.008163387106249864,-0.02138530631343849
2023-03-15,-0.0062500259628235355,0.00867048719696406,0.010100935805450684,-0.02531630974954946,-0.0336788065461352,-0.012145836243170116,-0.0020591901376481037
2023-03-16,-0.00943400169979236,-0.037249333188332345,-0.039999815815613404,-0.06493518965354517,0.008042934495344989,0.008196843344502991,-0.00941579477583765
2023-03-17,0.0,0.00892870751571162,0.03541655814194211,0.0416666298253634,0.015957408986262633,-0.004065193552937885,0.017135767517927114
2023-03-20,0.0,0.008849439430034467,-0.010060288040706578,-0.013333322015684601,0.007853441262366534,0.01224489415292962,-0.00984490125742954
2023-03-21,0.0031746165713948393,0.0,0.010162525979279247,-0.013513369534956077,0.007792133315606575,-0.012096770478824181,0.011965326626486528
2023-03-24,0.006329140548322343,-0.005847903593738324,0.031187173025017723,0.03652957652449307,0.02835065410223714,0.032653082158886626,0.010556959766043317
2023-03-27,0.015723189493408674,-0.008823579619910982,-0.024390376403674474,0.02202641176070852,0.0,0.007905075519397675,-0.00788506340052808
2023-03-28,-0.009287820859525175,0.01186950434316869,0.01500021202621249,0.008620682012615344,0.012531279835672926,0.0,0.0076606844521009965
2023-03-29,0.012500051925647071,0.0029324845228360097,0.004926071474879112,-0.01282037598617669,-0.012376190331331416,-0.003921448111727899,0.011701785578085433
2023-03-30,0.0,0.0,-0.004901924245680367,-0.004329127120267451,-0.010025218404961289,0.007873952712928345,-0.004457218859062473
2023-03-31,0.0,-0.00292391020142424,-0.016748769616271364,-0.02173917486934751,0.0101267411971937,-0.03125001952261652,-0.0005396303062690233
2023-04-03,0.024691387349211613,0.0058651359153636395,-0.03406835323488411,0.0,0.0,-0.004032133992728393,0.0032177896188239075
2023-04-04,-0.0030121307082514592,0.0,-0.022821544268270655,-0.004444375377767318,0.022556282089053248,0.028340037905731474,0.0008793414758661022
2023-04-05,-0.009063552240890171,-0.008746405018839276,-0.03184701501232767,-0.013392976016783575,-0.007352976925159904,-0.011811019018359903,-0.0019761548036282273
2023-04-06,0.003048864594605849,-0.0058823027330302535,-0.03070173790644337,0.0,-0.004938189317096886,-0.003984122856258376,-0.003945887265805359
2023-04-10,0.01215796378951528,0.0059171089592326975,0.02488683808897818,0.0180995995490274,0.0,0.011999995978921207,-0.0031695889676969236
2023-04-11,-0.006005891597711588,-0.0029411095263932596,-0.011037564121823662,-0.013333322015684601,0.0124069006289107,0.003952628064201047,0.005919023984803484
2023-04-12,-0.009063552240890171,-0.01769913064131623,0.0022322100833869207,-0.00900886890565078,-0.0147058481585427,-0.011811019018359903,-0.0018131740395457285
2023-04-13,-0.007105651217455433,-0.00900905981074518,0.008908655559471512,-0.00909096676288279,0.019900593574463832,0.0,-0.00196584699041491
2023-04-14,0.003194926157075839,0.0,-0.008829992200365622,0.004587219026179756,0.0,0.003984031832203971,0.004859715166794398
2023-04-17,0.0,0.018181749209011278,0.011135834355231689,0.02392333969749738,-0.002439246286360053,0.0039682223082109225,-0.004545259244194577
2023-04-18,0.003184751112442985,0.0,-0.022026445485669233,-0.004672903319219102,-0.0024448944575047316,0.003952628064201047,0.005042310722533916
2023-04-26,-0.025396840757217598,0.0,0.024774676048489486,0.009389683722672348,0.0,0.023622038036719806,0.012949624942586668
2023-04-27,-0.0032574405250803684,0.0,0.01758235990890089,-0.01395344135956944,0.0049020903085501555,-0.011538457144800396,0.005112782443673414
2023-04-28,0.00980403862109136,0.0,-0.008639223185733624,-0.018868014370326702,0.03170725678925468,0.003891019451718991,-0.004284980031055263
2023-05-02,-0.0032362842182327434,-0.06845226704240426,0.008714509780683333,0.0048077661945133965,-0.016548542646622977,0.007751964756760543,-0.007578978642536427
2023-05-03,-0.003246718987247821,-0.041533598599869714,0.02591801648144565,0.02870810347901842,0.03365390645561783,0.02307682641637787,-0.00736957103571545
2023-05-04,-0.016286618553765564,0.023333276430767658,0.012631734382229975,0.03255811678688847,0.004651185179747497,-0.003759368789534645,0.004595033633865819
2023-05-05,-0.006622594706065632,0.02931612935751815,-0.004158128894315105,-0.0225224892382776,0.0069443778977746895,0.01132083735347833,-0.008240177498527235
2023-05-08,0.01333341701133417,-0.03481014082843281,-0.02296447462418061,-0.023041439818627052,0.013793071315965078,0.026119278927034806,-0.002651882574777664
2023-05-09,0.0032894387597410812,0.003278613592435864,0.0,0.0,-0.0022674869997673097,-0.007272669871898674,0.0015287570783002469
2023-05-10,0.006557381145216201,0.0,0.0,0.004716920925440737,-0.009090854742628274,0.010989007310382881,0.004708687161240288
2023-05-11,-0.006514662023297202,-0.009803977173145628,0.002136759226007312,0.02347420930668065,0.006880667706347765,-0.014492721231356032,-0.008216027475451027
2023-05-12,-0.0032786538287570277,0.02640269759487124,0.01066090194353908,0.018348583140982422,-0.009111661168007656,-0.011029323753704579,-0.007130735180083558
2023-05-15,0.0,-0.0032155438046371776,0.06012650363701355,0.05855857306707546,0.01149430870630197,0.0,0.0005929026819220251
2023-05-16,-0.016447414987011855,-0.012903116856679997,-0.008955095064974938,-0.008510709129507577,0.0,0.014869768495822555,-0.0052410058051844954
2023-05-17,-0.013378009907926702,0.013071783608100462,0.004015970128312674,0.008583763039977432,0.0,-0.0036629745405317715,-0.002014538523606446
2023-05-19,0.0033898709446591457,-0.0064514666499997375,-0.005999913476171903,-0.00425538439528117,-0.004545574378958861,0.022058815500338058,0.005620084981324602
2023-05-22,0.0,0.01298699379235524,0.021126884984311145,0.03846159146417194,0.004566330976049526,-0.007194269436768708,0.00434082121592394
2023-05-23,0.01351352272296169,0.009615256598645594,-0.02266011868696749,-0.02057610129545706,0.01590906930342184,0.007246402005241626,0.0010456877461169078
2023-05-24,0.0,0.01587310762823213,0.028225789911269228,0.016806744470563295,0.00223705078584735,0.0,0.0013537991505088165
2023-05-25,-0.006666521724415286,0.0,0.0,0.020661125423709903,0.0,0.021582726126714524,-0.006162829658221458
2023-05-26,-0.013422825859025656,0.0,0.01470577273704099,0.03238859272717454,0.0,0.014084555763869355,-0.0025700159465239514
2023-05-29,0.0,0.0,0.014492750624268247,-0.007842928108599989,-0.002232057559729328,0.0,-0.0008821481859992986
2023-05-30,0.00340117176630228,-0.0031250177820517644,-0.05523797518752949,-0.06324129114860655,0.00223705078584735,-0.006944547463253015,-0.006687399605507571
2023-05-31,-0.04406771445002389,0.01880879560276938,-0.00201624350884666,0.00843894836264214,0.044642980039886204,-0.006992951688176596,-0.00047640440708285325
2023-06-05,0.0,0.03403990270536683,-0.010101043971044499,-0.012552375381115866,-0.01282048210666531,0.021126753198484893,2.6499973978522107e-05
2023-06-06,0.003546141286261406,0.0,0.0,-0.004237293673650777,-0.021645124680678363,0.01724132090233832,-0.0021880301464548557
2023-06-07,-0.003533610603809745,0.0,0.016326585915904746,0.029787273139584958,0.0,0.01016956608514108,0.00012570493245789294
2023-06-08,0.028368891845949484,0.006211038146868075,0.004015970128312674,-0.004132178736486303,0.0,-0.003355754609313366,0.007035788505315832
2023-06-09,0.01034463996102164,0.04012355495110831,0.004999963591458378,0.012448089812129748,0.0066372004351531455,0.0,0.004154286891242531
2023-06-12,0.017065050061457976,-0.01780415262241508,0.014925584646399148,0.028688503395739584,-0.006593438462520473,0.0033670536150016694,0.004234989508263842
2023-06-13,-0.013422825859025656,0.0030210791137783577,-0.014706087689768221,-0.023904413180869444,-0.004424704886904718,-0.013422865101424764,-0.0004996578879702396
2023-06-14,0.00340117176630228,-0.0030119796848613323,0.009950496315459745,0.0,0.00444436991217434,0.010204078460774646,-0.002872052777576073
2023-06-15,0.013559407799818235,-0.012084645889616885,0.004926071474879112,0.012244971301778484,0.0022124955482483166,0.0033670536150016694,0.0021013015067392615
2023-06-16,0.01337793494555406,0.0,0.019607696982721468,0.0,-0.011037675320941798,-0.02348989892562181,-0.0022711517185785013
2023-06-19,0.0033003690945319075,0.006116235484820098,0.0,-0.004032319613255564,0.004464403884505863,0.017182071497723772,-0.0018642540243103412
2023-06-20,-0.006578951248917608,0.0,0.004807760126202654,-0.008097176563064412,-0.004444561566583127,-0.033783823941334945,-0.003829461210574814
2023-06-21,0.006622520488355432,-0.039513688893035526,0.0,0.02857140895111665,0.011160865328741165,0.03146852225105978,0.006331387477336081
2023-06-22,0.0,0.041139252518337166,-0.014353961080881716,0.015873037067797746,-0.013245096154029246,-0.020338899827500923,-0.007514036594804319
2023-06-23,-0.006578951248917608,0.006079054555632624,0.009708561224557766,0.035156131908690824,0.0,0.010380619007692271,-0.0018833175484928022
2023-06-26,-0.009933817841388248,0.0,0.004807760126202654,-0.018867792759976187,0.013422883537143049,0.0034246302026892383,0.0037554309685572385
2023-06-27,0.0,-0.0030211614724041658,0.009569307387254478,0.030769162741508538,0.0,0.003412942137963615,-0.00041848483871631537
2023-07-03,0.01672245616312895,-0.027272766323875652,0.028436014146854705,0.033582082915295075,0.022074874678962964,-0.013605412044026766,0.005229292599392199
2023-07-04,0.0,0.0,0.013825079908308613,0.018050616799171637,-0.00863916522778374,0.01724132090233832,-0.0022342166614144343
2023-07-05,0.0032894387597410812,-0.009345751533520907,0.0,-0.024822677405126004,-0.0021786596761660393,0.006779684907562755,0.005570864334951242
2023-07-06,0.006557381145216201,0.0,-0.02272739441354854,0.0,-0.00436683319572817,0.0033670536150016694,0.005708310002605188
2023-07-07,0.009771956530468362,0.009433918592675505,0.0,0.003636317288107982,0.005618941785822562,0.0113999821823767,-0.0060485523029314425
2023-07-10,0.012903234202861436,0.0,0.0,-0.018115915157388085,0.004434640676839852,-0.003436411529174732,0.002170652958116248
2023-07-11,0.00955403919322495,0.0,0.01860461363418575,0.0,0.017659964994455102,0.006896598412398758,0.009788347851596324
2023-07-12,0.0031546825332460227,-0.0031151938949605107,-0.00456617655471947,-0.007380083346051669,0.010846019712977162,0.013698571150461136,0.001660332899907413
2023-07-13,-0.00628924168224354,-0.00937504152997981,-0.00917434257094385,0.014869907851394748,0.004291894709787858,0.00675672805522165,0.000294336771182957
2023-07-14,0.0063290465858401035,0.012618266960394253,0.013888886134672429,0.007326016731975082,0.00641023898294546,0.0,0.008716157287896875
2023-07-17,-0.012578624331464061,-0.012461030352801106,-0.009132450902991418,0.003636317288107982,-0.010615742605835532,-0.02013414323520013,-0.0003534040335683164
2023-07-18,-0.003184751112442874,0.0,-0.018433143793108675,-0.0072463863823001295,0.008583698408618723,0.006849210031084185,-0.00537937135694333
2023-07-20,0.0,0.0,-0.023474207199278396,-0.007299177445619476,-0.023404162586853627,-0.0034012712224933406,0.004975816856654713
2023-07-21,0.02236433988067854,-0.015772855199472247,-0.004807657160873169,-0.033088224681830924,0.002178581599051821,0.0,0.002420212067854699
2023-07-24,0.01562490369092795,-0.0032051424874257606,-0.019323529548700646,-0.011406911401857678,0.0021738456988134036,-0.006825984560583143,0.002702335997420313
2023-07-25,0.003076959575526228,0.0,-0.014778530928843847,-0.003846212748205957,-0.02603020811617962,-0.013745646116698818,0.0026545717069463848
2023-07-26,0.0,0.0,0.0,-0.015444036344640755,-0.004454487930358186,0.0,0.004418784099238016
2023-07-27,-0.018404850610300283,0.012861706176574783,-0.003999906622799365,-0.011764667071698987,0.0,0.010452916681110036,-0.0074285623933816325
2023-07-28,-0.03750009105585006,-0.02222214914237386,-0.004015970128312563,0.015873037067797746,0.002237162148571281,0.010344859586026045,0.0005171913557040497
2023-07-31,-0.016233740480069092,-0.019480605690371133,0.04334664470006899,0.0429687517114683,0.0,0.0,0.0045112853249980045
2023-08-01,-0.003300295121762109,-0.026490005249942716,0.004830882387175217,-0.04868914998359042,-0.011160652794006687,-0.04436863614167863,-0.006472438334525155
2023-08-02,0.01986748724735632,0.020408161372990063,-0.019230628643492564,-0.0236219681411326,0.009029256767921767,0.007142826755608178,-0.0046447899903740986
2023-08-03,0.0,-0.08000008359949629,-0.004901924245680367,0.008064526159197172,0.002237162148571281,0.0,0.006356017323221108
2023-08-04,0.0,0.028985638940617342,-0.009852459453964846,-0.00400006101654915,0.004464242184073486,0.0,-0.006557675507115279
2023-08-07,0.00649351074641058,-0.01760571153989765,0.014925584646399148,0.0,-0.01111105037421678,0.003546162534926678,0.004892045527417288
2023-08-08,-0.012903306505279932,-0.010752736501040472,0.004901924245680256,0.04016058196717531,0.0022472167116907027,-0.010600739214488342,-0.002548981874993861
2023-08-09,-0.006535806004731914,0.014492819470308671,0.03414629712646278,0.05791508215978336,-0.004484356103404696,-0.003571413377804089,0.0009170184332789599
2023-08-10,0.023026218777058682,0.01071433369869168,-0.009433993714577094,-0.021897839351781023,0.031531606398957024,0.014336935415913965,0.0026420024844766576
2023-08-11,-0.006430800500251799,-0.0035336808896584415,0.0,0.02238809015335219,0.002183430982273471,-0.0035336317025707054,-0.0019289631277763508
2023-08-14,0.0,0.003546212071485977,0.014285711371865517,0.007299279783927082,-0.0065360219938983555,0.0,0.004388512098163044
2023-08-15,-0.0032362842182327434,-0.010600753686239694,0.0,-0.01449267116787567,0.006579022630509801,-0.007092168623806683,0.0007133251253248485
2023-08-16,0.0,0.0,-0.009389702989371362,0.007352847181930855,0.017429114786986277,0.014285653511216134,-0.0021059689692092265
2023-08-18,0.0032467917591627593,0.10000005841579851,-0.009478603714706435,-0.021897839351781023,0.002141352125963447,-0.007042223983826812,-0.005887363573181537
2023-08-21,-0.012944991800122208,-0.016233838075309315,0.0,-0.01119409739140953,-0.00213677653498745,-0.007092168623806683,0.0008922991508353295
2023-08-22,0.0,0.006600779728182848,-0.004784756166292592,-0.015094149556814096,-0.012848021939709575,0.0,0.007342957817995099
2023-08-23,0.006557381145216201,0.01311472215623044,-0.014422971482619396,0.0,-0.0021691303441445653,0.01071431891516883,0.0007171252300581799
2023-08-24,-0.0032574405250803684,0.009708692468114455,0.0,0.0038313686404700675,-0.013043442985092635,-0.007067185458529468,-0.00318115324900492
2023-08-25,-0.0032678663785888906,-0.012820482575647385,0.004878117069585963,0.011450235846860668,0.006607817991723941,0.014234815102129872,-0.0005724009736761682
2023-08-28,0.006557381145216201,0.009740214336404485,0.014562997784298481,0.01509446699868966,-0.01094085933442035,-0.0035087572646321785,0.0038118189330065277
2023-08-29,0.0,-0.003215536112896822,0.01913871724717442,-0.02230475753658845,0.006637150289005467,0.007042301655985961,0.0052166041641550365
2023-08-30,-0.009771956530468473,0.0,-0.023474207199278396,-0.011406911401857678,-0.010989043766583495,-0.013986031785012454,0.0012677507918441577
2023-08-31,0.0,0.0,-0.004807657160873169,-0.007692317647584157,-0.004444401300305656,0.007092168623806794,-0.0019228732625716782
2023-09-01,0.006578803790046939,-0.006451466529389993,-0.009661764774350323,0.007751948094716354,0.0,-0.014084447967653624,0.003508288743841792
2023-09-04,0.0,-0.006493535230123748,-0.024390376403674474,-0.030769270590336406,0.0,-0.01428573229297292,0.002736763951047605
2023-09-05,0.00326808612125129,0.00980396523885907,0.004999963591458378,-0.01984124069844484,-0.002232168425859715,-0.0072463461163282394,-0.0007206191714009824
2023-09-06,-0.0032574405250803684,-0.01294495269826712,-0.004975088330939514,0.008097176563064412,-0.011185620983990785,0.0036495389570894154,0.0006071645415908211
2023-09-07,-0.013071758504572095,0.016393246281416696,0.004999963591458378,-0.020080290983587656,0.013574623728590529,0.010909205834104041,-0.005881260036494362
2023-09-08,-0.013244966759000887,-0.016128842199014115,-0.022885385012082926,0.012295040049351558,-0.006696410609933201,-0.003597106889134505,-0.004317634628752454
2023-09-11,0.003355593643882493,-0.006557495147147874,0.018329780771281223,0.020242884645119474,0.004494338117528418,0.003610092778739471,0.00557610241018347
2023-09-12,-0.00668896747277703,0.013201289548379957,-0.0019997926854812276,-0.007936407261294076,0.002237162148571281,-0.014388506905067766,-0.004225501539895871
2023-09-13,0.0033671187275934322,0.0,0.002003799869803924,-0.00800000987032412,0.0,0.007299238927986229,0.00021731217513654144
2023-09-14,0.003355593643882493,0.00977194242751711,0.004999963591458378,-0.020161371931649907,-0.017857158071585943,-0.028985464388835647,0.0034398408037816797
2023-09-15,0.01337793494555406,0.006451730342698747,0.009950496315459745,-0.00823034820313373,-0.0022726569526598794,0.0074626546262432925,0.0033707264455036245
2023-09-18,-0.0066006642162940166,0.0032051424874257606,-0.02463067387860185,-0.020746971488781574,-0.01138955486987181,-0.022222209513395597,-0.0066890170002201765
2023-09-19,-0.013289044956098506,0.0,-0.010101043971044499,-0.004237293673650777,-0.002304076088257667,0.011363671495308036,0.006377921503955886
2023-09-20,-0.0033670432604232525,0.012779522385480746,0.0020409325088162067,-0.00425538439528117,0.002309397114928613,0.01872651130873426,0.004492680559751605
2023-09-21,0.0,0.0031545882390779934,0.00814655711537271,0.008547080241392058,0.03225804244999764,-0.014705820336158082,-0.0028830934539133546
2023-09-22,0.020270359806572325,0.0,0.004040417588417888,0.033898349389205995,0.013392915887512569,0.011193981939364939,0.003629913757858594
2023-09-25,0.026490007735711973,0.006289336212109475,0.0,0.02459019501958193,-0.008810673099702293,0.0,-0.0026312938237278427
2023-09-26,-0.02258062370379843,0.00937495634027763,0.08148893641950528,0.06799991565359376,-0.006666649073911013,-0.011070063844620726,-0.010656901387067541
2023-09-27,0.0,0.009287967242590511,0.0,-0.029962586150311776,-0.01565994528113346,0.0074626546262432925,0.0020261013761551094
2023-09-29,-0.009901033310825924,0.006134912893268174,0.009302257010610937,-0.007721909907081326,0.006818260024611833,-0.018518521544429678,0.0002974943752660497
2023-10-02,0.0,-0.012195176683452491,0.0,0.011673111843854667,0.0022572663239186497,0.018867927669475648,0.0031076700115859612
2023-10-03,-0.006666521724415286,-0.012345566828363075,0.01843324248798739,0.015384635295168314,-0.013513477370618476,-0.0037036879689659186,-0.002955095676053454
2023-10-04,-0.010067307429059036,-0.00625002768665317,-0.013574657563982906,-0.0037878305084457775,0.022831020604825003,0.0037174562670172495,-0.007824797253762061
2023-10-05,-0.00338964300820499,0.0031446681060547377,0.0321101498772316,0.030418181628206753,0.0379464845690316,0.018518439844829482,-0.0017062179676436973
2023-10-06,0.0,-0.006269620336998738,0.008888822893459158,0.0,-0.010752719554984358,0.0,0.001991598651215787
2023-10-09,0.0009630287528732406,0.0031545882390779934,-0.017621110046247,-0.03321032332163243,-0.03478263755765143,-0.0036362682544364144,0.0004263633615295692
2023-10-10,0.013745601345115155,-0.006289336212109586,-0.004484367810550394,0.011450235846860668,-0.022522494124533554,-0.007299319434889817,0.004459567654123253
2023-10-11,-0.0033896927255603337,0.0,-0.018017982384209486,-0.015094149556814096,-0.0138248474153021,-0.007352910168079041,0.0013817800704694072
2023-10-12,-0.013605490383333141,0.0,-0.06422010327017635,-0.026820010225721114,0.02570093018052355,-0.0037036879689659186,0.0004902005673337317
2023-10-13,0.0,0.0,0.019607696982721468,0.011811094467007566,-0.009111721182645693,-0.0037174562670172495,-0.0012070528667892377
2023-10-16,-0.006896576496872697,0.006329142316069625,0.0,-0.011673220951613827,0.002298974518919028,0.0037313273131216462,-0.0044014381739236885
2023-10-17,0.0,-0.012578586698730243,0.004807760126202654,-0.015747941961941292,0.0,0.01858736333840083,0.006282106708442647
2023-10-18,-0.02777772433523351,0.009554095612667401,0.023923370940801547,0.023999917448198183,-0.02522945038615987,-0.007299319434889817,-0.0016873374475068204
2023-10-19,0.014285606859662181,0.0031545882390779934,-0.02803737850100696,-0.04687495207888903,-0.01882344605706443,-0.007352910168079041,-0.011760986178027344
2023-10-20,-0.0035210616346550427,0.0,0.0,0.0,0.01678645684324498,-0.011111063906897756,0.0004003856368393066
2023-10-23,-0.003533581634554195,0.0,-0.04807688050471959,-0.02049177172254557,-0.00943387073074442,-0.011235989402809676,-0.01565213498218021
2023-10-24,0.007092145627716651,-0.0031446681060547377,0.020201979776495183,0.02510451611207687,0.02857145165230124,0.018939396787907903,0.009611196547510081
2023-10-25,-0.010563262945138097,0.0031545882390779934,0.039603988739010276,0.012244971301778484,-0.03240748194681098,0.0037174562670172495,0.0040586075614574835
2023-10-26,0.0035586526179893774,-0.0031446681060547377,-0.0380952643198762,-0.020161371931649907,-0.016746400560313623,0.0,-0.017539117972952045
2023-10-27,0.003546112111184385,0.0,0.07920797747802055,0.008230463596945015,0.02433086936161888,0.0,0.006593759805866073
2023-10-30,-0.0106006665867312,-0.0031545882390779934,-0.0045872204065436906,-0.008163276050578983,0.0,-0.0037036879689659186,-0.00338830897944864
2023-10-31,0.0071428034298310905,-0.012658198364081552,0.06912451128763464,0.008230463596945015,-0.01662706785625956,-0.011152450804366443,0.0024226705889269784
2023-11-01,-0.007092145627716651,-0.0032051424874257606,-0.07327587480189468,-0.03673468500169563,0.002415486651053067,0.0,-0.01626029899928616
2023-11-02,0.0071428034298310905,0.009646345373682808,0.0,0.016949174694602887,-0.0024096661346713066,-0.02631576110352185,0.01640490890988855
2023-11-03,0.003546112111184385,0.0,0.023255941365418753,0.012499957646866955,0.009661844161926725,-0.015444034845554122,0.005549062949239625
2023-11-06,0.0,0.003184640659201987,-0.004545615171338668,0.024691390790835266,0.0023923719263236887,-0.00392155200483324,0.013254945763910175
2023-11-07,-0.007067084952176894,-0.0031745309189635806,0.013698627457710888,-0.020080290983587656,0.0,0.003936991120253808,-0.005094742592485324
2023-11-08,-0.0035587314923325453,-0.006369454953465414,0.022522550334275637,-0.012295040049351669,0.0,-0.00392155200483324,-0.005798553404582019
2023-11-09,0.0035714412929346295,-0.0064103723489072895,-0.004405159577710038,0.004149324486901751,-0.0023866621428154655,-0.003937077966284841,0.005015641046820285
2023-11-10,-0.0035587314923325453,0.006451730342698747,-0.00884968079988091,-0.004132178736486303,0.011961859631618,0.0,-0.004236434608636097
2023-11-13,0.0,-0.0032051424874257606,0.0,-0.008298765325227775,-0.018912643561072584,0.019762937519187007,0.004266075101193145
2023-11-14,0.0035714412929346295,0.006430896915788686,-0.02232145546192621,0.016736304966358695,0.007228896208580027,-0.011627942767265753,0.0034720796626144246
2023-11-15,0.0,0.00319490237009612,-0.00456617655471947,-0.00411517410156681,0.011961859631618,0.007843190515126164,0.014011822971505605
2023-11-16,0.0,-0.003184727476732707,-0.00917434257094385,-0.004132178736486303,0.0,0.0038910338847741865,-2.8350073443483836e-05
2023-11-17,0.0,0.0,0.037735884601587166,0.004149324486901751,-0.009456371911860328,-0.0038759524225622233,0.002825543859649171
2023-11-20,0.0,-0.022364229495769328,-0.0181818824584018,-0.012396652080098103,0.004773223065810628,-0.003891119717035041,0.002467904021927092
2023-11-21,0.0,0.013071775477267344,0.0,-0.008368328470795494,-0.002375223451629438,0.003906319674541692,-0.0047317617755321395
2023-11-22,-0.0035587314923325453,-0.009677375669624122,0.009259292598881697,0.025316490142393455,0.0,-0.011673187486583303,-0.007876841122011813
2023-11-23,0.0035714412929346295,0.0,-0.004587124117224728,0.020576216689268456,0.004761858119307849,0.0,0.014100445090432068
2023-11-24,0.0,0.00977194242751711,-0.027649770478038627,-0.028225785023533234,-0.01184827597851068,0.011811060206792456,0.0007547631746676053
2023-11-27,0.014234847094986902,-0.009677375669624122,0.0,0.004149324486901751,0.021582674545842728,-0.003891119717035041,0.0005385308327188199
2023-11-28,0.01403498239230827,-0.022801228596570855,0.0,-0.02066124129434921,0.0,-0.0039062335069924847,0.003944942216200786
2023-11-29,-0.006920210627176515,0.0,-0.04265402985244138,-0.008438770889875657,-0.014084469182707116,0.007843190515126164,-0.0007081772839861999
2023-11-30,0.05923334642046396,-0.0033333481752728655,0.029703075387627287,0.0,0.10000003029364546,0.0,0.00634646749257084
2023-12-01,-0.01644742717824066,0.003344496546734188,-0.038461670615024146,0.00851058980739805,-0.08874468094090959,-0.015564307203618455,-0.002942552000991916
2023-12-04,-0.046822690165221115,0.01999999818261955,0.00499996531670166,0.00843894836264214,-0.002375223451629438,0.003952639817418557,0.004772632535720467
2023-12-05,-0.007017568963491261,-0.013071953651812018,0.014925374695194282,0.012552258056038434,0.016666654885804544,0.019685042447300294,0.0010227363697732361
2023-12-06,0.0,0.0,-0.009803853885420821,0.012396652080098214,-0.002341947124576804,0.0038610725884882235,-0.001895540885502145
2023-12-07,-0.003533581634554195,0.0,-0.013861351932654697,-0.004081580799379592,0.0,-0.0076923592500689475,0.006663665170856259
2023-12-08,0.003546112111184385,-0.006622456178864922,0.009036039055324352,-0.008196731673194013,0.03051648263797868,-0.00775199034470353,0.003500549011792531
2023-12-11,-0.003533581634554195,0.009999953656800953,0.009950284656135455,-0.02066124129434921,-0.04100235888816439,-0.0039062335069924847,-0.009890637274850289
2023-12-12,0.0,0.0,-0.01477832614332697,0.00843894836264214,0.009501196023429914,0.007843190515126164,0.005152077803352473
2023-12-13,0.003546112111184385,0.0,0.010000035734307522,0.0041840469103202604,-0.007058804745253999,-0.003891119717035041,-0.007012512961166895
2023-12-14,-0.003533581634554195,0.0,0.014851485663664787,0.004166730439775002,0.0023697958960522403,0.0,0.014229037939730516
2023-12-15,0.0,0.0,-0.0243902789152316,-0.012448206163553799,-0.01418445760514242,-0.011718786688526772,0.002086349786727837
2023-12-18,-0.0035460335165322654,0.0,-0.006000000420403606,0.0,0.01678645684324498,-0.007905018066931224,-0.009937840625299788
2023-12-19,0.007117384110321812,-0.006600599789525763,0.021126762052610104,0.004201745026664483,-0.0023583176433907838,0.007968005292727565,0.009596327002102223
2023-12-20,0.0,0.023255826590761863,-0.009852251944780899,-0.004184164235397803,0.0,-0.007905018066931224,0.004427028616624362
2023-12-21,-0.007067084952176894,0.016233749566528344,0.0,0.0,-0.0023641932406130994,0.0,-0.0013917333823530997
2023-12-22,0.0,0.009584620015384404,-0.004975090039058827,0.004201745026664483,-0.0023696953958021183,0.0,0.003869816393842429
2023-12-27,0.0,0.006329142316069625,-0.003999930212999603,-0.004184164235397803,0.004750749120171038,0.011952139765131653,0.0011602004231556773
2023-12-28,0.0035586526179893774,0.006289336212109475,0.009036039055324352,-0.008403372235281648,0.007092078408599267,0.015748051327046486,0.008000667940911699
2023-12-29,-0.0035460335165322654,0.0,0.0,0.0,-0.007042135034768693,0.0,-0.004256816070047242
2024-01-02,0.010676036728311189,0.02812495421053507,0.0,-0.008474646755554871,0.007092078408599267,0.0,0.006983697812267042
2024-01-03,0.0035212177170007575,-0.06382974139698938,-0.010945239917136584,-0.00854696040935099,-0.0023474447159794742,-0.00775199034470353,-0.00607585666712096
2024-01-04,0.0035087844817456304,0.0032467676150618185,-0.0020120373313337048,-0.0258619824844758,0.04000005987450295,0.007812553181534287,0.011082752677866292
2024-01-05,-0.006993109417026688,0.003236083785465471,-0.0020161997357857064,0.004424722214122934,-0.029411812682244243,0.0,-0.0012424371193265893
2024-01-08,0.0035212177170007575,-0.006451466529389993,-0.006060606704015314,0.004405292057429788,0.0023310290624822816,-0.00775199034470353,-0.009120856900606489
2024-01-09,0.0,-0.009740214336404485,-0.020325063009810185,-0.013157973221013086,0.025581392137612458,-0.0039062335069924847,-0.011446586062042186
2024-01-10,0.0035087844817456304,0.0032786135045412834,-0.010373479948352249,-0.004444450537237965,0.02947850689829612,-0.00392155200483324,0.0037629146747162334
2024-01-11,0.0,0.006535976825905898,-0.023060943537242307,-0.008928521132358425,-0.019823827641277547,0.0,-0.0010146266217271327
2024-01-12,-0.003496515960802249,0.0,0.004291883728619439,-0.009008894647757337,0.004494338117528418,0.003936991120253808,0.002932745481245558
2024-01-15,0.007017646730828275,0.006493358212561695,0.010683799312509734,0.013636252690233608,-0.004474229417709696,0.011764742519959404,-0.002366645490908814
2024-01-16,-0.0034844098913994204,0.0,0.0,0.013452995431630033,-0.004494338117528307,0.0,0.00260051637222225
2024-01-17,0.0,-0.012903108934319119,0.0,-0.00884969257597823,0.004514628383960773,-0.00775199034470353,-0.0058199064964146174
2024-01-18,-0.013986063843208774,-0.003267899325680612,-0.010570862340701592,-0.008928521132358425,0.01348310965843802,-0.0039062335069924847,0.007267696939695867
2024-01-19,0.0,0.0032786135045412834,-0.010683687025214272,0.013513468281078245,0.02439033564676052,0.011764742519959404,-0.0035247564372230533
2024-01-22,-0.0035460335165322654,0.0,-0.015118753235456306,-0.02666657859810595,-0.01298706902012181,-0.0038759524225622233,0.0028400755344699657
2024-01-23,-0.0035587314923325453,-0.01633985297749263,-0.0021930592842813734,-0.013698647676671616,-0.002193007543503267,-0.003891119717035041,0.0011452626178130032
2024-01-24,-0.0035714412929347406,0.013289095518792982,0.010989050333631845,-0.01388890691917144,0.0021978273955609584,0.007812553181534287,-0.0039146727182202135
2024-01-25,0.0,0.0,-0.002173989286334055,0.0140845255840083,0.0,-0.00775199034470353,-0.0068874470683560896
2024-01-26,0.0035842422035443633,-0.019672217303378425,-0.019607845382137445,-0.00462963563972385,0.004386015087006534,0.003906319674541692,-0.005705469765581506
2024-01-29,-0.0035714412929347406,0.013377895014007768,0.011111151334915803,-0.009302337713659514,-0.004366861964547053,0.0,0.0028144411796982016
2024-01-30,-0.01075272661063309,0.0033003448794270973,-0.004395527737052762,-0.0046947760381064185,-0.015350773784096439,-0.003891119717035041,0.004895928432829377
2024-01-31,0.0,0.00657897686624187,-0.011037566262287246,0.0,0.04899766701165431,-0.0039062335069924847,0.002186405142604153
2024-02-01,-0.0036231211954838027,0.029411717542032312,-0.008928532677641376,0.004716920925440737,-0.016985152151413607,-0.00392155200483324,-0.0008664218059739603
2024-02-02,0.0,-0.0031745309189635806,0.04504496614046771,0.03286395885258253,0.0,0.007873982240507837,0.005150086381700003
2024-02-05,0.0,-0.03184718794979624,0.017241531619176742,0.018181649010695633,-0.008639224574771398,-0.015625020195519368,-0.005549262895351625
2024-02-06,0.0,0.013157953732483962,0.025423615590826287,0.00892870890488684,0.004357163198103864,0.007936562125020696,0.006778104838414345
2024-02-07,0.0,0.0,-0.026859468912554196,-0.035398274008448194,-0.008676797370768985,0.0,-0.0016911352738439023
2024-02-12,0.007272672467965702,0.02272719628787101,0.00849264338350797,-0.004587161863625733,0.01969369528723508,0.007873982240507837,0.008640743289513031
2024-02-13,-0.010830363905412033,0.0,0.002105115492601284,-0.009216601771409594,-0.023605147870962462,-0.0078124670139850805,-0.012048742555179737
2024-02-15,0.0,0.009523852382667952,0.029411803670627013,0.01860467542731903,0.02417582171750632,0.007873982240507837,0.01297405108512728
2024-02-16,-0.0036495674318614,0.009433918592675505,-0.020408235492080817,-0.013698647676671616,-0.017167305806280675,0.003906319674541692,0.00441776253836057
2024-02-19,0.0,-0.0031151938949605107,-0.010416485340229653,0.0,0.010916969710045965,0.007782067769548373,-0.0052951449212271795
2024-02-20,0.0,0.02187492652388201,0.010526130625580388,0.0092592712794477,-0.002159760343363293,0.011582962257065788,0.007660847961735717
2024-02-21,0.014651985805820278,-0.003058034376334673,-0.016666486024480398,-0.004587161863625733,-0.006493488610599396,0.007633639845298079,-0.0004869131466350707
2024-02-22,0.003610121301804048,0.021472320559128732,0.016948965724863152,0.01382496726701099,0.01089318519200222,0.018939396787907903,-0.0012770089553408859
2024-02-23,-0.014388540829465835,0.012012066096325658,-0.012499891888388515,0.004545332591614493,-0.004310302671780786,0.0,-0.006068559016603414
2024-02-26,-0.007299215753111321,-0.0029673722524525825,0.03586501585826185,0.04072409959547807,0.0,-0.014869907071383692,-0.00154514400762229
2024-02-27,-0.007352967538992616,0.00892861127069522,-0.004073355286077218,0.008695540859252171,0.004328961807425369,-0.007547137771349299,0.00020506433147615688
2024-02-28,0.0,0.0058996506930732995,0.0,0.0,0.0,0.007604530208519478,0.0059461155313667025
2024-02-29,-0.003703634993218685,-0.011730177849325396,-0.010224984696965533,-0.008620580251445298,-0.004310302671780786,0.0,-0.0017091025166354745
2024-03-01,0.01115237347581366,0.029673560739924998,0.018595041995301598,0.017391142676532967,0.006493488610599396,0.007547221012451644,-0.0005745693816388009
2024-03-04,-0.014705935077985233,-0.014409207865161533,-0.006085192913982129,0.017094100566763526,-0.01505375265297415,-0.0187266765438725,-0.004808349181083416
2024-03-05,-0.01119390518306218,-0.008771889270521083,-0.01428567904780298,-0.021008489497228,-0.006550292946820635,-0.007633471456802932,-0.004025020294868398
2024-03-06,-0.00754727995909843,0.017699032494277178,0.012422360248447228,-0.008583522347292871,-0.01978016692638418,0.0,0.011361334972018078
2024-03-07,0.01140688544169044,-0.0028985637795444497,0.04294467781094391,0.038960964866893155,-0.040358729469840315,-0.023076992908321325,0.006025141372255405
2024-03-08,0.0,0.0058139797502079205,0.014705883868236791,0.012499957646866955,0.007009227486715064,0.0,0.0010772170189694563
2024-03-13,0.0,0.0028901863899584157,-0.004830884516036749,-0.012345637698511935,-0.004640326252613569,-0.007874069086538649,0.005323800947550028
2024-03-14,0.0075187406090733155,0.0,0.01941744303582027,0.0,0.01631710457698876,0.0198413615449069,0.0016315284165049349
2024-03-15,0.0,0.005763636009397111,-0.0047618718731854415,0.0,-0.01605513132023917,0.0,-0.014160672999493085
2024-03-18,0.022388058467158967,-0.008595949371320466,-0.014354067948086358,0.0,0.011655046452024198,0.0038910338847741865,-0.0034941035877545934
2024-03-19,0.010948944963749874,0.04624282466299734,0.03398055082261364,0.04583333382015087,0.01382484741530221,-0.0038759524225622233,0.004696626292441497
2024-03-20,-0.007220162590281021,-0.005524886425652409,-0.0046948032486344715,-0.027888426186389537,0.020454683684958397,0.007782067769548373,-0.0007657569160375299
2024-03-21,-0.003636457126839465,0.002777714463947367,-0.004716948393274856,0.008196616752315311,-0.024498975191017625,-0.003860987419021966,0.0009855369767852729
2024-03-22,0.0,0.008310362474526212,0.004739303443035858,-0.020325060073774437,0.015981724106278072,-0.0038759524225622233,0.00160783054195357
2024-03-25,-0.007299215753111321,0.0439559386133872,0.0,-0.012448206163553799,0.006741554829219121,0.0038910338847741865,0.0037561006492279336
2024-03-26,0.01102945130848898,0.028947355772386496,-0.014150944331620674,-0.021008489497228,-0.031249979291452457,-0.011627942767265753,-0.0016394818358490548
2024-03-27,0.0036362959363638314,0.0639386995234188,-0.009569412157066859,-0.004291791260232047,0.01382484741530221,-0.007843190515126164,-0.007544773309433039
2024-03-28,0.0,-0.019230789394012904,0.014492755094880794,0.025862103349545862,0.05454550186363072,0.007905192445535336,-0.0029108811742756258
2024-04-01,0.0036232014987152006,-0.051470618203991236,-0.009523643650268587,-0.004201745026664594,-0.03232749854646,0.007843190515126164,-0.011490479075214832
2024-04-02,-0.003610121301804048,-0.02067178693651428,0.028846050844172355,0.02109713427625004,-0.0022272911935758977,0.027237323025679938,0.004430615008913286
2024-04-03,0.014492805994861024,0.03957779712640508,-0.023364519488015212,-0.0082644733436118,-0.017857158071585943,-0.007575808849007992,-0.009691834268999777
2024-04-04,-0.007142882585869481,0.005076164961038909,0.019138723739105856,0.03749998977683,0.0022727533415372037,-0.007633471456802932,0.012216630442773102
2024-04-05,0.0035971352073664864,-0.01767677793325717,-0.009389606497269054,-0.012048264680739829,-0.015873005187426292,0.0,0.00447768457298503
2024-04-16,-0.025089615985057656,0.007712046772363923,-0.047393432917183564,-0.020325060073774437,-0.06912443251938871,-0.05384617538294023,-0.016752667297169732
2024-04-17,0.0,0.0,0.009950284656135455,-0.033195177652335484,0.004950551696039973,-0.016260271955635397,-0.0047407149952038985
2024-04-18,-0.01838233736332251,0.03061231373096085,-0.0423644659124115,-0.012875373780696031,-0.004926164464196803,0.012396733387830317,0.00504472690356228
2024-04-19,-0.007490580431370186,-0.03465341724412352,0.018518410390023776,-0.013043555120992534,-0.03712871780837046,-0.004081615380792325,-0.011092386477794314
2024-04-22,-0.0037736817978315518,0.0205127710456654,0.00808077355117609,-0.030836920874716567,0.007712061522050506,0.008196776888501178,-0.0019043977450641236
2024-04-23,0.0037879764154813422,-0.0025125740003146824,0.002004078505115414,0.0,0.012755248320271306,-0.02032520543911276,0.005229588112471539
2024-04-24,-0.0037736817978315518,0.005037805860653499,-0.010000035734307411,0.00909079264092405,0.025188881625706205,0.004149268212314539,0.008961030890386468
2024-04-25,-0.003787892462103204,0.007518762060641393,0.015151516760038453,0.03153157335019818,0.0515970124244729,0.024793466775660633,-0.0026816041222194054
2024-04-26,-0.015209096316326942,-0.0099502254772319,-0.04079588472950735,-0.04803493503252598,-0.009345900892585246,-0.02419362298792671,-0.0166616145907047
2024-04-29,-0.015444070951538658,-0.0527638485239047,0.037344287957258304,0.03211000441833889,0.0070755530873536365,0.020661252697200982,0.017013602193272748
2024-04-30,0.019607914715501273,0.0,-0.010000035734307411,0.01777786446161267,0.018735279026328433,0.012145786229339706,0.010957932168892626
2024-05-02,-0.011538502849483434,-0.07161799666493818,-0.018181713949512734,0.013100392300343433,-0.03678154486992802,-0.0040000709413914315,-0.01614166385713467
2024-05-03,0.006389870037111667,0.002857155541715839,0.02880651227647668,0.047413795708298956,0.035799527262951214,0.0,0.0024305583663990493
2024-05-06,0.0,-0.025641061486791017,0.06000000420403606,0.04938266618785936,0.0,0.0,0.00016342827069548704
2024-05-07,0.0,0.05263157475212288,0.0,0.01568629607127825,-0.006912521429090046,-0.012048141538355206,-0.0017206431261210797
2024-05-08,-0.015872990029251133,-0.016666665404596936,0.0,-0.007721909907081326,0.0,0.008130046307530003,-0.004887533940446276
2024-05-13,-0.020161344042001983,0.0,-0.023584940269966492,0.031128225511772634,-0.04408344380557727,-0.016129052342903294,0.00147645808760144
2024-05-14,0.004115130888479701,-0.011299408488891327,0.01932374115768809,0.03396236557262444,0.0,0.012295120130104031,-0.002183050654409713
2024-05-15,0.0,-0.02285716644599778,0.01895731339384943,0.0,0.029126134638579604,-0.012145786229339817,0.013561699989667497
2024-05-16,-0.00819670897921787,-0.005847979320124375,0.0,0.051094958487488906,-0.0023583176433907838,0.008196776888501178,0.009312857863152058
2024-05-17,0.00826445027297873,0.020588247556719175,-0.018604619785993037,0.01388880910489143,-0.0023641932406130994,0.0,0.009734366410122375
2024-05-20,0.016393594962603064,-0.005763714570509504,-0.009478706507778045,0.0,-0.004739290291354226,0.012195069461294894,-0.0069079174997662696
2024-05-21,-0.01612917972314276,-0.0028985637795444497,-0.009569412157066859,-0.02739710504774795,-0.009523817217433783,-0.012048141538355206,-0.011099110930163913
2024-05-22,0.012295151970910467,0.011628038746657188,0.009661870578844045,0.010563244695125595,0.0072115188558137255,0.0,0.005057687012927303
2024-05-27,0.0,0.04022982653105678,-0.004784555215991859,-0.027874503523357408,-0.004773223065810739,-0.004065112824052752,-0.006363816689087254
2024-05-28,-0.01619430649896736,-0.035911686460925685,0.009615215536660227,-0.014336935574243759,0.01678645684324498,0.0,0.010758296689434621
2024-05-29,-0.00823043950952207,0.0,-0.009523643650268587,0.018181790372864715,-0.016509323791901065,0.0,-0.015633143068398025
2024-05-30,-0.033195056811471724,-0.002865186272257625,0.0,0.017857216177838975,-0.026378892248440367,-0.012244936178672394,-0.01485763467872847
2024-05-31,0.008583677462962402,0.0,0.0,-0.038596587890355916,-0.03940889787020008,-0.028925498549217554,-0.009014070115465733
2024-06-03,0.02127656250732257,0.025861947410656283,0.005802680759887435,-0.003649588722809738,0.04615382942362767,0.02978710542394314,0.009389981148169246
2024-06-04,0.004166750270403696,0.047619033074186135,0.0,0.02197805019592547,0.012254938139038218,0.008264519309370666,0.008970918283186968
2024-06-05,-0.02074694410857969,0.04469276308404613,0.004807653180205929,-0.021505403361365638,0.012106470147512649,0.004098343241603075,-0.021360110612610894
2024-06-06,0.0,-0.016042728513451565,0.0,-0.021978050195925358,0.014354028633990046,0.012244936178672283,0.003918875117472798
2024-06-07,-0.0042372815443366685,-0.03804347055338153,0.0,0.01872666885461105,-0.0023583176433907838,0.0,-0.011031958987409385
2024-06-10,-0.008510625002929095,-0.011299495831223916,-0.004784650241257404,0.0036764235909654275,-0.007092278933895191,-0.00403224084894005,0.003420966458417718
2024-06-11,-0.004291838731481201,-0.0028571211294999843,-0.019230914147385314,-0.021978050195925358,0.004761858119307849,-0.008097220588643705,-0.00951476967379239
2024-06-12,-0.017241352028343204,-0.04871060407582206,0.014705867287405416,-0.0037452707581226985,0.0023697958960522403,0.012244936178672283,-0.0008159279738441105
2024-06-13,-0.013157968263842412,0.021084333798291777,-0.014492738991170206,0.0,0.009456171386564183,-0.012096811493963355,-0.0027055387201895265
2024-06-14,-0.013333408834130811,-0.023598871148496237,-0.03921557780265161,-0.030075226014849132,-0.016393431225180333,-0.00816332079788007,-0.01415955908362232
2024-06-19,-0.013513396523536891,0.0,-0.01632652626011888,0.07364334387250482,-0.02857145165230124,-0.024691345696904454,-0.001174949263884062
2024-06-20,0.013698509919865653,0.05740185127285069,-0.008298752937825116,0.00722032770363179,-0.002450904468779047,0.0,0.013736133320461308
2024-06-21,-0.009008898591503,0.03428575177654891,0.0,0.035842238431329276,0.012284943412961935,0.00843887629577389,0.008894907327948287
2024-06-24,0.018181789627098155,-0.07458564212945307,0.06694547909710158,0.006920424289684979,0.0,-0.008368257605033791,0.0013353257353783121
2024-06-25,-0.04464269187876846,-0.017910466827772087,-0.014705867287405305,-0.020618487163046706,-0.016990382458602626,0.004219484685636488,-0.0009378404296261911
2024-06-26,-0.004672990089030882,0.003039569848875656,0.009950273068706661,0.017543733642928716,0.024691433008513064,-0.008403325516947335,0.0033327000467799905
2024-06-27,0.0,0.03030303509540344,-0.009852240584551808,0.0,0.01204822847792264,0.021186443054318937,0.009022923751418999
2024-06-28,0.014084382812801,0.058823461692548706,0.009950273068706661,-0.017241257611719685,-0.019047634434867455,0.008298627955296345,0.013723686375484156
2024-07-01,0.0,-0.00555551327284487,0.004926068817126872,0.028070111572443324,0.0,0.004115299930600669,0.01076633361919499
2024-07-02,-0.004629522712374268,-0.036312862803358215,-0.004901921613920446,-0.010238968929282777,-0.004854321459905497,0.0,-0.002028661832748191
2024-07-03,0.009302310632250954,0.002898528581880333,0.01477830940167868,0.017241450995836294,0.0024389487011857724,0.0,0.010050717875623505
2024-07-04,0.013824862780345448,0.0,0.019417523006302284,0.05762714506563604,-0.004866235786346262,-0.004098433646898103,0.003353494420295977
2024-07-05,-0.013636342220323616,0.0,0.0047619658947704036,-0.012820618825767127,0.004890031834254405,0.00823050908386147,0.004498464030646687
2024-07-08,0.07373270100903073,0.0028902268130057696,0.0,0.009740318562349914,0.012165486275828252,0.012244936178672283,-0.00033019394400746194
2024-07-09,-0.021459193657406006,-0.020172906328518425,0.0047392980007074925,0.012861753149371324,0.01225487197555819,0.0028653432754892627,0.0025960267612104015
2024-07-10,-0.004386052563111642,-0.005882384543477226,0.023584912170361516,-0.012698429089043284,-0.0024212009378226096,0.008403307681541738,0.0023716208265249783
2024-07-11,-0.00440527963841475,-0.00591719174071359,0.018433126909252584,0.04180065265395272,0.0,-0.012499920841486656,0.0018341096962704029
2024-07-12,0.035398271522080194,0.011904826623196696,0.004524850506595346,-0.0030864670324939336,0.0072815350194253,0.004219382224299295,0.0037221007978338605
2024-07-15,0.0,0.011764692338509741,-0.009008936920402388,0.018575876388969403,0.0192770601300587,0.004201653840770758,-0.006648482123270849
2024-07-16,-0.012820400423067757,0.0,-0.013636348523515807,0.0,-0.0094563398630082,-0.004184073810972966,-0.007497026083726044
2024-07-17,-0.004329090527341539,-0.017441878547075018,0.009216515300457528,0.021276581237433367,0.026253020017565465,0.01680670405609086,-1.0408674291806363e-05
2024-07-18,0.008695638294646146,-0.00591719174071359,0.01369861575730158,0.01190477780084831,0.0,0.0041322050926790865,0.013406714800302089
2024-07-19,-0.004310244927315354,-0.0059523356494767254,-0.01351349951984282,-0.008823417346007556,0.004651248276325681,0.0,-0.0036300268522077017
2024-07-22,0.00432890356193405,0.005987978105019387,0.0,0.002967321027158132,0.009259139793436066,-0.0082304004825694,0.003767355600320821
2024-07-23,0.00431033800708569,0.0,-0.01369861575730158,0.002958542083025373,-0.016054912176712954,0.01244814077575418,-0.0011088728702062234
2024-07-24,-0.012875516194443604,-0.020833330097411618,0.0,-0.0029498149314136635,0.00699298936405901,-0.01639351069799122,-0.006986484011814342
2024-07-25,0.008695638294646146,-0.00607898106873761,0.00462968920514184,0.005917084166050746,0.004629618039661665,0.016666737029789713,-0.003095508779337064
2024-07-26,0.038793135143542434,0.0030580805481275064,-0.023041480867818986,-0.014705860521949554,0.0,0.004098334418482619,0.006614406834812847
2024-07-29,0.004149281297204377,0.021341459533838147,-0.02358501075012298,-0.008955277350936042,-0.002304237565915468,-0.008163299418022296,0.00010015967931753522
2024-07-30,-0.012396675409467983,-0.014925337093845359,0.004831081265266546,-0.07228916985516975,0.00692838982733357,-0.0041152002412847555,-0.006452718882080766
2024-07-31,0.008368278336760238,0.009090918436036599,0.004807653180205929,0.06493524465280753,0.0022936679138640947,0.012396702505046209,0.0019191796397046712
2024-08-01,0.008298741801928022,-0.04204203262921624,0.004784650241257404,-0.02134161719222738,0.006864971568949052,0.004081606629549928,0.00967819151817717
2024-08-02,-0.004115308621042368,0.0,0.0,-0.003115225338447325,0.015909051805878205,-0.008130029676075679,-0.002438145415202264
2024-08-05,-0.04545438726787798,-0.01253925213737439,-0.01904766454184459,-0.021874984939079356,-0.024608534634959378,-0.008196755348995555,-0.03399918327182483
2024-08-06,0.0,-0.006349157960363283,-0.009708761503151142,0.028753986168501555,0.009174385447830558,0.008264497412367122,0.009853460697547556
2024-08-07,-0.00865808757197939,0.0,0.03921578269393944,0.024844665867245652,0.004545443373108027,0.004098334418482619,0.011630455448777832
2024-08-08,0.00873370475255486,-0.0063898107175413,-0.009433984584096944,0.003030349636053087,-0.006787313709539888,0.016326512677122373,-0.0023584937595647615
2024-08-09,0.0086579006065719,0.003215409532604463,-0.014285798165692754,-0.03625373932420395,0.020501088447298477,0.008032077444872554,0.008599577296030114
2024-08-12,0.012875516194443604,0.04487187153824834,-0.004830879343414751,0.015673957217986922,-0.017857099749554184,-0.003984038615731378,0.005598584555528641
2024-08-13,0.008474654590822972,-0.01227000445366988,0.0,-0.02160492304603301,0.015909051805878205,0.012000092879322244,0.008086628676281737
2024-08-14,-0.004201673810092843,0.0,0.0048543300260637245,0.0,0.015660010424001447,0.027667889872433626,0.010793092840059026
2024-08-15,-0.00421949347855044,0.012422427696835436,0.004831081265266546,0.006309156357214851,-0.006607913169109247,-0.0038461294896882103,-0.0035688470319275023
2024-08-16,0.0,0.0,-0.009615507311452887,0.0031347562828516473,0.008869065285388444,0.007722040133874675,0.0030486354288841166
2024-08-19,0.0042373730464861925,-0.01840492663611537,-0.029126183058429844,-0.00625000821504762,0.002197888392576841,-0.011494260310542348,0.004674487481702849
2024-08-20,0.03797453014638519,0.012499904184362753,0.019999943572942547,0.0,0.00219297705506194,0.011627914587681865,0.008993615645233044
2024-08-21,-0.012195015969841405,-0.006172792773956992,-0.009803843227841003,-0.012578632989614369,0.0021881784299726537,0.015325653455007027,0.0027353267268543924
2024-08-22,-0.00823043950952207,-0.027950259721042037,0.004950455099623552,0.012738870567181149,-0.008733603038106663,0.0037735608584565927,-0.008725419643964005
2024-08-23,0.016597483603856045,0.0,-0.009852240584551808,-0.006289228316517681,0.011013188615182079,0.0075188286159093565,0.007427490779046142
2024-08-26,0.0,0.01916934878370591,-0.004975084547012454,0.003164516525197225,-0.00653593172029765,0.022388074396396673,0.008204470962586807
2024-08-27,0.0,-0.04075236494434431,0.014999983803344552,0.04100938363721962,0.00219297705506194,-0.007299300439088996,-0.0010930517868511513
2024-08-28,0.0,0.009803931601103821,-0.014778309401678569,-0.006060444356677963,-0.0021881784299726537,0.0036764471921932884,0.008027783240341257
2024-08-29,-0.008163252354814854,0.0,-0.01000002403374678,-0.015244048918697906,0.0,-0.0036629804380468034,-0.00408297512281508
2024-08-30,-0.004115308621042368,0.0,-0.018181735660866782,-0.012383830779343796,0.0065789311651858196,0.0073529719907698965,0.005654319000817587
2024-09-02,0.01652890054595746,0.006472442169712211,-0.0020576394918856433,-0.03761751490354137,0.0021786439067659202,-0.018248212577766987,0.0031022948235484016
2024-09-03,-0.004064946801576763,-0.01607713156807722,0.0,0.029315951391503337,-0.010869629104628742,0.007434975451640957,-0.010138213931277451
2024-09-04,-0.016326504709629708,0.013071795100072281,-0.00412365647751467,-0.0126582435735344,0.002197888392576841,-0.011070117886785247,0.007401673287438237
2024-09-05,0.05809128221725568,-0.003225697837778263,0.004140731431503841,0.04487176145709504,0.02192986176883238,0.0410448293149559,0.001061785883765154
2024-09-06,0.0392157078607136,-0.0032363055329821533,-0.012371077158881638,-0.015337486108674026,-0.01716742832853735,0.007168412680734759,0.005312198203063945
2024-09-09,-0.026415132777689032,-0.02597399736649164,0.0020876002392249404,-0.009345763369537852,0.013100404557159884,-0.014234934792919818,-0.0024744628941540947
2024-09-10,0.0,0.020000020875577285,0.006250080275761016,-0.00943393065306608,-0.0021550775518641707,0.01805057975657509,0.007614098805283742
2024-09-11,-0.015503851313285022,0.0,-0.014492830441272031,-0.022222295414865645,0.0,-0.007092153456577099,-5.580257790294141e-05
2024-09-12,0.015748006057684005,-0.03921572640441551,0.01890758631529721,0.0032468032011916392,-0.008639376962254364,0.021428509501848048,0.004793060917669623
2024-09-13,-0.015503851313285022,-0.04761903916602772,-0.010309302783293117,-0.00323629558632188,-0.01307195406261219,-0.00699296260529747,0.001792353821727266
2024-09-17,0.007873918011101821,0.0,0.03333332607676742,0.016233833923507968,0.006622592568140684,0.0,0.002515056336411803
2024-09-18,-0.007812403784235089,0.035714292371038736,-0.004032204546397744,-0.01277956931641977,0.00877190822024776,-0.003521178580257578,-0.00033760439784746854
2024-09-19,0.019685007572105118,0.0,0.02226717414914936,0.0,0.01739135231239808,0.0,0.009739948714200253
2024-09-20,0.023166069843971737,0.006896588957629346,-0.009901013659196267,0.009708796012377174,0.025641050709541036,0.01060071409369856,-0.020541203869813174
2024-09-23,0.015094396510979768,0.0,-0.007999998328087177,-0.012820618825767127,0.01666662478230596,-0.00699296260529747,0.004226660760797696
2024-09-24,0.0,-0.010274072372836396,-0.008064514430044412,0.016233833923507968,0.01844266259985372,0.01056338708629645,0.0003549832062739178
2024-09-25,0.0,0.003460271660625125,0.0,-0.035143770826711385,0.0020119836895411414,0.0,-0.004832473862783959
2024-09-26,0.007434931703967695,0.013793087934321102,-0.008130079574086957,-0.05298020131919401,0.026104437964937333,0.006968596523512671,0.0004669039706202138
2024-09-27,-0.011070171861180977,-0.003401423338079468,-0.016393439112652786,0.017482590501596063,-0.009784793317954676,-0.006920371248489099,-0.006146297194038919
2024-09-30,-0.014925429658152467,0.013651951906726856,-0.020833274373734723,-0.010309243581523408,-0.02569163835747068,-0.017421638409377715,-0.021955133207014477
2024-10-01,0.018939528099484626,-0.030302974392009796,0.00425537354854022,0.0,0.010141963014254962,0.017730533350210465,0.015170654539777395
2024-10-02,-0.0037175461289522538,0.006944390961854063,0.002118560344211984,-0.0034722752988646244,-0.02008027264601797,-0.01393734014762138,-0.010320496568673065
2024-10-03,0.0,-0.010344838445975224,0.002114191994259551,0.013937300613065418,-0.016393402100590038,0.003533621091154515,-0.002569536993333732
2024-10-04,-0.002418423530147429,-0.013937266706781193,0.004219353006819526,-0.006872861174274991,0.010416640488941198,-0.007042282833277014,-0.006327994739076859
2024-10-07,0.015151507808619069,0.0176678937215502,0.01680671899955688,0.017301109237526813,-0.010309252709754135,-0.017730533350210465,0.0010730853594653755
2024-10-08,-0.007462683004493709,0.0,0.0020661422436383248,0.00340131707329161,0.024999937173459053,0.010830408818384152,0.0070637489696434574
2024-10-09,-0.007518793376035338,0.0,0.0,-0.01016955210170234,-0.018292638077421874,-0.010714367834505967,-0.007391277407476249
2024-10-10,-0.011363630856464413,-0.010416677048581291,0.008247420681366968,0.030822007260619788,-0.002070474323087046,0.014440494287479622,-0.002826859355870792
2024-10-11,0.007662831492708078,-0.003508836503399504,-0.006134941139011918,-0.00996683652247321,0.016597556566006144,-0.0035586961378459847,0.00541731802775125
2024-10-14,0.03802279519110874,-0.0070422916974279826,0.018518432912943528,0.03691275325664933,0.00816324521000178,0.00714281137093109,0.005192767029993606
2024-10-15,-0.007325925783593923,0.007092237301290938,0.004040456069117626,0.042071207396064736,0.018218578994791512,0.021276610078499125,0.008902044951958565
2024-10-16,-0.02952035762871197,0.0,0.016096575669506175,0.0031055505773160963,-0.005964117713798456,-0.003472200081049537,0.0028830353093560745
2024-10-17,0.02281375819363829,0.007042199815482597,-0.009901013659196267,-0.012383830779343796,0.0,0.0,0.011256346860258004
2024-10-18,0.007434940112315269,-0.006992954035861643,0.019999943572942547,0.009404356750419174,0.023999940102474637,0.03484320326845758,0.003234760146856086
2024-10-21,-0.007380069735804851,0.003521191789686684,-0.009803843227841003,-0.0031056376602216496,-0.023437442877265124,-0.0033669818294709275,0.0016154685296045912
2024-10-22,0.026022211122588512,-0.017543907838357797,-0.011881237083025353,0.026058717568772094,0.0019999118175322295,0.0033783566950766897,0.002108268376030953
2024-10-23,-0.010869560178693227,-0.003571494473283976,0.01703407810308244,0.041269856405071526,0.005988009534587002,0.010100945488412894,-0.00018204799860976895
2024-10-24,0.010989005838963894,0.0,0.01477830940167868,0.033536641202899675,-0.00595236670599808,0.0033333825875194734,-0.009119168034626535
2024-10-25,-0.018115856371117678,0.0035842957658021035,0.0,-0.008849614928190586,0.009980015890978189,-0.003322308063669621,-0.002836588267960072
2024-10-28,-0.011070183289199953,0.0,-0.004854330026063836,-0.008928550049636774,0.0,0.0033333825875194734,-0.007801422760203569
2024-10-29,0.011194104073046995,-0.003571494473283976,0.029268362801815995,0.09909910127568655,-0.005928839620954807,0.006644475868629263,-0.003671528098091237
2024-10-30,-0.018450253025004804,-0.025089602717716097,-0.02843608514512508,-0.010929033019153045,-0.009940334014408081,-0.013201306106752742,-0.00483133062448271
2024-10-31,0.01879706360463751,-0.007352885449193769,0.02439025136189521,0.011049796611171558,-0.010040136323009041,0.016722442971807805,0.0005507302335869824
2024-11-01,-0.007380069735804851,-0.08148153588970886,-0.06857141321712745,-0.04371583898661202,-0.01825561779788165,-0.039473709792685274,-0.009078694764450668
2024-11-04,-0.007435019382829866,-0.05645160611486111,0.01840493026217671,0.025714299944104235,0.018595082517236294,0.02054795906948348,-0.003431449024726585
2024-11-05,0.0037453165573564373,0.021367582367094462,-0.016064252814690705,-0.0027855334234130336,0.02231231863136096,0.05704697035767037,0.0016616375142952666
2024-11-06,-0.0037313415022468543,-0.025104629006484136,0.035714209552081044,-0.030726307411395704,-0.035714282766758254,-0.009523748893456196,-0.014423916355323696
2024-11-07,-0.0037453165573564373,-0.025751100839570107,-0.03645315632745405,-0.017291102586110774,-0.006172739125813065,0.012820430417948225,-0.018961376025465104
2024-11-08,-0.0037593165234687254,-0.004405252920971714,-0.006134941139011918,0.011730282769839784,0.0020703020849768272,-0.025316428637799593,0.00598176324574462
2024-11-11,0.011320667873296886,-0.008849490083984946,-0.020576179909504666,0.002898569650827687,-0.012396664384070277,0.012987067281375442,-0.0028448488950840733
2024-11-12,0.0,-0.022321489938368133,0.008403359499778551,0.020231113067755047,-0.008368180447223095,0.006410215208974002,0.007641393361381255
2024-11-13,-0.018656707511234383,-0.013698644827062734,0.014583411794953038,-0.02832857122236465,0.0,-0.015923599635554897,-0.001818487729625784
2024-11-14,-0.0114068385573326,-0.05555555555555558,0.0020533070215933424,-0.008746413127774466,-0.03375527907512654,-0.0032362253942554986,-0.012876467498539212
2024-11-15,-0.0038461519535115674,0.004901987433080901,-0.018442538703667966,0.005882391915051466,0.019650606835740048,0.003246732552590448,-0.007388283555507469
2024-11-18,-0.027027013676028555,0.0048780115248463485,-0.0062631279448399635,0.0,0.025695958751507764,0.0,-0.003767628220862962
2024-11-19,-0.007936588525205845,0.04854370038883293,-0.002100757552557675,0.0029239958678728417,-0.006263032788287437,0.009708812810186984,0.008611663035498207
2024-11-20,-0.007999911293111839,0.041666711969570835,-0.008421050084343573,-0.008746413127774466,-0.008403428168756166,0.0,-0.0021373669116222516
2024-11-21,-0.004032255984283695,0.0,-0.01061584667478288,0.0,0.0,-0.022435956201937057,-0.005490391712499321
2024-11-22,0.004048580898840859,-0.057777857414239686,0.008583801662158663,0.035294193738910185,0.016949288465644807,-0.01967214430871589,0.007653480563007964
2024-11-25,0.0,0.04716988505691955,-0.00425537354854022,0.0,-0.004166742852874328,0.016722442971807805,0.01647444915240137
2024-11-26,0.012096767952850973,-0.009009057720384517,-0.00213677956952929,-0.034090980083107514,0.002092045111805829,0.006578974777877056,-0.009327142475950012
2024-11-28,-0.01195218514265095,0.0,0.01713072950958594,0.00882358787257731,-0.006263032788287437,0.0,-0.006311297645303804
2024-11-29,0.0,0.0,-0.016842210162941074,-0.0029154710425914887,0.0,-0.013071949529501858,-0.011929060793892665
2024-12-02,-0.012096767952851084,-0.031818177505045675,0.010706775867576068,0.0,-0.004201670391619894,0.0,-0.009457092603255002
2024-12-03,0.0,-0.014084461316964836,0.004237231381790885,0.029239801849859193,0.0063290983726680405,0.029801344639242444,0.021148226119226177
2024-12-04,0.020408065572069756,0.028571396619013756,0.050632897439707225,0.031249976191640716,-0.010482241901847655,0.00964630857992721,0.018169366286946875
2024-12-05,-0.007999911293111839,-0.027777747575841616,-0.01004018423773223,0.00550967809998637,0.008474644232822293,0.003184693036746955,-0.0018358952985205734
2024-12-06,0.004032255984283584,0.014285667244659184,-0.004056741175377132,0.01369864624071182,-0.006302505587429952,0.006349232941466498,0.009499411290077697
2024-12-09,-0.004016062193470837,0.04225356771479061,0.0,0.05675676459247181,-0.0042283193982528555,0.034700293400887317,0.007442421744419114
2024-12-10,0.012096767952850973,-0.01801799789810199,0.004073265358675915,-0.012787807107646265,-0.004246362314154872,-0.006097586482764039,0.0020915185603809228
2024-12-11,-0.003984146669473554,0.0,0.012170329504374688,-0.002590621198142906,0.0,0.006134995146239497,0.0015382265008387908
2024-12-12,0.0,0.00458712082219126,-0.008016030595335177,0.01818186757457818,-0.010660955281192708,0.0,-0.009446283091393282
2024-12-13,-0.007999911293111839,0.0,0.0,-0.005102073975489008,0.02155176161901906,-0.003048825419638246,-0.009392277123517645
2024-12-16,-0.008064597951508046,0.0,-0.014141385141803298,0.0,-0.004219486669342576,-0.0061161692585579575,-0.009032096700736902
2024-12-17,0.0,-0.022830995276542976,-0.008196719556326393,-0.056410281094562476,-0.023305029293548718,-0.00923071047548174,-0.013900545121526942
2024-12-18,-0.012195029983735894,0.0,-0.01859495634599828,0.04891299991211362,-0.017353627128137927,-0.02795032766049277,-0.006965465325650677
2024-12-19,-0.02880665694724005,-0.004672983235765593,-0.0315790203119789,-0.04145070340631807,-0.01103750124304459,-0.022364208849243394,-0.018379221220301445
2024-12-20,-0.012711858663879583,-0.014084461316964836,0.01304341850737023,0.02162161770376403,0.004464274937388657,-0.0032680218740995803,0.0009498660648958879
2024-12-23,0.0,-0.03333332712036374,0.040772609420767214,0.010582008705122048,0.01555561060541244,0.013114739802601694,0.016119954504509426
2024-12-24,0.0,-0.009852205667372216,-0.024742262044100793,-0.010471202350693876,0.013129161598447014,-0.012944969890732239,-0.004325930973771763
2024-12-27,0.05579396588544494,0.029850712359601017,0.00634246552342721,-0.007936559738633497,-0.012959020523832021,0.009836072154358,-0.00412911709275221
2024-12-30,0.008130164459150713,0.15942027158547045,0.0,0.034666680206643985,-0.0043764478785564,0.0,0.006158395275464024
2025-01-02,-0.008064597951508046,-0.0874999864091287,0.010504226815518658,-0.028350494265393378,-0.013186690424558445,-0.029220798579834617,0.011765736333544607
2025-01-03,0.00406512557057348,0.013698644827062845,-0.004157948830692981,-0.0053050745060005955,0.013362902888117478,0.010033451663394866,0.00017089013652404894
2025-01-06,-0.01214582902757222,-0.02252252675829436,0.006263018869118175,-0.013333278029201034,-0.01758237579101174,-0.023178730412112825,-0.011718320579419683
2025-01-07,-0.004098271472403714,0.004608319867723809,0.0,0.013513456704578708,-0.022371310527394717,0.010169426033756368,0.0003968743541309383
2025-01-08,-0.008230448341458252,-0.009174361343793458,0.002074715333663768,-0.021333330663478645,0.016018266994214603,0.003355683304758328,-0.0004139504828365448
2025-01-09,-0.008298839261429602,0.013888903989856871,-0.0062112594058608694,-0.010899181167547844,-0.006756740298831887,0.0033444603549817042,-0.002226465582952253
2025-01-10,-0.008368107882934073,0.004566175224740121,-0.016666554189894045,0.011019282321910628,0.004535136270554574,0.030000021108936847,0.003436622303859771
2025-01-13,0.01687762801954018,-0.04999991697213013,-0.033898404521159886,0.019073548774995785,0.002257330832344806,0.0,-0.010154981423747267
2025-01-14,-0.01659750156212092,0.0047846522559014115,-0.01315794901032663,-0.0026738144301510225,-0.03153154841145456,-0.025889939781464477,-0.008581289201651576
2025-01-15,0.012658131040947262,0.0,0.02222227640458385,0.00536196576172987,0.0023255757712943304,0.023255805798912288,0.01766607590938607
2025-01-16,-0.004166664815644872,0.0,-0.01521735945227587,-0.013333278029201034,0.013921176610469876,-0.01623379983396589,0.003948977522016506
2025-01-17,0.004184098551866189,0.0,0.02869747779462073,0.0027027203330618477,-0.0091533906094865,0.003300378776531554,0.006632294598335697
2025-01-20,-0.008333240782244733,0.009523736743309197,-0.006437739127997388,0.053908345079043185,-0.027713655372861967,-0.029605212907225398,0.002247292997760164
2025-01-21,-0.004201678413554566,-0.00943389085038504,-0.004319709997149479,-0.012787807107646265,0.045130731917933264,0.010169426033756368,0.0015455884236530437
2025-01-22,0.008438724036062162,0.0,0.04121482970447077,-0.01295331441872316,0.034090825298310756,0.0234899248040199,0.01048593633813999
2025-01-23,0.004184098551866189,0.009523736743309197,-0.018749914281814384,-0.01574806419588748,-0.008791096476805538,-0.016393476660472195,-0.003373905423533663
2025-01-24,-0.012499905597889605,0.028301980269008098,0.008492566411439029,0.07733341304756536,0.013303736272330946,0.006666694811915841,-0.009206442714113638
2025-01-30,-0.004219496978592918,0.00917424164438252,-0.027368550266934077,-0.009901054507842177,0.013129161598447014,0.009933781546414222,-0.012918978449494967
2025-01-31,-0.004237286221293157,0.0,0.01082253725898119,-0.002500016425863505,-0.0064795551814655905,0.029508216463073778,0.005049534797369359
2025-02-03,-0.004255317218309629,0.0045455386516084495,0.0021413551735152137,0.002506282172462404,-0.023912985095154715,-0.028662439008452778,-0.011131736630998867
2025-02-04,-0.004273502326341383,0.013574674524605479,0.0,0.014999964466499316,-0.011135922247350383,0.009836072154358,0.00617361595809407
2025-02-05,-0.008583595540970768,-0.004464367883577625,0.0,0.029556713371363452,-0.018018067813790783,-0.022727264939147007,-0.006959955113898242
2025-02-06,-0.017316100035982718,-0.03587434212381624,-0.017094013277282882,-0.014354032604720679,0.0045871450226442345,0.0,-0.021168432168264695
2025-02-07,0.0,0.037209197608994105,0.0,0.009708670876616976,0.03881278820678058,0.016611329930283025,-0.019338122637879485
2025-02-10,-0.013215852823525553,-0.017937200315801594,0.002173827363874059,0.014423107296345439,-0.008791096476805538,0.016339833436705087,-0.014005638145425547
2025-02-11,0.0,0.004566175224740121,-0.015184351293930476,-0.023696646925127407,-0.004434578757443575,-0.00964630857992721,-0.017471325657463455
2025-02-12,0.0,0.018181917383948365,0.01321591429052793,-0.004854400529897607,-0.006681497764218558,0.012987067281375442,0.017420050179719482
2025-02-13,0.0,-0.01785723854796384,-0.01521735945227587,0.01463411124389169,0.006726440461120697,0.0,-0.0048466803663304026
2025-02-14,0.031250080321120643,0.018181917383948365,0.008830019783608645,-0.04807691687829685,0.02672599105687401,-0.006410350522659258,0.0037636437345782703
2025-02-17,0.004328909620638255,0.004464251390404295,0.004376309325806682,-0.002525269113613504,-0.0021691921124092906,0.00967749425751796,0.02898607222179228
2025-02-18,0.008620685693413677,0.035555515350739864,0.013071835906672824,0.010126581075313945,0.002173907735923075,0.003194867709695348,0.006246977228730355
2025-02-19,0.012820598106248804,-0.004291812808779882,-0.0021504530625613416,-0.012531343649939686,0.010846050790910056,0.019108225446391902,-0.01144764889832306
2025-02-20,0.004219407004885101,0.012931048057468919,-0.006465600236734148,0.01015235129275438,-0.008583758794637242,-0.003124980210371664,-0.001004606963693977
2025-02-21,-0.008403446422776462,-0.004255397585917198,0.01084601378194816,-0.012562828799417836,-0.0043289938056008115,-0.0344827380844851,0.0022037259628353567
2025-02-24,0.0,-0.029914526102056582,-0.002145950415539666,0.00508902362355923,0.03260870646386027,0.025973997491737455,-0.007849462689733855
2025-02-25,-0.025423717327759277,-0.03083700035405712,-0.034408484958120766,0.0,-0.04631585104885916,-0.00949361063885057,-0.024077594863643248
2025-02-26,0.013043472214431917,-0.009090840080731577,0.004454283636363687,-0.022784824392707237,-0.07284760002640811,-0.012779605720157239,0.002898293106318839
2025-02-27,-0.017167374118598366,-0.018348602988176088,-0.017738355605617206,-0.018134626291011813,-0.009523884980507047,-0.016181195284987737,-0.018275313865239062
2025-02-28,-0.05676862563830476,-0.04672903976858345,-0.05417606105312345,-0.015831237622890182,0.004807680770476885,-0.06250001735932209,-0.03312817652620448
2025-03-03,0.03240749333138515,0.019607885775282385,0.05489268297488259,0.08311003792229399,0.011961793431133794,0.0315788943524411,0.039718870226347125
2025-03-04,-0.008968509955188497,0.0,-0.03619914342845176,0.0,0.0,-0.0034013390533287335,-0.021359605040644825
2025-03-05,0.031674093320141594,0.014423092001705662,0.12441320700694813,0.04455441338263366,-0.016548521009368544,0.013651934670074084,0.023665918449450984
2025-03-06,0.02192981430643548,-0.01421802413157347,-0.08350739091637027,0.009478607930741623,-0.004807680770476774,-0.01683505129506868,0.013235792694619386
2025-03-07,-0.004291843529649619,0.033653902246345124,-0.01822317132155382,-0.004694740808771303,0.019323725374002843,-0.006849271495909304,0.002743011672906581
2025-03-10,-0.008620685693413677,-0.013953623572215301,0.04872385431642168,0.028301881422222896,0.004739324814271528,0.041379263659191645,-0.005694407163577497
2025-03-11,0.013043472214431917,0.0,-0.046460137352535846,-0.027522930701127546,-0.016509393471801248,-0.03642381907209169,-0.00793575851885775
2025-03-12,-0.008583595540970768,0.004717006968763204,0.011600894604220535,0.0,0.04796161084124462,0.027491378523043286,0.018209219954705036
2025-03-13,-0.017316100035982718,0.03286384516397134,0.004587154863915588,0.0,0.006864971568949052,-0.023411363681771324,-0.0026448328397074006
2025-03-14,0.01762123103534785,0.027272757464680053,-0.03196346269404482,-0.014150972335798762,-0.02272731140077966,-0.017123251030651043,-0.019825164115232163
2025-03-17,0.01298691348328651,0.0,0.018867919878313044,-0.01913875291113576,0.018604606170354865,0.013937266597323417,-0.006704505361655899
2025-03-18,-0.038461520937072224,-0.02654870117649122,0.004629628509789319,-0.029268287896894285,-0.011415498011725145,-0.027491451062341632,-0.03840553736012253
2025-03-19,0.0,-0.11818181063383004,0.036866290377948197,-0.0025125792361325727,-0.009237757039583405,0.017667881686125098,0.014183909158833163
2025-03-20,-0.004444442338393029,-0.03608246902676826,0.0,0.005037748834137767,-0.011655079232645416,-0.024305547157179697,0.011092750582534228
2025-03-21,-0.008928662374178997,0.005347622685362596,-0.004444385617880409,-0.007518779305014656,-0.0023584847816858767,-0.007117392275691969,-0.019351447948027456
2025-03-24,-0.013513412268430613,0.010638286059541757,-0.0178571386920221,0.0,-0.014184362292720687,-0.025089671360365662,-0.015493552149058676
2025-03-25,-0.009132415645259684,0.0,0.0,-0.012626210124955128,-0.004796151109183522,0.0,0.01207575676163608
2025-03-26,0.0460829266667695,0.052631589789946975,0.01818181386386164,0.02813296987415015,0.016867427613801222,0.018382313567349762,0.03796524628387132
2025-03-27,-0.013215852823525553,0.0700000528413065,-0.02008931018436988,0.0,-0.0355450346745847,0.025270826900315013,0.005911936922239569
2025-04-08,-0.06696425384082505,-0.1028038021351374,-0.09339408775066793,-0.05721390412859706,-0.046683034378838584,0.014084491339315885,-0.07902135558263801
2025-04-09,0.009569271081122155,0.005208361647648596,0.01758796905385962,-0.007915618811445091,-0.012886566163493263,-0.07291671476645567,-0.004695401885603689
2025-04-10,0.03317534203936101,0.04663217374051065,0.03209879043689101,0.04787229793477765,0.04438642070800114,0.05992510991866262,0.047928404469844255
2025-04-11,0.004587251983991125,-0.00990104317814633,-0.014354063397316486,-0.012690302985297386,-0.007500085270782608,-0.024734974688669253,0.0013114993698197797
2025-04-14,0.031963454758408893,0.02500000489271348,0.04854367700837181,0.0539845846966831,0.0403022746560775,0.03260871809787669,0.016973359691147882
2025-04-15,-0.004424776673606967,0.014634161864647277,-0.016203730019953122,-0.024390272618634135,0.01452780992001479,0.02456139519253986,0.011488705234328656
2025-04-16,0.0,-0.028846121276315695,0.002352971403959847,0.025000030169953336,-0.021479662427134616,0.013698687573574064,-0.006462426910547436
2025-04-17,0.013333327015179197,-0.004950521589073165,-0.0046948345291438764,-0.019512191931262857,0.034146359774345436,-0.013513569408246662,0.005971018769601155
2025-04-21,-0.013157888583861244,0.004975151182410542,-0.018867919878313155,-0.052238813935616135,-0.0047169695633717534,0.006849271495909415,0.001195624764183556
2025-04-22,0.008888884676786057,0.004950456998798591,-0.026442332448897488,-0.06539508366851987,-0.007109085788954861,-0.02040810611907884,0.01431892520001754
2025-04-23,0.013215852823525553,0.004926070697637064,0.034567893430524466,0.002915435646790865,0.021479761700424316,0.02083327378121358,0.014699744271423842
2025-04-24,0.008695648142954537,0.0,0.02147967774279791,0.005813996274440569,0.028037412242471138,-0.013605356213315156,-0.003150096222887311
2025-04-25,0.008620685693413677,0.004901987433080901,0.03271039645734164,0.028901721588812324,0.0,0.031034429547035725,0.009894492950335287
2025-04-28,0.017094100432589965,-0.014634098219593272,0.009049652874805636,0.058988724706199314,0.0,-0.0066889207099634085,0.006595499567274565
2025-04-29,0.01260503524066392,0.024752414174542325,-0.004484245571574674,-0.021220109896254113,0.022727216865540356,0.010100945488412894,0.003883609659462328
2025-04-30,-0.012448126171590634,-0.024154531213747776,0.06531532936199125,-0.013550129620071183,0.008888959960719145,0.06666666666666665,0.0026255043912990494
2025-05-02,0.008403267231442024,-0.034653457352688766,0.002114191994259551,-0.03846153573200484,-0.030837019742564142,-0.03749996042074333,0.007231644989795338
2025-05-05,0.008333329631289743,0.01025633133822157,-0.018987474322780584,-0.002857200637157553,0.01818177349243233,-0.012986998745868727,0.0023801071954487885
2025-05-06,-0.012396688753217644,-0.005076103470015192,0.03225814425529938,0.011461328443798102,0.006696505253196872,-0.00986842744817129,0.009696295797592791
2025-05-07,0.00836828632453046,-0.03061227682320311,0.010416691611112139,0.016997145786198153,-0.017738407259273115,0.02990028166754133,0.004063137254152416
2025-05-08,0.01438106831551611,0.0,0.0,-0.022284071050790666,0.029345394715530437,0.0032258541169543076,-0.014217715460846492
2025-05-09,-0.01265831949057239,-0.010526304224056426,-0.010309302783293117,0.014245008164406991,-0.017543907658708502,0.025723444296877895,0.0007401007149134831
2025-05-14,0.017094083540979188,0.021276572119083514,0.0291667147414163,-0.00842699177059636,-0.0022321374686943285,-0.012539171469611476,0.02152508353651572
2025-05-15,0.0,0.005208361647648596,-0.0060728464472753485,0.039660055620689194,-0.011185655263697414,0.028571447717856024,0.008636430857275723
2025-05-16,0.0,0.0051813075696616195,0.004073265358675915,-0.02179838468542583,0.0022624379031799258,0.04320986126086801,0.009426594767048657
2025-05-19,0.016806700061817947,0.005154734509247971,-0.0141987530811849,0.002785571843101353,-0.011286748056771545,-0.02662717422041827,0.004863831075159641
2025-05-20,-0.008264494579092285,0.005128165669110674,-0.008230450462866745,0.0,-0.018264796818760254,-0.042553239268753096,-0.006510037570032656
2025-05-21,0.008333365634201728,0.00510200175884723,0.014522790541986241,-0.019444479126707326,0.006976727313882991,0.012698398870437444,0.006745816943105387
2025-05-22,-0.004132204577655396,0.010152273169656612,-0.002045015994717625,-0.028328600703443674,-0.0023093672122498354,-0.009404395145262257,0.003432993158214215
2025-05-23,0.0041493505429632815,0.0,0.0,-0.03790088934682445,0.002314712733943347,-0.00632907375923375,0.006583264165082259
2025-05-26,-0.012396699156747681,0.0,-0.010245819147341573,-0.01818179540953635,0.018475802269750652,0.0,-0.0035776926978627888
2025-05-27,-0.008368146550598143,0.0,0.002070311629550181,0.03395058726240863,0.009070272541109148,0.003184693036746955,0.0014765231327504846
2025-05-28,0.012658145038639379,-0.030150721151576576,0.0,-0.041791044085569884,-0.02022476342205204,0.0,-0.003215454366145787
2025-06-02,0.0,-0.0051813751719209655,0.01033060326927604,-0.018691565470011162,-0.009174194642746603,-0.025396797740874777,-0.0154337786880131
2025-06-03,-0.00833327949855267,-0.010416655340940606,0.0016729812144873346,0.0031745854714351207,-0.016203759424703423,0.019543986483680387,-0.002865799435092131
2025-06-04,0.0042016533005861945,0.01578949067091706,0.03131520668057752,-0.018987317972157358,0.018823483354457382,0.05111822055856541,0.0034373235827096504
2025-06-05,-0.012552306321944151,0.0,-0.016194315234360213,0.0,-0.011547316378889172,-0.00911861084985155,0.006279171353285484
2025-06-10,0.01694913027231193,0.01554405791350355,-0.006172833016645729,0.03225805107580304,-0.004672885842784691,0.006134995146239497,0.016492802794891404
2025-06-11,0.008333365634201728,0.013655463373579924,0.01863352066149271,0.015624993693284406,0.004694824220418781,0.03658539018355955,-0.0011463635304053144
2025-06-12,-0.004132204577655396,0.005181357698412992,0.010162591072330862,-0.018461515227747527,-0.0023364429213923454,-0.03235292054230343,-0.00250412565518654
2025-06-13,-0.0082987868641613,-0.010309299229895985,-0.014084492562885464,-0.009404417146237853,-0.007025744014046209,0.012158040864973518,-0.005316936131566141
2025-06-16,-0.004184073275299127,0.0,-0.02040814198527885,-0.018987317972157358,-0.0023584847816858767,-0.012011998496384568,-0.006764398800471638
2025-06-17,0.02100844022187731,0.0,0.012499986694441523,0.006451576883152121,0.004728120764240229,-0.0030395583369161594,0.005375587250612712
2025-06-18,-0.01646096766608396,-0.01041668798330031,-0.014403277038840034,-0.00641022085049725,0.002352935419307256,-0.009146347545889943,-0.0067165989375091995
2025-06-19,-0.020920539368589286,-0.021052608406807893,-0.01670144356297465,-0.01612902553790152,-0.018779394523707582,-0.00923071047548174,-0.01957710071587393
2025-06-20,-0.00854695342623324,-0.005376355076706418,-0.012738948162711594,-0.01639343568064866,-0.002392239273284691,0.0,-0.008825392612396565
2025-06-23,-0.012931039475758244,0.005405416515229744,-0.05161285218562506,-0.03666671976640712,-0.04556353528665291,-0.015527981663284396,-0.01737304853115962
2025-06-24,0.017467225650145135,0.005376355076706307,0.0408162839705577,0.006920466257956059,0.027638121630685797,0.0,0.012086204213606733
2025-06-25,0.008583724115609481,0.0,0.004357294109671672,-0.02061853016130366,0.0,0.015772903012031936,-0.005390436863300763
2025-06-26,0.0,0.0,0.00867678093289359,0.04912280288310278,-0.007334945421916261,0.0,0.009551444591136882
2025-06-30,-0.012765962313140977,0.0053476044563394165,0.010752787416840048,0.013377851294734233,0.03448277628482477,0.009316710331132239,0.004389958144185746
2025-07-01,-0.008620722685785398,-0.005319159694254338,-0.008510737755262898,-0.052805243668569646,0.011904732429489417,0.00923077542605455,-0.0017782774841665905
2025-07-02,0.0,0.0053476044563394165,-0.0021459206292244737,0.017421595574268922,0.012048211637933237,0.006944453829769159,-0.004933184500620191
2025-07-03,0.008695685781470175,-0.005319159694254338,0.02365600046324645,0.02739728451145318,0.02380946394351091,0.015674008038552678,-0.0004642090033272206
2025-07-04,-0.004310316789972846,0.010695141134830166,-0.037815192799015795,-0.013333344814358328,-0.009302283844294101,0.0,-0.0018695539081805546
2025-07-07,0.00432897604811644,0.010582032580734202,0.034934574299265275,0.01689188481584014,-0.01408449092767794,0.0,0.0052060066090025
2025-07-08,-0.008620722685785398,0.005235612864455286,-0.0063291071017806955,0.03654481827959244,0.0,-0.009259237118501074,0.0005013758826879489
2025-07-09,0.013043483731867145,-0.005208343991650155,0.03184709921068918,0.035256463065306276,0.002380917382360348,0.018691543671971678,0.005725310011637008
2025-07-10,0.004291817696097766,0.0,0.0,0.009287873699697302,-0.007125882715694476,-0.003058096730078619,0.008849353413844296
2025-07-11,0.012820606827862457,0.005235612864455286,0.01646088804438861,-0.027607367310688802,-0.011961741317505603,0.012269972030720222,0.0060049487697777515
2025-07-14,0.0,-0.01041668798330031,-0.02226718344724532,0.00946375144593703,0.0072639144219006635,0.01212118291505826,0.007054037326424734
2025-07-15,-0.008438850585059443,-0.005263168778620542,-0.0020703911846102763,-0.015624993693284517,0.0,-0.0029940048483491077,0.006104314664672428
2025-07-16,0.012765962313141088,0.005291016290367212,-0.010373432987262454,0.028571433257561285,-0.00480762189674544,-0.006005991664862043,0.007218560621938819
2025-07-17,0.06722688710674474,-0.015789439628187463,0.05345906223469221,0.04320987457458414,0.0,-0.00604228155753328,0.013209495417045192
2025-07-18,-0.0039369822399966115,-0.016042813369017916,-0.014925357958462393,-0.005917126750492274,0.0048308467815121325,0.0,0.0034162167203983795
2025-07-21,0.007905086665802141,0.0,0.0,0.02380946706338727,0.009615439066516851,0.009118518995458347,0.011799488233634081
2025-07-22,-0.015686253845196618,0.0,-0.0020201999349721556,-0.00872088177078667,-0.01428569770743382,-0.009036122936813662,-0.007225556656216825
2025-07-23,0.00796815800618389,0.0,0.017206459936507823,-0.020527895670816143,0.009661791671204067,0.015197531659097097,0.01695011819889336
2025-07-24,0.03162051008260924,0.01086958767921442,-0.014925357958462393,-0.008982063252646277,-0.00956933475239452,0.0,0.008256791551641163
2025-07-25,-0.011494257425585741,-0.005376355076706418,0.0080807997398884,-0.02719033774922719,0.019323583342408357,0.0059880096966982155,0.0016732490292115099
2025-07-28,0.007751967798889758,0.0,-0.00400801192819733,0.024844743418196646,-0.030805621517735915,-0.002976183433092583,0.009447220659023703
2025-07-29,0.0,-0.005405416515229744,-0.01207242219675897,0.02121215987755809,-0.022004864480947295,-0.008955202624970293,0.00041224632567593567
2025-07-30,0.06538466614858063,0.0,-0.004073315516913811,-0.029673577766739623,-0.0075000926570435444,0.009036122936813662,-0.008928835826666148
2025-07-31,-0.01805064686061897,0.005434793839607321,0.008179950553343973,-0.021406765757390533,-0.012594376487768955,0.017910466110068413,-0.008682415942754762
2025-08-01,0.0,-0.02702701406556529,-0.03245432741983989,0.053125026992742574,0.010204035111968768,-0.005865088612487024,0.007139062946692976
2025-08-04,-0.007352893675193539,-0.02777776408623389,0.00628930143937545,0.008902027337785334,-0.03535352965533267,-0.0117994417859002,-0.00970088841030936
2025-08-05,0.0222222307294464,0.0,-0.020833311157402612,-0.02941175353273895,0.0026177626359147332,-0.005970135083313566,0.006770588411138423
2025-08-06,-0.007246404492236014,0.005714224876889329,-0.017021366801284965,-0.01818179540953635,-0.002610927846552924,-0.01501504038780821,-0.0015215937471392271
2025-08-07,-0.0036496113559626453,0.0,-0.019480500091072273,-0.012345689839787122,-0.005235631598500268,0.0,-0.0018080152632017343
2025-08-08,0.01465207068196328,0.0,-0.006622509833777435,-0.0062499651869302175,-0.015789456244868827,-0.006097546572920942,0.005767770900648284
2025-08-11,0.03610106983076644,0.01136366009551204,-0.008888879805627248,-0.0031447176955438083,0.02139038652738945,-0.009202432117803916,0.009629142984107553
2025-08-12,-0.01742163265347285,0.005617989128875234,0.0,-0.006309113304005076,0.0,-0.0030959678061766027,0.024424639662721903
2025-08-13,0.01418437792655003,-0.005586603650300503,0.004484300309275158,-0.00634917094287013,-0.007853394234415001,-0.00310558258989424,0.012990027507622681
2025-08-14,-0.003496480750526554,-0.02247188531068056,-0.006696421698021204,-0.01916938655536604,0.02638526555823928,0.015576286393309768,0.004857503537650798
2025-08-15,-0.017543890190292677,0.011494203475161502,-0.0022471886891043402,0.009772016846030018,0.017994802513145336,-0.012269909490405295,-0.004145118677955195
2025-08-19,0.057142855033412765,-0.005681758033788231,0.018017999357190506,-0.01290323709632546,-0.012626282569971892,-0.015527976266683008,-0.004485198695934334
2025-08-20,0.0,0.005714224876889329,-0.0022123871297667907,0.026143814023599665,-0.012787744242206522,0.006309133251176213,0.01028570505957771
2025-08-21,-0.006756712870991222,0.01136366009551204,0.004434585278930481,0.04777068020082065,-0.010362647957969817,-0.006269577650351521,-0.006685740214152691
2025-08-22,0.013605423521921178,0.0,-0.0022075032779258486,0.0,0.0026177626359147332,-0.00946369987676432,-0.004038134714307695
2025-08-25,0.003355682815862737,0.011235978257750467,-0.008849548519067274,-0.018237058917288773,-0.007832889588718417,-0.01910829927896751,0.008659809392114637
2025-08-26,-0.03344487524942752,-0.005555566899977604,-0.01116070283003534,-0.006191995775978065,-0.01315791583282,0.012987048233844112,-0.0026681768841858577
2025-08-27,-0.003460113804925613,0.011173207300601007,-0.01128666999984429,0.03738321141449985,-0.0053332553490959,-0.02564102899213372,0.0038476955393091927
2025-08-28,0.031249939435876062,-0.005524873097868532,0.0,-0.009009036264912229,-0.002681034628261081,0.0,0.0020050096940384954
2025-08-29,-0.01683497746273821,-0.016666700699932813,-0.025114187210449224,-0.006060572376605955,-0.034946162008146486,-0.019736861519179527,-0.015290918339302073
2025-09-01,-0.020547952963991256,-0.005649729246362423,0.0070258138066308096,-0.01219513251618709,0.025069608574101787,-0.0067113933249632884,-0.012058914312972902
2025-09-02,0.01748247603429265,0.005681830047756131,0.0069767367251472034,0.05864196694198265,0.0,0.01351348093567517,0.008469297400448328
2025-09-03,0.003436474941381551,-0.005649729246362423,0.023094663695464757,-0.02040812484038379,0.010869516030000304,0.0266666711973651,0.010802655159589891
2025-09-04,0.006849341253470476,0.01136366009551204,0.020316005999719833,0.04761901100863697,-0.005376265425918403,-0.022727284762775968,-0.0023478278691341226
2025-09-08,-0.0068027469183655764,0.0,0.0022123871297667907,-0.03977272560483558,0.013513424506676142,-0.013289005040341806,-0.012774192979798316
2025-09-09,0.017123246939045877,-0.016853896181805328,-0.01103751638962902,0.056213009837446704,-0.015999982670169444,-0.010101054478832028,-0.01779925661869075
2025-09-10,-0.020202028638937053,-0.005714297302361171,0.002232140566007068,-0.008403386883150565,0.0,0.010204126920767553,0.009228667056296214
2025-09-11,0.003436474941381551,0.011494203475161502,0.042316215014001735,0.06497175594745097,0.008130072351821171,0.0067339905545924506,0.006351202208381368
2025-09-12,0.006849341253470476,0.005681830047756131,0.004273609248332866,0.026525257281558634,-0.005376265425918403,0.010033420870516396,0.013701158749508169
2025-09-15,0.02040810012547678,-0.005649729246362423,0.010638286307527611,-0.0206718522183843,-0.0027027727214147257,0.013245069326774717,0.01057518084266107
2025-09-16,0.03333339305404892,0.01136366009551204,0.012631565360218922,0.029023720804978392,0.008130072351821171,0.0,0.002592582886307593
2025-09-17,0.019354845593358316,0.005617989128875234,0.010394999353100953,0.020512838855287097,0.021505389258431373,0.016339830088154095,0.0084802686766281
2025-09-18,0.012658210458114327,0.005586603650300503,0.01646088804438861,0.05527639789125294,-0.007894728122434413,-0.01607713247520448,-0.002086694058075378
2025-09-19,-0.018750006863934132,-0.011111133799955208,0.027327906957982817,-0.02380957506409953,0.029177722262180517,0.02287582875133154,0.005330013753202412
2025-09-22,-0.009554209527927737,0.0,-0.0640393443943299,-0.04146337375732423,-0.00773195012928285,0.0031948804789141416,-0.0013760947655635514
2025-09-23,0.022508092873618324,-0.011235978257750467,0.008421043573479281,-0.0025445150454451726,0.007792199023530122,-0.009554182104678288,0.010592250698408856
2025-09-24,-0.003144698653306577,-0.005681758033788231,-0.02296459156577957,-0.02295918686754095,-0.015463900258565588,0.012861771536893718,0.00016700307660655334
2025-09-25,0.034700352281219704,0.017142819481611893,0.029914609695399497,0.04960834716676943,0.026178051665830537,-0.01587304258461586,-0.010569427461356473
2025-09-26,0.0060975844182380445,-0.011235978257750467,0.004149373194904937,0.01990045051670708,0.020408173838188937,-0.012903195256060651,0.007296407506715452
2025-09-29,-0.009090912507860316,0.005681830047756131,-0.008264454085556872,-0.04634145849712168,-0.03500009392631809,-0.009803964680808352,0.0029523553793793234
2025-09-30,0.0,-0.01129938688561638,-0.029166742064831053,0.0025575966308328812,-0.018134660232658417,-0.04620457893471486,-0.00765495864912169
2025-10-01,-0.021406714875654265,0.0,0.004291841258448947,0.0459183078363421,-0.015831116467621142,-0.017301067111132884,-0.0021387050924477347
2025-10-02,-0.006250023821888884,0.0,0.0,0.024390297687731266,0.018766697936874133,-0.010563355256569373,0.003388846508326271
2025-10-03,0.018908886949338122,0.022857116783973064,0.0341881097699106,0.0,0.005263187710385697,0.017793551702188548,0.005850483503083703
2025-10-06,-0.05015674781211499,-0.022346343794174772,-0.016528908171113743,-0.009523817724541583,-0.005235631598500268,-0.0069929905421114436,0.0026598252886393947
2025-10-07,-0.023102280525178043,0.0,-0.0021008380811143867,0.014423058413426837,-0.03157891248973754,0.017605663883517586,0.0036102090020919686
2025-10-08,-0.0033784132225540553,0.034285711388695406,-0.0042105217867396405,0.009478681399080147,0.0,0.003460199312785628,-0.0003980709220129386
2025-10-09,0.057627163079759125,0.02762429546471501,0.02748411407490914,0.014084489106710452,-0.010869516030000304,-0.013793140782091928,0.010397914330083191
2025-10-10,0.0,-0.010752710153412726,-0.02674894307213138,-0.027777742896190283,-0.027472569163468297,0.006993061829325464,0.0008388013626763335
2025-10-13,0.0,-0.03260869415471901,-0.0063424878634406046,0.02857139166813405,-0.005649749277388372,0.0,-0.0037124907521811634
2025-10-14,0.009615353253335845,-0.016853896181805328,-0.008510737755262898,0.03240740657689334,-0.03693179621864617,-0.020833353981046687,-0.019530354655472593
2025-10-15,-0.0031745713814971266,-0.005714297302361171,-0.004291841258448947,0.06726454749848854,0.023598773229223324,-0.021276617280367782,-0.0019025756107493574
2025-10-16,0.025477710309175228,0.017241341633597695,0.047413856229705065,-0.00840331482777723,0.06628250440551708,0.0253623327581316,0.009139291225817026
2025-10-17,-0.018633542728218266,-0.01129938688561638,0.02263372106103434,0.004237264481333769,0.01621619722809098,0.007067121007661159,-0.025736287059552665
2025-10-20,0.0,0.017142819481611893,-0.006036211098379485,0.016877652307609736,-0.002659643419173019,0.017543889770109677,0.021896134804549217
2025-10-21,0.015822754644669867,-0.011235978257750467,-0.010121447021475105,-0.008298708931321785,-0.010666619009632727,0.0034482676195382034,0.01843322562222527
2025-10-22,0.012461061165236709,0.0,0.05828214769257656,0.06276147778513597,-0.040431221107066984,-0.013745671723439767,-0.010382360981142535
2025-10-23,0.0,-0.005681758033788231,0.009661924940662647,0.0393700619232924,-0.008426956357148851,0.027874568172760794,0.014939901220794027
2025-10-24,-0.015384586481350548,0.0,-0.014354149332007071,-0.011363670833398176,-0.0028329345294229036,-0.010169536038459603,-0.00031783551770014906
2025-10-27,-0.00312503219863125,0.005714224876889329,-0.004854364116000709,0.015325684528932015,0.005681850307054814,0.020547966247848493,-0.018686653972028955
2025-10-28,-0.009404358313963135,0.005681830047756131,-0.009756087834698834,0.011320789294935851,-0.00847456654773826,0.006711393324963177,-0.003021007373409157
2025-10-29,0.0,-0.005649729246362423,-0.0049261034149484795,0.011193967269696792,-0.008546998656637328,-0.009999976213833528,0.009094104733619046
2025-10-30,-0.009493704312663054,0.0,-0.05148509642478094,-0.10332103391381675,0.011494200553088696,-0.0033669952772962253,0.0021845890445155725
2025-10-31,-0.0031948561859543867,0.01136366009551204,-0.025052272011151344,0.03292184132265663,-0.011363585225504513,0.0,-0.002466863031676647
2025-11-03,0.0,0.03370786356843092,0.02141336455388565,-0.023904352537921225,-0.022988517821082133,-0.027027030750208514,0.01362208318659941
2025-11-04,-0.009615418486397243,-0.00543479383960721,-0.008385735252500748,-0.008163325126040566,-0.00294119298433404,-0.017361140116232243,-0.004008763128584225
2025-11-05,-0.003236213554394962,-0.0109289151972779,0.01691330096917487,0.004115309894677566,0.02654870225468109,0.007067121007661159,0.009295809326308024
2025-11-06,0.012987014703383037,-0.005524873097868532,-0.010394999353100953,-0.008196781188830271,-0.014367838227539398,-0.01403505458621257,0.002227708272116269
2025-11-07,0.0,-0.005555566899977604,-0.02941184047455836,-0.049586715106156865,0.0029154090856557957,0.014234841361750794,0.0069007831304768175
2025-11-10,-0.009615418486397243,0.0,0.010822500050595707,0.008695603341577263,0.005813986438715224,-0.00350876364655317,-0.0003990200161468893
2025-11-11,0.009708772395973675,0.011173207300601007,0.006424085951484582,0.01724139466843444,-0.011560641393085436,-0.0070422368377128786,-0.002946594930772095
2025-11-12,0.012820514493155466,-0.011049746195737065,0.008510629046021956,0.06355929559678475,-0.0029240523106200955,0.017730526450036255,0.0026357161541117335
2025-11-13,-0.01582281905199634,0.0,0.004219404734520538,-0.027888394141315054,-0.0058650762672527446,-0.003484383180564321,-0.001974995727536455
2025-11-14,-0.009646271107598747,0.005586603650300503,0.0105041904055716,-0.008196781188830271,-0.005899678330614111,-0.0069929905421114436,-0.0001867506862008872
2025-11-17,0.006493507351691408,-0.005555566899977604,-0.04158010363557296,-0.03719008970215354,-0.0059347513613855485,0.0,0.005548849734568595
2025-11-18,-0.006451613750373175,0.0,0.019522867930567678,0.008583754272447397,-0.005970122290481328,-0.014084473675425757,-0.006529265321612909
2025-11-19,0.012987014703383037,0.005586603650300503,0.010638286307527611,0.04255317277877335,0.009008998569935311,0.0035714199896850207,0.005339842562059438
2025-11-20,0.009615353253335845,0.0,-0.0042105217867396405,-0.008163325126040566,-0.008928561175077565,0.007117420680875508,0.0015868341555016485
2025-11-21,-0.009523778756287515,0.005555566899977604,0.002114162621146942,0.012345717072444806,0.0030029588658671003,0.007067121007661159,-0.0006609839138157492
2025-11-24,0.0,-0.005524873097868532,-0.002109702367260269,-0.020325195141552066,0.0,0.045614070479878865,0.01852814712957862
2025-11-25,0.0,0.0,-0.004228325242293662,-0.01244817058497738,0.026946138550312693,-0.026845641716437996,-0.005643839862168654
2025-11-26,-0.012820514493155466,-0.005555566899977604,0.010615699736896467,0.03781513380321355,0.0029154090856557957,0.024137943640706316,0.009416357929549424
2025-11-27,-0.016233801419350824,0.0,-0.01890765006898676,-0.02429146791303194,-0.0058138683666524305,-0.0067339905545924506,-0.006540781086079583
2025-11-28,0.0,-0.005586603650300503,-0.008565302058514912,0.012448170584977492,-0.011695971717415432,-0.003389891421050062,-0.004348205672379479
2025-12-01,0.009901025346990222,0.0,0.017278710902691508,0.07786883900830621,-0.005917133098813476,0.0,0.004710708184344714
2025-12-02,0.0,-0.011235978257750467,0.008492559789517129,0.04562731741814452,-0.03571430514195839,-0.02040811514668439,0.007984158938829866
2025-12-03,0.01307189716371604,0.0,0.006315782680109461,-0.014545467867239648,0.0030864371642611577,-0.020833353981046687,-0.0006099377006776319
2025-12-04,0.01612900154897301,0.0,-0.002092047973015876,-0.0295202273166838,0.009230758655984328,-0.0035460908303316385,0.0032988715729598272
2025-12-05,0.012698414749580778,0.0,0.0,0.003802260081229303,-0.01829266216237213,0.010676131021313262,-0.0008605761520039668
2025-12-08,-0.003134764837448789,-0.011363588081544251,0.00628930143937545,-0.015151528494648736,0.0031055444248320185,-0.017605592094282252,0.009027769057891488
2025-12-09,-0.015723304454025255,-0.005747138158436305,-0.027083410949090836,0.046153887424395856,-0.009287915379761036,-0.017921176812324968,-0.006143780679104038
2025-12-10,0.0,0.0,-0.012847953087772312,-0.033088239833206856,0.0031250176508506033,0.007299252692722913,0.0050530454144641634
2025-12-11,-0.051118219172479384,0.0,-0.030368733265127568,-0.015209138546613543,0.0,-0.04710141180503025,-0.009245269169289472
2025-12-12,-0.0033669696800039395,0.0057803586783662375,0.006711402491777818,0.01930501121810302,0.006230501411085498,0.03041825537194609,0.0046421511813310445
2025-12-15,0.013513515371869511,0.005747138158436194,0.019999979562661307,0.003787857661250671,0.027863809013569663,0.0,-0.0012513036527309618
2025-12-16,-0.020000002713695397,-0.005714297302361171,-0.006535941164507508,0.0,0.0060240691170496685,0.0,0.004255269183880195
2025-12-17,0.0034013264016876654,0.005747138158436194,-0.006578940734070171,0.04528305969933921,-0.0029939681028086085,0.0,-0.0010503719866027383
2025-12-18,0.010169527775593101,-0.011428594604722453,0.01103751638962902,-0.02527080323644293,-0.009009059556102428,0.014760112067071729,-0.006816533850664719
2025-12-19,-0.010067149617932425,-0.0057803586783661265,0.013100423528151772,0.0,0.021212179768924866,-0.018181775046573923,-0.0010030558529419142
2025-12-22,0.0033898655892836693,0.011627930968417077,-0.019396532501480768,-0.018518511431465767,-0.008902127042078267,0.014814779016705693,0.004215431173138384
2025-12-23,0.010135102149315456,0.0,-0.004395599953241125,0.015094353233113145,-0.011976054821963733,-0.007299252692723024,-0.00706252914153116
2025-12-24,-0.023411341186804324,-0.005747138158436305,0.01324501966755487,-0.01486990168454494,0.0,0.0,-0.005459788322291326
2025-12-29,0.003424623161111251,0.0057803586783662375,-0.010893235274179291,-0.007547127876354254,0.006060640374146997,-0.0036764617698347157,0.012455590706935471
2025-12-30,0.006825939751931687,0.005747138158436194,-0.006607922822486567,-0.003802260081229303,-0.012048199403960846,0.0,0.00031033523661738727
2026-01-02,0.0,0.005714224876889329,0.006651877918395943,0.1068702199758853,-0.015243926412533915,-0.01476018730006834,0.011702796272840876
2026-01-05,0.013559324372618864,0.005681830047756131,0.006607922822486456,-0.01724137163130035,0.003095992751349197,0.02621724276406101,0.01269523281030871
2026-01-06,0.023411409256088422,0.0,0.002188181605657036,-0.03859654624793918,0.0,0.021897832487448587,0.008400085892432463
2026-01-07,0.006535948581858131,0.011299458492724845,-0.006550211764075886,-0.06934305709137845,-0.006172811648293197,-0.039285765516122506,0.0012541517198920715
2026-01-08,0.029220750042489696,-0.005586603650300503,-0.010988999883102868,-0.003921546777748919,-0.0031056074943774936,-0.014869853538097,-0.002162456879417629
2026-01-09,-0.00315454253675862,0.0,-0.002222219951406812,0.01968503096164631,-0.003115282338555181,-0.0037735759055547158,0.0012641577682899197
2026-01-12,-0.025316458957333032,-0.011235978257750467,-0.0022271692112632024,0.0038609822958937112,-0.012500007139669922,0.0,-0.005822164350258285
2026-01-13,0.003246720635723621,0.005681830047756131,0.008928562264028272,0.053846152317615026,0.009493724577553264,0.015151478877845959,0.007156112867549691
2026-01-14,0.006472492975184485,0.016949187739087268,0.006637161389300372,-0.04744527439896751,-0.0031348138003618464,0.0037313344838434404,0.009418685587852638
2026-01-15,-0.0032154018882608604,-0.005555566899977604,0.004395599953241236,0.03448276544650741,0.012578623180307336,0.0037175391768784483,0.004740865482023349
2026-01-19,-0.006451613750373175,0.0,-0.030634542479199056,0.02962965656043015,0.006211151919209401,0.01111108426252927,0.006442333848691417
2026-01-20,-0.006493507351691519,-0.005586603650300503,-0.002257333999968858,0.053956812471763316,0.0030864371642611577,-0.018315049227281888,9.055834619720038e-05
2026-01-21,-0.02614379432743219,0.005617989128875234,0.006787323255459832,0.0,-0.0030769403811167217,0.0,-0.013615128524012254
2026-01-22,0.020134230938162467,0.005586603650300503,0.01123594344552159,-0.017064839796494313,0.027777809117892405,0.007462745042847496,-0.0020140728230986227
2026-01-23,0.009868388899147096,0.0,-0.031111079319695478,0.006944495521054694,-0.006006039704068322,0.01111108426252927,-0.004578738368124613
2026-01-26,-0.009771955442534952,0.0,0.0068807266879875595,-0.020689717219093517,0.015105764092905982,-0.0036629949090882796,0.0027174832099294832
2026-01-27,0.016447337148485452,-0.005555566899977604,-0.006833705825933234,0.014084519853356126,-0.020833329555730362,-0.014705922035744057,0.0005455489883188225
2026-01-28,-0.042071171405501206,-0.03351955109477578,0.0,-0.04513890695256817,-0.054711244887253874,0.022388082978220814,-0.07345856066646395
2026-01-29,-0.013513515371869511,0.0,-0.0114678778133126,-0.054545434050400576,-0.01286174326337608,-0.01094887903908448,-0.01061858638168911
2026-01-30,0.01369863204660482,0.01734100277233619,0.027842197672917512,0.06538464901247054,0.03583062190917152,0.0036900280167679878,0.011831986994672139
2026-02-02,-0.016891928594423566,-0.017045418129300383,0.002257333999968969,-0.03610106754569875,0.05345910061915049,0.03308823088491741,-0.048846904226816146
2026-02-03,0.02405502199422216,0.0057803586783662375,0.02027024927683918,0.04494376152234514,0.02388061040606959,0.024911044938730642,0.025226933998070855
2026-02-04,0.0067114103127208224,0.017241341633597695,-0.017660026223406455,-0.0681003504583012,-0.03206997360737707,-0.020833353981046687,0.0029694478757811282
2026-02-05,0.0033332998644237666,0.016949187739087268,0.01573032082373027,-0.0038461324466095848,0.0,-0.007092181660663388,-0.005258301189680736
2026-02-06,0.003322293506313745,-0.011111133799955208,-0.006637161389300483,-0.034749040140312326,-0.027108463951377337,-0.021428592752903763,-0.02080721375228778
2026-02-09,-0.013245034897830354,0.0,0.008908676845053032,0.01999999173366196,0.0,-0.0036496263463614564,0.012175311289874369
2026-02-10,0.016778491632950976,0.0,-0.017660026223406455,0.011764741636410836,0.006191985502698394,0.010988984727264839,0.012433433248559611
2026-02-11,-0.0033002970018770617,0.0,0.00674156606731291,0.0,0.006153818274867495,-0.028985512599281393,0.019581057751447473
2026-02-12,-0.006622517448915177,-0.005617989128875234,-0.015624983962049477,-0.01162794190414529,0.0030581212586284767,0.011194079526690714,-0.0030894178516266413
2026-02-13,0.0033332998644237666,0.0,-0.024943284648674124,0.003921546777748919,0.0,-0.01476018730006834,-0.006421998837390697
2026-02-18,0.00996681290194501,0.005649729246362423,-0.006976796136012431,0.0,0.0,0.011236004818932388,0.011927890877861724
2026-02-19,0.006578948249338357,0.0,0.0,-0.03124992747276989,-0.009146331081186121,-0.0037037702658130334,-0.004349521344653495
2026-02-20,-0.00980395612885765,-0.005617989128875234,0.01405156778498684,-0.04032266632723569,-0.012307699037100939,-0.011152390153572722,-0.0002797232840363595
2026-02-23,0.01650168652142403,0.005649729246362423,0.023094663695464757,0.016806738194662607,0.015576348426751041,0.0,0.015028885082905674
2026-02-24,-0.0032467867159677866,-0.011235978257750467,-0.015801337999782006,0.0,-0.024539890294805633,-0.007518779127355324,-0.013726524229818904
2026-02-25,-0.013029318120374334,0.005681830047756131,-0.00458715112532504,-0.004132208468001108,0.009433951419512088,-0.003787869719461434,0.0049989545464139695
2026-02-26,-0.016501619350744345,-0.01129938688561638,0.01612901516871923,-0.02489623398196006,-0.015576348426751152,0.02281363338786968,-0.010449940987767858
2026-02-27,0.0067114103127208224,0.0114285221792505,-0.036281199236125494,0.012765885878808447,-0.006329085451297511,-0.04089217302212078,2.7155519780386328e-05
2026-03-02,-0.013333335142463598,-0.005649729246362423,-0.07294116204423162,-0.00420165741388856,-0.03184711892770131,-0.007751919606866053,-0.026550025216002027
2026-03-03,-0.0067567576859347556,0.01136366009551204,0.015228410597537989,0.025316423962876478,0.013157901768834357,0.0,-0.009613012756240269
2026-03-04,-0.030612214522880765,-0.028089874439555795,-0.08249997956266142,-0.06172837275063581,-0.029220811118555345,-0.042968726978721006,-0.04568183435304496
2026-03-05,0.028070107032427183,0.0,0.0027247927952536166,0.021929816113626766,0.0,0.01632649121158747,0.01761541741636896
2026-03-06,0.003413004607563108,-0.0057803586783661265,-0.016304330848294635,0.008583754272447397,-0.0033445004596897032,0.008032109441585167,-0.01619214016938575
2026-03-09,-0.006802722030298303,0.011627930968417077,-0.03038677873610729,-0.07659575497167459,-0.04362413523210007,-0.03585657046901747,-0.03273505362271556
2026-03-10,-0.0034246928621911588,-0.005747138158436305,-0.002848999945995301,0.07373266348695173,0.01754388715202637,-0.008264443314390912,0.014111862621059235
2026-03-11,0.0,-0.023121361450702316,0.037142892178294806,-0.02145921937870976,0.0,0.004166656755763887,-0.00692309660942092
2026-03-12,-0.0034363917474002914,0.005917096748259132,0.013774090142594675,0.0,0.044827557229403014,0.004149367764535672,-0.0036920104808613186
2026-03-13,0.0,-0.005882290665291223,-0.021739107797726143,-0.013157821688419946,-0.042904263884725014,-0.024793329943172737,-0.03054899395235955
2026-03-16,-0.0034483114369697754,-0.03550295547350568,0.10277773933949796,-0.026666746268437347,-0.024137926204900517,0.012711833657643057,-0.016102061912798837
2026-03-17,-0.00346017300935475,0.02453984915529417,0.0,0.022831041610539282,0.003533516922166191,0.0,0.01204034642488061
2026-03-25,0.020833336277881198,0.05389217421292747,0.04282117895129178,0.02678579665914449,0.021126808403527875,0.008368180848794982,0.027478071504353885
2026-03-26,0.0,-0.011363588081544251,-0.026570082143659524,0.0826086810024731,0.003448225151455153,0.008298735529071566,-0.018902764233209246
2026-03-27,0.006802722030298192,-0.0344827561089065,0.017369772820976515,-0.008032187260772372,-0.024054979220534456,-0.0164608666789946,-0.009356901397200024
2026-03-30,0.020270273057804378,0.0,-0.021951258569272936,-0.012145681664395447,0.01760566175153455,-0.004184090424397491,-0.0007590761823387249
2026-03-31,0.0,-0.01190478615436208,0.022443931104253467,-0.036885250674472014,0.01730099478102387,0.06722690083447458,-0.006126589983020847
2026-04-01,0.016556259925739614,0.0,0.012195109033508844,0.046808468071709575,0.006802759620722076,0.03543306580987249,0.019326266548682858
2026-04-02,0.013029318120374223,0.006024108804266515,0.024096360325537303,-0.00813003605286966,-0.003378397385047305,0.007604544462623153,-0.021944063262277047
2026-04-06,0.006430869219337776,-0.011976072445075925,-0.02352938772077806,0.0,0.006779699288442131,-0.0075471518111094316,-0.00531629472894235
2026-04-07,-0.012779554793119874,0.0,0.019277088260429842,0.008196675318724589,-0.01346802060515595,0.0,-0.0026323944708888103
2026-04-08,0.009708772395973675,0.006060618630316705,0.06146571832745518,0.05284554937178654,0.027303768932898542,0.01140681669393473,0.04420900038055109
2026-04-09,0.0,0.0,-0.020044522901369266,-0.019305011218102908,-0.009966833222480487,-0.007518779127355324,0.0038987591747150496
2026-04-10,0.0032050960067582235,0.0,0.0,0.01968503096164631,-0.010067102888255741,0.015151478877845959,0.020650754894012024
2026-04-13,0.01597447600372548,-0.006024108804266404,-0.02045452407768089,0.0077219645917872,-0.020338960181296772,0.007462745042847496,0.005589721767594202
2026-04-14,0.01572324045177642,0.012121237260633189,0.004640366278819474,0.022988576280577266,0.0,0.01111108426252927,0.02343463701393378
2026-04-15,0.0,-0.011976072445075925,0.01616626458682524,0.014981189340642409,-0.0034602270647083877,0.0,-0.006821986383507506
2026-04-16,0.009287958665461726,0.012121237260633189,0.015909074282640656,-0.01476006599725721,0.010416654914123802,0.021978044136370167,-0.00028911611682080895
2026-04-17,0.024539880364743194,-0.005988036222537962,0.013422804983555858,0.02247188076117257,0.003436445542446931,0.0,0.0016561393437843908
2026-04-20,0.00598802468187154,-0.012048217608532918,-0.01103751638962902,-0.014652027476490193,-0.017123314585857252,-0.007168514570396689,-0.005225706836957333
2026-04-21,0.0,0.00609757369907693,0.004464281132014136,-0.01486990168454494,-0.0034842695208429086,0.010830373004390825,-0.004573406652037315
2026-04-22,-0.011904763346989422,-0.018181779076052007,-0.024444419465475042,-0.018867917171290216,-0.00699304622140684,0.0035714199896850207,-0.0023504661336902766
2026-04-23,0.0,-0.02469140825116578,-0.022779019419777446,0.030769258282930423,-0.003521075143562147,-0.007117420680875397,-0.021614193801435366
2026-04-24,0.016949152542372836,-0.02531642827989311,-0.034965057035773794,-0.01865670850536394,-0.03533574331051925,-0.010752735317706041,-0.03376189541858676
2026-04-27,0.030864197530864113,0.0,-0.016908256530306476,-0.0380227972556858,0.01098899872696868,0.0,-0.0032218593600140677
2026-04-28,-0.03293413173652693,-0.012987039708336034,0.004914062747150005,-0.07114625393789509,-0.01811589750706366,-0.010869539523449268,-0.004802340610271183
2026-04-29,-0.003095975232198178,0.01315792216598477,0.004889970357740303,0.03829787748583735,-0.0073801152797358105,0.0036629949090882796,0.004076977634824175
2026-04-30,0.006211180124223503,-0.02597399711499704,-0.024330936690808325,0.01639345650755475,0.007434986335998595,-0.014598505385446048,-0.020337597126266482
2026-05-04,0.021604938271605034,0.01333327587579225,0.019950168060160145,0.0604838432470709,0.0036900576398679608,0.029629633545047884,0.0021775696638051123
2026-05-05,-0.009063444108761365,0.0,0.0,-0.015209138546613543,-0.011029473526553257,0.0,0.012213626584193449
2026-05-06,0.03353658536585358,0.006578961082992496,-0.012224988355651889,0.011583046626315818,0.011152479503998114,0.014388454385969585,0.005010671521591403
2026-05-07,-0.014749262536873142,0.01307192249659983,0.044554473601939426,-0.007633643482040986,0.055146994316711107,0.010638272490995027,0.01154097808992427
2026-05-08,-0.0359281437125748,0.0,-0.04028437926881423,-0.019230761588074907,-0.01742155988708538,-0.02105258187931891,-0.02856365227844071
2026-05-11,0.01863354037267073,0.006451626092047746,-0.00493826662098118,0.049792531120331995,0.0070921664043859245,-0.007168514570396689,-0.009150847353485925
2026-05-12,-0.015243902439024404,-0.006410269430532578,-0.01240693530694803,-0.035573122529644285,-0.02112673689509681,0.007220273204062266,-0.006765676450977254
2026-05-13,-0.05882352941176472,-0.01290325218409527,0.04522614839356365,0.040983606557376984,-0.017985639627842054,-0.02150539755963443,-0.019766890142218774
2026-05-14,0.0,0.0,0.0,0.0,0.0,0.0,0.0
2026-05-15,0.0,0.0,0.0,0.0,0.0,0.0,0.0
2026-05-18,-0.052631578947368474,-0.03267972340190406,0.009615374577167213,-0.003937007874015741,-0.0036629499825072687,-0.014652054318193608,-0.018455107459976916
2026-05-19,-0.0625,-0.01351354128807436,-0.03333335969101181,-0.007905138339920903,-0.011029473526553257,-0.011152390153572722,-0.03463444685127404
2026-05-20,0.0,-0.006849329338853405,0.027093631705058074,0.05179282868525892,0.0037174931679992973,-0.007518779127355324,-0.008190523739627142
2026-05-21,-0.033333333333333326,-0.02068961116597068,0.02398079037239631,-0.022727272727272707,-0.011111098575065315,0.02272729554458075,-0.03538167002156367
2026-05-22,0.011494252873563315,0.014084535956410571,0.01873540377055738,-0.003875968992248069,0.02247188447368509,-0.0037037702658130334,0.011009787430164897
2026-05-25,-0.011363636363636354,0.02777774599383731,0.011494240722946136,0.023346303501945442,0.04029304492536734,0.033457322045426396,0.007189853332855822
2026-05-26,0.00766283524904221,-0.01351354128807436,0.018181799180160718,-0.02281368821292773,-0.03169010534264516,-0.017985641321101697,-0.012271172343279124
2026-05-27,0.0,0.0,0.0,0.0,0.0,0.0,0.0
2026-05-28,0.0,0.0,0.0,0.0,0.0,0.0,0.0
2026-05-29,-0.01520912547528519,0.01369865867770681,-0.04687500890997254,-0.046692607003890996,0.03272723486302809,0.014651979636353119,-0.0004582373561178299
2026-06-02,0.054054054054053946,-0.0067567706440371245,-0.04918033767676633,-0.024489795918367308,-0.04225347379019351,-0.05054147080800642,0.011105217710335236
2026-06-03,-0.02564102564102566,-0.006802735165301277,-0.005154639175257714,-0.05020920502092052,-0.04044117894106214,-0.04942969404995712,-0.04105622579154833
2026-06-04,-0.05639097744360899,-0.03424655988290881,-0.11398963730569944,-0.052863436123347984,0.015325678547388089,0.0,-0.017047574141944244
2026-06-05,0.015936254980079667,0.02356406480117812,-0.011695906432748537,-0.09999999999999998,-0.026415165480452085,-0.0320000058717852,-0.04195702632467879
2026-06-08,-0.07450980392156858,-0.07913669064748197,-0.06804733727810652,-0.08010335917312661,-0.06976744369103971,-0.020661108285977225,-0.04515434044397848
2026-06-09,0.021186440677966045,0.015625,0.04761904761904767,0.06460674157303381,0.05416671990568789,0.04641347633822779,0.07572076989244825
2026-06-10,0.024896265560165887,0.03846153846153855,-0.018181818181818188,-0.02638522427440637,-0.011857693867097896,0.008064496902441043,0.027098932929225494
2026-06-11,-0.020242914979757054,0.007407407407407307,0.006172839506172867,0.008130081300812941,0.0,-0.003999990539901632,-0.0027690120156524944
2026-06-12,0.02066115702479343,0.022058823529411686,0.012269938650306678,0.024193548387096753,0.016000008448291636,0.03212851964643204,0.02066307666604117
2026-06-15,-0.012145748987854255,0.043165467625899234,0.03333333333333344,0.002624671916010568,0.039370059223752474,0.035019451240051236,0.041165817151114004
2026-06-17,0.016393442622950838,-0.03448275862068961,-0.017595307917888547,0.007853403141361293,0.0037879000590097522,0.015037634901863717,-0.005471746276591194
2026-06-18,0.0,-0.0357142857142857,-0.0029850746268657025,0.007792207792207684,0.0,0.007407389508352846,-0.007780487337752162
2026-06-19,-0.0040322580645161255,0.007407407407407307,-0.005988023952095856,-0.005154639175257714,0.011320741414224456,-0.011029460265909341,0.0007775521970181387
2026-06-22,-0.0080971659919028,-0.014705882352941124,-0.04518072289156627,-0.012953367875647714,-0.018656745258634255,0.0,-0.009785957088341068
2026-06-23,0.004081632653061273,-0.014925373134328401,-0.006309148264984188,-0.002624671916010457,0.003802302802017765,0.0037175391768784483,-0.0025106607889003874
2026-06-24,-0.008130081300813052,-0.007575757575757569,-0.00952380952380949,-0.010526315789473717,-0.015151523310305115,0.0,-0.035640104901512815
2026-06-25,-0.008196721311475419,0.007633587786259444,0.028846153846153744,0.06914893617021267,0.0346153449599409,-0.0037037702658130334,0.0195716448573251
2026-06-26,-0.02892561983471076,-0.015151515151515138,-0.015576323987538943,-0.02238805970149249,-0.018587314848214742,0.0,-0.01715346617255531
2026-06-29,0.017021276595744705,-0.01538461538461533,-0.01898734177215189,0.007633587786259444,0.0075757231922857216,-0.018587316922621278,-0.012778500742260057
2026-06-30,-0.004184100418409997,0.015625,0.09677419354838701,-0.017676767676767624,0.022556442067021898,0.011363609158384413,-0.030510667832790217
2026-07-01,0.004201680672268893,-0.03076923076923077,-0.0676470588235294,0.03856041131105403,0.0,-0.011235928458846578,0.009200882458222592
2026-07-02,0.0,0.0,-0.018927444794952675,-0.03712871287128716,-0.007352982351035542,0.026515165264042295,0.008681111951903686
2026-07-03,0.008368200836819994,0.015873015873015817,-0.009646302250803873,0.04370179948586128,0.029629646344357496,0.022140168100607482,0.02284312823001322
2026-07-06,0.0,0.0,-0.0032467532467532756,-0.014778325123152691,-0.003597142535923803,-0.00361009980032867,0.006856968868078184
2026-07-07,0.008298755186721962,0.0,0.03583061889250816,0.04499999999999993,0.009759759759759845,0.009833585476550777,0.011904397376352849
2026-07-08,0.012345679012345734,-0.015625,-0.037735849056603765,-0.038277511961722466,-0.014869888475836479,-0.014981273408239737,-0.01889669345383893
2026-07-09,0.008130081300812941,-0.015873015873015928,0.0032679738562091387,-0.01990049751243783,0.007547169811320753,0.0076045627376426506,0.006652026085020468
2026-07-10,0.016129032258064502,0.024193548387096753,0.016286644951140072,0.015228426395939021,-0.0037453183520599342,0.02264150943396226,0.0020157439113310804
2026-07-13,0.0,0.0,0.0,0.02499999999999991,-0.003759398496240629,-0.0036900369003689537,0.019155138481222744
2026-07-14,0.0,-0.007874015748031482,-0.0064102564102563875,-0.014634146341463428,0.0037735849056603765,0.0037037037037037646,0.00027811249039677577
2026-07-15,0.0,-0.007936507936507908,-0.009677419354838679,0.004950495049504955,-0.007518796992481258,-0.0036900369003689537,0.00040585534458537076
2026-07-16,0.01984126984126977,0.02400000000000002,0.013029315960912058,0.0,0.015151515151515138,0.0,0.010962780788266624
2026-07-17,0.0038910505836575737,0.0078125,0.003215434083601254,0.019704433497536922,0.02238805970149249,-0.007407407407407418,0.0110222443349961
2026-07-20,0.011627906976744207,0.023255813953488413,-0.0032051282051281937,0.004830917874396157,0.007299270072992803,0.014925373134328401,0.0
